SNO,FILENAME,TIME_TAKEN,DB_SIZE,AVG_TIME_TAKEN_PER_FILE,AVG_SPACE_TAKEN_PER_FILE
1,011549 Ramco Publicis_Ramco Pte Ltd_Master Services Agreement _18th Nov_RS (2)_copy_1.pdf,1.3304,0.0273,1.3304,0.0273
2,011549 Ramco Publicis_Ramco Pte Ltd_Master Services Agreement _18th Nov_RS (2)_copy_10.pdf,1.0663,0.0312,1.1984,0.0156
3,011549 Ramco Publicis_Ramco Pte Ltd_Master Services Agreement _18th Nov_RS (2)_copy_100.pdf,1.063,0.0352,1.1532,0.0117
4,011549 Ramco Publicis_Ramco Pte Ltd_Master Services Agreement _18th Nov_RS (2)_copy_1000.pdf,1.0645,0.0391,1.131,0.0098
5,011549 Ramco Publicis_Ramco Pte Ltd_Master Services Agreement _18th Nov_RS (2)_copy_101.pdf,0.9129,0.043,1.0874,0.0086
6,011549 Ramco Publicis_Ramco Pte Ltd_Master Services Agreement _18th Nov_RS (2)_copy_102.pdf,0.8657,0.0469,1.0505,0.0078
7,011549 Ramco Publicis_Ramco Pte Ltd_Master Services Agreement _18th Nov_RS (2)_copy_103.pdf,0.9059,0.0508,1.0298,0.0073
8,011549 Ramco Publicis_Ramco Pte Ltd_Master Services Agreement _18th Nov_RS (2)_copy_104.pdf,0.8636,0.0547,1.009,0.0068
9,011549 Ramco Publicis_Ramco Pte Ltd_Master Services Agreement _18th Nov_RS (2)_copy_105.pdf,0.9149,0.0664,0.9986,0.0074
10,011549 Ramco Publicis_Ramco Pte Ltd_Master Services Agreement _18th Nov_RS (2)_copy_106.pdf,0.878,0.0703,0.9865,0.007
11,011549 Ramco Publicis_Ramco Pte Ltd_Master Services Agreement _18th Nov_RS (2)_copy_107.pdf,0.9274,0.0742,0.9811,0.0067
12,011549 Ramco Publicis_Ramco Pte Ltd_Master Services Agreement _18th Nov_RS (2)_copy_108.pdf,0.8761,0.0781,0.9724,0.0065
13,011549 Ramco Publicis_Ramco Pte Ltd_Master Services Agreement _18th Nov_RS (2)_copy_109.pdf,0.8876,0.082,0.9659,0.0063
14,011549 Ramco Publicis_Ramco Pte Ltd_Master Services Agreement _18th Nov_RS (2)_copy_11.pdf,0.8484,0.0859,0.9575,0.0061
15,011549 Ramco Publicis_Ramco Pte Ltd_Master Services Agreement _18th Nov_RS (2)_copy_110.pdf,0.785,0.0898,0.946,0.006
16,011549 Ramco Publicis_Ramco Pte Ltd_Master Services Agreement _18th Nov_RS (2)_copy_111.pdf,0.7776,0.0938,0.9355,0.0059
17,011549 Ramco Publicis_Ramco Pte Ltd_Master Services Agreement _18th Nov_RS (2)_copy_112.pdf,0.7543,0.1016,0.9248,0.006
18,011549 Ramco Publicis_Ramco Pte Ltd_Master Services Agreement _18th Nov_RS (2)_copy_113.pdf,0.7933,0.1055,0.9175,0.0059
19,011549 Ramco Publicis_Ramco Pte Ltd_Master Services Agreement _18th Nov_RS (2)_copy_114.pdf,0.7549,0.1094,0.9089,0.0058
20,011549 Ramco Publicis_Ramco Pte Ltd_Master Services Agreement _18th Nov_RS (2)_copy_115.pdf,0.7544,0.1133,0.9012,0.0057
21,011549 Ramco Publicis_Ramco Pte Ltd_Master Services Agreement _18th Nov_RS (2)_copy_116.pdf,0.7506,0.1172,0.894,0.0056
22,011549 Ramco Publicis_Ramco Pte Ltd_Master Services Agreement _18th Nov_RS (2)_copy_117.pdf,0.7677,0.1211,0.8883,0.0055
23,011549 Ramco Publicis_Ramco Pte Ltd_Master Services Agreement _18th Nov_RS (2)_copy_118.pdf,0.7672,0.125,0.883,0.0054
24,011549 Ramco Publicis_Ramco Pte Ltd_Master Services Agreement _18th Nov_RS (2)_copy_119.pdf,0.7778,0.1289,0.8786,0.0054
25,011549 Ramco Publicis_Ramco Pte Ltd_Master Services Agreement _18th Nov_RS (2)_copy_12.pdf,0.7649,0.1367,0.8741,0.0055
26,011549 Ramco Publicis_Ramco Pte Ltd_Master Services Agreement _18th Nov_RS (2)_copy_120.pdf,0.7833,0.1406,0.8706,0.0054
27,011549 Ramco Publicis_Ramco Pte Ltd_Master Services Agreement _18th Nov_RS (2)_copy_121.pdf,0.7662,0.1445,0.8667,0.0054
28,011549 Ramco Publicis_Ramco Pte Ltd_Master Services Agreement _18th Nov_RS (2)_copy_122.pdf,0.7233,0.1484,0.8616,0.0053
29,011549 Ramco Publicis_Ramco Pte Ltd_Master Services Agreement _18th Nov_RS (2)_copy_123.pdf,0.7838,0.1523,0.8589,0.0053
30,011549 Ramco Publicis_Ramco Pte Ltd_Master Services Agreement _18th Nov_RS (2)_copy_124.pdf,0.7667,0.1562,0.8559,0.0052
31,011549 Ramco Publicis_Ramco Pte Ltd_Master Services Agreement _18th Nov_RS (2)_copy_125.pdf,0.7679,0.1602,0.853,0.0052
32,011549 Ramco Publicis_Ramco Pte Ltd_Master Services Agreement _18th Nov_RS (2)_copy_126.pdf,0.7761,0.1641,0.8506,0.0051
33,011549 Ramco Publicis_Ramco Pte Ltd_Master Services Agreement _18th Nov_RS (2)_copy_127.pdf,0.8051,0.1719,0.8492,0.0052
34,011549 Ramco Publicis_Ramco Pte Ltd_Master Services Agreement _18th Nov_RS (2)_copy_128.pdf,0.7589,0.1758,0.8466,0.0052
35,011549 Ramco Publicis_Ramco Pte Ltd_Master Services Agreement _18th Nov_RS (2)_copy_129.pdf,0.7312,0.1797,0.8433,0.0051
36,011549 Ramco Publicis_Ramco Pte Ltd_Master Services Agreement _18th Nov_RS (2)_copy_13.pdf,0.7886,0.1836,0.8418,0.0051
37,011549 Ramco Publicis_Ramco Pte Ltd_Master Services Agreement _18th Nov_RS (2)_copy_130.pdf,0.8151,0.1875,0.841,0.0051
38,011549 Ramco Publicis_Ramco Pte Ltd_Master Services Agreement _18th Nov_RS (2)_copy_131.pdf,0.797,0.1914,0.8399,0.005
39,011549 Ramco Publicis_Ramco Pte Ltd_Master Services Agreement _18th Nov_RS (2)_copy_132.pdf,0.7674,0.1953,0.838,0.005
40,011549 Ramco Publicis_Ramco Pte Ltd_Master Services Agreement _18th Nov_RS (2)_copy_133.pdf,0.794,0.1992,0.8369,0.005
41,011549 Ramco Publicis_Ramco Pte Ltd_Master Services Agreement _18th Nov_RS (2)_copy_134.pdf,0.7682,0.207,0.8353,0.005
42,011549 Ramco Publicis_Ramco Pte Ltd_Master Services Agreement _18th Nov_RS (2)_copy_135.pdf,0.7756,0.2188,0.8338,0.0052
43,011549 Ramco Publicis_Ramco Pte Ltd_Master Services Agreement _18th Nov_RS (2)_copy_136.pdf,0.7953,0.2227,0.8329,0.0052
44,011549 Ramco Publicis_Ramco Pte Ltd_Master Services Agreement _18th Nov_RS (2)_copy_137.pdf,0.8152,0.2266,0.8325,0.0051
45,011549 Ramco Publicis_Ramco Pte Ltd_Master Services Agreement _18th Nov_RS (2)_copy_138.pdf,0.7593,0.2305,0.8309,0.0051
46,011549 Ramco Publicis_Ramco Pte Ltd_Master Services Agreement _18th Nov_RS (2)_copy_139.pdf,0.762,0.2344,0.8294,0.0051
47,011549 Ramco Publicis_Ramco Pte Ltd_Master Services Agreement _18th Nov_RS (2)_copy_14.pdf,0.8036,0.2383,0.8289,0.0051
48,011549 Ramco Publicis_Ramco Pte Ltd_Master Services Agreement _18th Nov_RS (2)_copy_140.pdf,0.7848,0.2422,0.8279,0.005
49,011549 Ramco Publicis_Ramco Pte Ltd_Master Services Agreement _18th Nov_RS (2)_copy_141.pdf,0.7944,0.25,0.8273,0.0051
50,011549 Ramco Publicis_Ramco Pte Ltd_Master Services Agreement _18th Nov_RS (2)_copy_142.pdf,0.8359,0.2539,0.8274,0.0051
51,011549 Ramco Publicis_Ramco Pte Ltd_Master Services Agreement _18th Nov_RS (2)_copy_143.pdf,0.7264,0.2578,0.8254,0.0051
52,011549 Ramco Publicis_Ramco Pte Ltd_Master Services Agreement _18th Nov_RS (2)_copy_144.pdf,0.805,0.2617,0.8251,0.005
53,011549 Ramco Publicis_Ramco Pte Ltd_Master Services Agreement _18th Nov_RS (2)_copy_145.pdf,0.7654,0.2656,0.8239,0.005
54,011549 Ramco Publicis_Ramco Pte Ltd_Master Services Agreement _18th Nov_RS (2)_copy_146.pdf,0.7815,0.2695,0.8231,0.005
55,011549 Ramco Publicis_Ramco Pte Ltd_Master Services Agreement _18th Nov_RS (2)_copy_147.pdf,0.7848,0.2734,0.8224,0.005
56,011549 Ramco Publicis_Ramco Pte Ltd_Master Services Agreement _18th Nov_RS (2)_copy_148.pdf,0.7881,0.2773,0.8218,0.005
57,011549 Ramco Publicis_Ramco Pte Ltd_Master Services Agreement _18th Nov_RS (2)_copy_149.pdf,0.7784,0.2852,0.8211,0.005
58,011549 Ramco Publicis_Ramco Pte Ltd_Master Services Agreement _18th Nov_RS (2)_copy_15.pdf,0.7857,0.2891,0.8205,0.005
59,011549 Ramco Publicis_Ramco Pte Ltd_Master Services Agreement _18th Nov_RS (2)_copy_150.pdf,0.7516,0.293,0.8193,0.005
60,011549 Ramco Publicis_Ramco Pte Ltd_Master Services Agreement _18th Nov_RS (2)_copy_151.pdf,0.7767,0.2969,0.8186,0.0049
61,011549 Ramco Publicis_Ramco Pte Ltd_Master Services Agreement _18th Nov_RS (2)_copy_152.pdf,0.8286,0.3008,0.8187,0.0049
62,011549 Ramco Publicis_Ramco Pte Ltd_Master Services Agreement _18th Nov_RS (2)_copy_153.pdf,0.8059,0.3047,0.8185,0.0049
63,011549 Ramco Publicis_Ramco Pte Ltd_Master Services Agreement _18th Nov_RS (2)_copy_154.pdf,0.7964,0.3086,0.8182,0.0049
64,011549 Ramco Publicis_Ramco Pte Ltd_Master Services Agreement _18th Nov_RS (2)_copy_155.pdf,0.7809,0.3125,0.8176,0.0049
65,011549 Ramco Publicis_Ramco Pte Ltd_Master Services Agreement _18th Nov_RS (2)_copy_156.pdf,0.7749,0.3203,0.8169,0.0049
66,011549 Ramco Publicis_Ramco Pte Ltd_Master Services Agreement _18th Nov_RS (2)_copy_157.pdf,0.7993,0.3242,0.8167,0.0049
67,011549 Ramco Publicis_Ramco Pte Ltd_Master Services Agreement _18th Nov_RS (2)_copy_158.pdf,0.7737,0.3281,0.816,0.0049
68,011549 Ramco Publicis_Ramco Pte Ltd_Master Services Agreement _18th Nov_RS (2)_copy_159.pdf,0.8044,0.332,0.8159,0.0049
69,011549 Ramco Publicis_Ramco Pte Ltd_Master Services Agreement _18th Nov_RS (2)_copy_16.pdf,0.801,0.3359,0.8157,0.0049
70,011549 Ramco Publicis_Ramco Pte Ltd_Master Services Agreement _18th Nov_RS (2)_copy_160.pdf,0.7777,0.3398,0.8151,0.0049
71,011549 Ramco Publicis_Ramco Pte Ltd_Master Services Agreement _18th Nov_RS (2)_copy_161.pdf,0.7987,0.3438,0.8149,0.0048
72,011549 Ramco Publicis_Ramco Pte Ltd_Master Services Agreement _18th Nov_RS (2)_copy_162.pdf,0.7905,0.3477,0.8145,0.0048
73,011549 Ramco Publicis_Ramco Pte Ltd_Master Services Agreement _18th Nov_RS (2)_copy_163.pdf,0.8129,0.3555,0.8145,0.0049
74,011549 Ramco Publicis_Ramco Pte Ltd_Master Services Agreement _18th Nov_RS (2)_copy_164.pdf,0.7658,0.3594,0.8139,0.0049
75,011549 Ramco Publicis_Ramco Pte Ltd_Master Services Agreement _18th Nov_RS (2)_copy_165.pdf,0.7657,0.3633,0.8132,0.0048
76,011549 Ramco Publicis_Ramco Pte Ltd_Master Services Agreement _18th Nov_RS (2)_copy_166.pdf,0.7878,0.3672,0.8129,0.0048
77,011549 Ramco Publicis_Ramco Pte Ltd_Master Services Agreement _18th Nov_RS (2)_copy_167.pdf,0.771,0.3711,0.8123,0.0048
78,011549 Ramco Publicis_Ramco Pte Ltd_Master Services Agreement _18th Nov_RS (2)_copy_168.pdf,0.747,0.375,0.8115,0.0048
79,011549 Ramco Publicis_Ramco Pte Ltd_Master Services Agreement _18th Nov_RS (2)_copy_169.pdf,0.7779,0.3789,0.8111,0.0048
80,011549 Ramco Publicis_Ramco Pte Ltd_Master Services Agreement _18th Nov_RS (2)_copy_17.pdf,0.8048,0.3828,0.811,0.0048
81,011549 Ramco Publicis_Ramco Pte Ltd_Master Services Agreement _18th Nov_RS (2)_copy_170.pdf,0.7915,0.3906,0.8108,0.0048
82,011549 Ramco Publicis_Ramco Pte Ltd_Master Services Agreement _18th Nov_RS (2)_copy_171.pdf,0.8182,0.3945,0.8108,0.0048
83,011549 Ramco Publicis_Ramco Pte Ltd_Master Services Agreement _18th Nov_RS (2)_copy_172.pdf,0.7878,0.3984,0.8106,0.0048
84,011549 Ramco Publicis_Ramco Pte Ltd_Master Services Agreement _18th Nov_RS (2)_copy_173.pdf,0.8122,0.4062,0.8106,0.0048
85,011549 Ramco Publicis_Ramco Pte Ltd_Master Services Agreement _18th Nov_RS (2)_copy_174.pdf,0.7952,0.4102,0.8104,0.0048
86,011549 Ramco Publicis_Ramco Pte Ltd_Master Services Agreement _18th Nov_RS (2)_copy_175.pdf,0.7766,0.4141,0.81,0.0048
87,011549 Ramco Publicis_Ramco Pte Ltd_Master Services Agreement _18th Nov_RS (2)_copy_176.pdf,0.8037,0.418,0.8099,0.0048
88,011549 Ramco Publicis_Ramco Pte Ltd_Master Services Agreement _18th Nov_RS (2)_copy_177.pdf,0.782,0.4219,0.8096,0.0048
89,011549 Ramco Publicis_Ramco Pte Ltd_Master Services Agreement _18th Nov_RS (2)_copy_178.pdf,0.7815,0.4297,0.8093,0.0048
90,011549 Ramco Publicis_Ramco Pte Ltd_Master Services Agreement _18th Nov_RS (2)_copy_179.pdf,0.792,0.4336,0.8091,0.0048
91,011549 Ramco Publicis_Ramco Pte Ltd_Master Services Agreement _18th Nov_RS (2)_copy_18.pdf,0.7566,0.4375,0.8085,0.0048
92,011549 Ramco Publicis_Ramco Pte Ltd_Master Services Agreement _18th Nov_RS (2)_copy_180.pdf,0.7918,0.4414,0.8084,0.0048
93,011549 Ramco Publicis_Ramco Pte Ltd_Master Services Agreement _18th Nov_RS (2)_copy_181.pdf,0.8021,0.4453,0.8083,0.0048
94,011549 Ramco Publicis_Ramco Pte Ltd_Master Services Agreement _18th Nov_RS (2)_copy_182.pdf,0.7966,0.4492,0.8082,0.0048
95,011549 Ramco Publicis_Ramco Pte Ltd_Master Services Agreement _18th Nov_RS (2)_copy_183.pdf,0.7757,0.4531,0.8078,0.0048
96,011549 Ramco Publicis_Ramco Pte Ltd_Master Services Agreement _18th Nov_RS (2)_copy_184.pdf,0.7509,0.457,0.8072,0.0048
97,011549 Ramco Publicis_Ramco Pte Ltd_Master Services Agreement _18th Nov_RS (2)_copy_185.pdf,0.7907,0.4648,0.8071,0.0048
98,011549 Ramco Publicis_Ramco Pte Ltd_Master Services Agreement _18th Nov_RS (2)_copy_186.pdf,0.7663,0.4688,0.8066,0.0048
99,011549 Ramco Publicis_Ramco Pte Ltd_Master Services Agreement _18th Nov_RS (2)_copy_187.pdf,0.7896,0.4727,0.8065,0.0048
100,011549 Ramco Publicis_Ramco Pte Ltd_Master Services Agreement _18th Nov_RS (2)_copy_188.pdf,0.7691,0.4766,0.8061,0.0048
101,011549 Ramco Publicis_Ramco Pte Ltd_Master Services Agreement _18th Nov_RS (2)_copy_189.pdf,0.7678,0.4805,0.8057,0.0048
102,011549 Ramco Publicis_Ramco Pte Ltd_Master Services Agreement _18th Nov_RS (2)_copy_19.pdf,0.7796,0.4844,0.8055,0.0047
103,011549 Ramco Publicis_Ramco Pte Ltd_Master Services Agreement _18th Nov_RS (2)_copy_190.pdf,0.8072,0.4883,0.8055,0.0047
104,011549 Ramco Publicis_Ramco Pte Ltd_Master Services Agreement _18th Nov_RS (2)_copy_191.pdf,0.7723,0.4922,0.8052,0.0047
105,011549 Ramco Publicis_Ramco Pte Ltd_Master Services Agreement _18th Nov_RS (2)_copy_192.pdf,0.7647,0.5,0.8048,0.0048
106,011549 Ramco Publicis_Ramco Pte Ltd_Master Services Agreement _18th Nov_RS (2)_copy_193.pdf,0.7673,0.5039,0.8044,0.0048
107,011549 Ramco Publicis_Ramco Pte Ltd_Master Services Agreement _18th Nov_RS (2)_copy_194.pdf,0.7891,0.5078,0.8043,0.0047
108,011549 Ramco Publicis_Ramco Pte Ltd_Master Services Agreement _18th Nov_RS (2)_copy_195.pdf,0.815,0.5117,0.8044,0.0047
109,011549 Ramco Publicis_Ramco Pte Ltd_Master Services Agreement _18th Nov_RS (2)_copy_196.pdf,0.7819,0.5156,0.8042,0.0047
110,011549 Ramco Publicis_Ramco Pte Ltd_Master Services Agreement _18th Nov_RS (2)_copy_197.pdf,0.8108,0.5195,0.8042,0.0047
111,011549 Ramco Publicis_Ramco Pte Ltd_Master Services Agreement _18th Nov_RS (2)_copy_198.pdf,0.7797,0.5234,0.804,0.0047
112,011549 Ramco Publicis_Ramco Pte Ltd_Master Services Agreement _18th Nov_RS (2)_copy_199.pdf,0.8301,0.5273,0.8042,0.0047
113,011549 Ramco Publicis_Ramco Pte Ltd_Master Services Agreement _18th Nov_RS (2)_copy_2.pdf,0.8495,0.5352,0.8046,0.0047
114,011549 Ramco Publicis_Ramco Pte Ltd_Master Services Agreement _18th Nov_RS (2)_copy_20.pdf,0.8823,0.5391,0.8053,0.0047
115,011549 Ramco Publicis_Ramco Pte Ltd_Master Services Agreement _18th Nov_RS (2)_copy_200.pdf,0.8292,0.543,0.8055,0.0047
116,011549 Ramco Publicis_Ramco Pte Ltd_Master Services Agreement _18th Nov_RS (2)_copy_201.pdf,0.8784,0.5469,0.8062,0.0047
117,011549 Ramco Publicis_Ramco Pte Ltd_Master Services Agreement _18th Nov_RS (2)_copy_202.pdf,0.8373,0.5508,0.8064,0.0047
118,011549 Ramco Publicis_Ramco Pte Ltd_Master Services Agreement _18th Nov_RS (2)_copy_203.pdf,0.846,0.5547,0.8068,0.0047
119,011549 Ramco Publicis_Ramco Pte Ltd_Master Services Agreement _18th Nov_RS (2)_copy_204.pdf,0.8235,0.5586,0.8069,0.0047
120,011549 Ramco Publicis_Ramco Pte Ltd_Master Services Agreement _18th Nov_RS (2)_copy_205.pdf,0.827,0.5625,0.8071,0.0047
121,011549 Ramco Publicis_Ramco Pte Ltd_Master Services Agreement _18th Nov_RS (2)_copy_206.pdf,0.8642,0.5703,0.8075,0.0047
122,011549 Ramco Publicis_Ramco Pte Ltd_Master Services Agreement _18th Nov_RS (2)_copy_207.pdf,0.8944,0.5742,0.8083,0.0047
123,011549 Ramco Publicis_Ramco Pte Ltd_Master Services Agreement _18th Nov_RS (2)_copy_208.pdf,0.9012,0.5781,0.809,0.0047
124,011549 Ramco Publicis_Ramco Pte Ltd_Master Services Agreement _18th Nov_RS (2)_copy_209.pdf,0.8646,0.582,0.8095,0.0047
125,011549 Ramco Publicis_Ramco Pte Ltd_Master Services Agreement _18th Nov_RS (2)_copy_21.pdf,0.8857,0.5859,0.8101,0.0047
126,011549 Ramco Publicis_Ramco Pte Ltd_Master Services Agreement _18th Nov_RS (2)_copy_210.pdf,0.8803,0.5938,0.8106,0.0047
127,011549 Ramco Publicis_Ramco Pte Ltd_Master Services Agreement _18th Nov_RS (2)_copy_211.pdf,0.8602,0.5977,0.811,0.0047
128,011549 Ramco Publicis_Ramco Pte Ltd_Master Services Agreement _18th Nov_RS (2)_copy_212.pdf,0.8572,0.6016,0.8114,0.0047
129,011549 Ramco Publicis_Ramco Pte Ltd_Master Services Agreement _18th Nov_RS (2)_copy_213.pdf,0.8353,0.6094,0.8116,0.0047
130,011549 Ramco Publicis_Ramco Pte Ltd_Master Services Agreement _18th Nov_RS (2)_copy_214.pdf,0.8398,0.6133,0.8118,0.0047
131,011549 Ramco Publicis_Ramco Pte Ltd_Master Services Agreement _18th Nov_RS (2)_copy_215.pdf,0.8294,0.6172,0.8119,0.0047
132,011549 Ramco Publicis_Ramco Pte Ltd_Master Services Agreement _18th Nov_RS (2)_copy_216.pdf,0.8542,0.6211,0.8122,0.0047
133,011549 Ramco Publicis_Ramco Pte Ltd_Master Services Agreement _18th Nov_RS (2)_copy_217.pdf,0.8327,0.625,0.8124,0.0047
134,011549 Ramco Publicis_Ramco Pte Ltd_Master Services Agreement _18th Nov_RS (2)_copy_218.pdf,0.8443,0.6289,0.8126,0.0047
135,011549 Ramco Publicis_Ramco Pte Ltd_Master Services Agreement _18th Nov_RS (2)_copy_219.pdf,0.9764,0.6328,0.8138,0.0047
136,011549 Ramco Publicis_Ramco Pte Ltd_Master Services Agreement _18th Nov_RS (2)_copy_22.pdf,0.8534,0.6367,0.8141,0.0047
137,011549 Ramco Publicis_Ramco Pte Ltd_Master Services Agreement _18th Nov_RS (2)_copy_220.pdf,0.8793,0.6445,0.8146,0.0047
138,011549 Ramco Publicis_Ramco Pte Ltd_Master Services Agreement _18th Nov_RS (2)_copy_221.pdf,0.892,0.6484,0.8152,0.0047
139,011549 Ramco Publicis_Ramco Pte Ltd_Master Services Agreement _18th Nov_RS (2)_copy_222.pdf,0.8514,0.6523,0.8154,0.0047
140,011549 Ramco Publicis_Ramco Pte Ltd_Master Services Agreement _18th Nov_RS (2)_copy_223.pdf,0.8491,0.6562,0.8157,0.0047
141,011549 Ramco Publicis_Ramco Pte Ltd_Master Services Agreement _18th Nov_RS (2)_copy_224.pdf,0.844,0.6602,0.8159,0.0047
142,011549 Ramco Publicis_Ramco Pte Ltd_Master Services Agreement _18th Nov_RS (2)_copy_225.pdf,0.8805,0.6641,0.8163,0.0047
143,011549 Ramco Publicis_Ramco Pte Ltd_Master Services Agreement _18th Nov_RS (2)_copy_226.pdf,0.854,0.668,0.8166,0.0047
144,011549 Ramco Publicis_Ramco Pte Ltd_Master Services Agreement _18th Nov_RS (2)_copy_227.pdf,0.8504,0.6719,0.8168,0.0047
145,011549 Ramco Publicis_Ramco Pte Ltd_Master Services Agreement _18th Nov_RS (2)_copy_228.pdf,0.8602,0.6797,0.8171,0.0047
146,011549 Ramco Publicis_Ramco Pte Ltd_Master Services Agreement _18th Nov_RS (2)_copy_229.pdf,0.8559,0.6836,0.8174,0.0047
147,011549 Ramco Publicis_Ramco Pte Ltd_Master Services Agreement _18th Nov_RS (2)_copy_23.pdf,0.7985,0.6875,0.8173,0.0047
148,011549 Ramco Publicis_Ramco Pte Ltd_Master Services Agreement _18th Nov_RS (2)_copy_230.pdf,0.8431,0.6914,0.8174,0.0047
149,011549 Ramco Publicis_Ramco Pte Ltd_Master Services Agreement _18th Nov_RS (2)_copy_231.pdf,0.8281,0.6953,0.8175,0.0047
150,011549 Ramco Publicis_Ramco Pte Ltd_Master Services Agreement _18th Nov_RS (2)_copy_232.pdf,0.8316,0.6992,0.8176,0.0047
151,011549 Ramco Publicis_Ramco Pte Ltd_Master Services Agreement _18th Nov_RS (2)_copy_233.pdf,0.8015,0.7031,0.8175,0.0047
152,011549 Ramco Publicis_Ramco Pte Ltd_Master Services Agreement _18th Nov_RS (2)_copy_234.pdf,0.8495,0.707,0.8177,0.0047
153,011549 Ramco Publicis_Ramco Pte Ltd_Master Services Agreement _18th Nov_RS (2)_copy_235.pdf,0.8278,0.7148,0.8178,0.0047
154,011549 Ramco Publicis_Ramco Pte Ltd_Master Services Agreement _18th Nov_RS (2)_copy_236.pdf,0.8104,0.7188,0.8177,0.0047
155,011549 Ramco Publicis_Ramco Pte Ltd_Master Services Agreement _18th Nov_RS (2)_copy_237.pdf,0.8453,0.7227,0.8179,0.0047
156,011549 Ramco Publicis_Ramco Pte Ltd_Master Services Agreement _18th Nov_RS (2)_copy_238.pdf,0.8163,0.7266,0.8179,0.0047
157,011549 Ramco Publicis_Ramco Pte Ltd_Master Services Agreement _18th Nov_RS (2)_copy_239.pdf,0.8332,0.7305,0.818,0.0047
158,011549 Ramco Publicis_Ramco Pte Ltd_Master Services Agreement _18th Nov_RS (2)_copy_24.pdf,0.8146,0.7344,0.818,0.0046
159,011549 Ramco Publicis_Ramco Pte Ltd_Master Services Agreement _18th Nov_RS (2)_copy_240.pdf,0.8291,0.7383,0.818,0.0046
160,011549 Ramco Publicis_Ramco Pte Ltd_Master Services Agreement _18th Nov_RS (2)_copy_241.pdf,0.8254,0.7422,0.8181,0.0046
161,011549 Ramco Publicis_Ramco Pte Ltd_Master Services Agreement _18th Nov_RS (2)_copy_242.pdf,0.8255,0.75,0.8181,0.0047
162,011549 Ramco Publicis_Ramco Pte Ltd_Master Services Agreement _18th Nov_RS (2)_copy_243.pdf,0.8052,0.7539,0.818,0.0047
163,011549 Ramco Publicis_Ramco Pte Ltd_Master Services Agreement _18th Nov_RS (2)_copy_244.pdf,0.8194,0.7617,0.8181,0.0047
164,011549 Ramco Publicis_Ramco Pte Ltd_Master Services Agreement _18th Nov_RS (2)_copy_245.pdf,0.9032,0.7656,0.8186,0.0047
165,011549 Ramco Publicis_Ramco Pte Ltd_Master Services Agreement _18th Nov_RS (2)_copy_246.pdf,0.8683,0.7695,0.8189,0.0047
166,011549 Ramco Publicis_Ramco Pte Ltd_Master Services Agreement _18th Nov_RS (2)_copy_247.pdf,0.8158,0.7734,0.8189,0.0047
167,011549 Ramco Publicis_Ramco Pte Ltd_Master Services Agreement _18th Nov_RS (2)_copy_248.pdf,0.827,0.7773,0.8189,0.0047
168,011549 Ramco Publicis_Ramco Pte Ltd_Master Services Agreement _18th Nov_RS (2)_copy_249.pdf,0.8643,0.7812,0.8192,0.0047
169,011549 Ramco Publicis_Ramco Pte Ltd_Master Services Agreement _18th Nov_RS (2)_copy_25.pdf,0.8539,0.7891,0.8194,0.0047
170,011549 Ramco Publicis_Ramco Pte Ltd_Master Services Agreement _18th Nov_RS (2)_copy_250.pdf,0.8531,0.793,0.8196,0.0047
171,011549 Ramco Publicis_Ramco Pte Ltd_Master Services Agreement _18th Nov_RS (2)_copy_251.pdf,0.8316,0.7969,0.8196,0.0047
172,011549 Ramco Publicis_Ramco Pte Ltd_Master Services Agreement _18th Nov_RS (2)_copy_252.pdf,0.9074,0.8008,0.8202,0.0047
173,011549 Ramco Publicis_Ramco Pte Ltd_Master Services Agreement _18th Nov_RS (2)_copy_253.pdf,0.8847,0.8047,0.8205,0.0047
174,011549 Ramco Publicis_Ramco Pte Ltd_Master Services Agreement _18th Nov_RS (2)_copy_254.pdf,0.9591,0.8086,0.8213,0.0046
175,011549 Ramco Publicis_Ramco Pte Ltd_Master Services Agreement _18th Nov_RS (2)_copy_255.pdf,0.9306,0.8125,0.822,0.0046
176,011549 Ramco Publicis_Ramco Pte Ltd_Master Services Agreement _18th Nov_RS (2)_copy_256.pdf,0.9928,0.8164,0.8229,0.0046
177,011549 Ramco Publicis_Ramco Pte Ltd_Master Services Agreement _18th Nov_RS (2)_copy_257.pdf,1.029,0.8242,0.8241,0.0047
178,011549 Ramco Publicis_Ramco Pte Ltd_Master Services Agreement _18th Nov_RS (2)_copy_258.pdf,0.9106,0.8281,0.8246,0.0047
179,011549 Ramco Publicis_Ramco Pte Ltd_Master Services Agreement _18th Nov_RS (2)_copy_259.pdf,0.9118,0.832,0.8251,0.0046
180,011549 Ramco Publicis_Ramco Pte Ltd_Master Services Agreement _18th Nov_RS (2)_copy_26.pdf,0.9397,0.8359,0.8257,0.0046
181,011549 Ramco Publicis_Ramco Pte Ltd_Master Services Agreement _18th Nov_RS (2)_copy_260.pdf,0.9318,0.8398,0.8263,0.0046
182,011549 Ramco Publicis_Ramco Pte Ltd_Master Services Agreement _18th Nov_RS (2)_copy_261.pdf,0.8874,0.8438,0.8266,0.0046
183,011549 Ramco Publicis_Ramco Pte Ltd_Master Services Agreement _18th Nov_RS (2)_copy_262.pdf,0.8907,0.8477,0.827,0.0046
184,011549 Ramco Publicis_Ramco Pte Ltd_Master Services Agreement _18th Nov_RS (2)_copy_263.pdf,0.9113,0.8516,0.8274,0.0046
185,011549 Ramco Publicis_Ramco Pte Ltd_Master Services Agreement _18th Nov_RS (2)_copy_264.pdf,0.8854,0.8594,0.8277,0.0046
186,011549 Ramco Publicis_Ramco Pte Ltd_Master Services Agreement _18th Nov_RS (2)_copy_265.pdf,0.8731,0.8633,0.828,0.0046
187,011549 Ramco Publicis_Ramco Pte Ltd_Master Services Agreement _18th Nov_RS (2)_copy_266.pdf,0.8678,0.8672,0.8282,0.0046
188,011549 Ramco Publicis_Ramco Pte Ltd_Master Services Agreement _18th Nov_RS (2)_copy_267.pdf,0.8614,0.8711,0.8284,0.0046
189,011549 Ramco Publicis_Ramco Pte Ltd_Master Services Agreement _18th Nov_RS (2)_copy_268.pdf,0.815,0.875,0.8283,0.0046
190,011549 Ramco Publicis_Ramco Pte Ltd_Master Services Agreement _18th Nov_RS (2)_copy_269.pdf,0.8867,0.8789,0.8286,0.0046
191,011549 Ramco Publicis_Ramco Pte Ltd_Master Services Agreement _18th Nov_RS (2)_copy_27.pdf,0.8688,0.8828,0.8288,0.0046
192,011549 Ramco Publicis_Ramco Pte Ltd_Master Services Agreement _18th Nov_RS (2)_copy_270.pdf,0.8206,0.8867,0.8288,0.0046
193,011549 Ramco Publicis_Ramco Pte Ltd_Master Services Agreement _18th Nov_RS (2)_copy_271.pdf,0.8582,0.8945,0.8289,0.0046
194,011549 Ramco Publicis_Ramco Pte Ltd_Master Services Agreement _18th Nov_RS (2)_copy_272.pdf,0.842,0.8984,0.829,0.0046
195,011549 Ramco Publicis_Ramco Pte Ltd_Master Services Agreement _18th Nov_RS (2)_copy_273.pdf,0.8961,0.9023,0.8293,0.0046
196,011549 Ramco Publicis_Ramco Pte Ltd_Master Services Agreement _18th Nov_RS (2)_copy_274.pdf,0.8506,0.9062,0.8295,0.0046
197,011549 Ramco Publicis_Ramco Pte Ltd_Master Services Agreement _18th Nov_RS (2)_copy_275.pdf,0.8907,0.9102,0.8298,0.0046
198,011549 Ramco Publicis_Ramco Pte Ltd_Master Services Agreement _18th Nov_RS (2)_copy_276.pdf,0.8379,0.9141,0.8298,0.0046
199,011549 Ramco Publicis_Ramco Pte Ltd_Master Services Agreement _18th Nov_RS (2)_copy_277.pdf,0.8389,0.918,0.8298,0.0046
200,011549 Ramco Publicis_Ramco Pte Ltd_Master Services Agreement _18th Nov_RS (2)_copy_278.pdf,0.8254,0.9219,0.8298,0.0046
201,011549 Ramco Publicis_Ramco Pte Ltd_Master Services Agreement _18th Nov_RS (2)_copy_279.pdf,0.867,0.9336,0.83,0.0046
202,011549 Ramco Publicis_Ramco Pte Ltd_Master Services Agreement _18th Nov_RS (2)_copy_28.pdf,0.8995,0.9375,0.8304,0.0046
203,011549 Ramco Publicis_Ramco Pte Ltd_Master Services Agreement _18th Nov_RS (2)_copy_280.pdf,0.8765,0.9414,0.8306,0.0046
204,011549 Ramco Publicis_Ramco Pte Ltd_Master Services Agreement _18th Nov_RS (2)_copy_281.pdf,0.9866,0.9453,0.8313,0.0046
205,011549 Ramco Publicis_Ramco Pte Ltd_Master Services Agreement _18th Nov_RS (2)_copy_282.pdf,0.8842,0.9492,0.8316,0.0046
206,011549 Ramco Publicis_Ramco Pte Ltd_Master Services Agreement _18th Nov_RS (2)_copy_283.pdf,0.882,0.9531,0.8319,0.0046
207,011549 Ramco Publicis_Ramco Pte Ltd_Master Services Agreement _18th Nov_RS (2)_copy_284.pdf,0.8639,0.957,0.832,0.0046
208,011549 Ramco Publicis_Ramco Pte Ltd_Master Services Agreement _18th Nov_RS (2)_copy_285.pdf,0.9119,0.9609,0.8324,0.0046
209,011549 Ramco Publicis_Ramco Pte Ltd_Master Services Agreement _18th Nov_RS (2)_copy_286.pdf,0.9257,0.9688,0.8328,0.0046
210,011549 Ramco Publicis_Ramco Pte Ltd_Master Services Agreement _18th Nov_RS (2)_copy_287.pdf,0.8634,0.9727,0.833,0.0046
211,011549 Ramco Publicis_Ramco Pte Ltd_Master Services Agreement _18th Nov_RS (2)_copy_288.pdf,0.8744,0.9766,0.8332,0.0046
212,011549 Ramco Publicis_Ramco Pte Ltd_Master Services Agreement _18th Nov_RS (2)_copy_289.pdf,0.9276,0.9805,0.8336,0.0046
213,011549 Ramco Publicis_Ramco Pte Ltd_Master Services Agreement _18th Nov_RS (2)_copy_29.pdf,0.9124,0.9844,0.834,0.0046
214,011549 Ramco Publicis_Ramco Pte Ltd_Master Services Agreement _18th Nov_RS (2)_copy_290.pdf,0.8744,0.9883,0.8342,0.0046
215,011549 Ramco Publicis_Ramco Pte Ltd_Master Services Agreement _18th Nov_RS (2)_copy_291.pdf,0.915,0.9922,0.8346,0.0046
216,011549 Ramco Publicis_Ramco Pte Ltd_Master Services Agreement _18th Nov_RS (2)_copy_292.pdf,0.804,0.9961,0.8344,0.0046
217,011549 Ramco Publicis_Ramco Pte Ltd_Master Services Agreement _18th Nov_RS (2)_copy_293.pdf,0.8918,1.0039,0.8347,0.0046
218,011549 Ramco Publicis_Ramco Pte Ltd_Master Services Agreement _18th Nov_RS (2)_copy_294.pdf,0.9012,1.0078,0.835,0.0046
219,011549 Ramco Publicis_Ramco Pte Ltd_Master Services Agreement _18th Nov_RS (2)_copy_295.pdf,0.795,1.0117,0.8348,0.0046
220,011549 Ramco Publicis_Ramco Pte Ltd_Master Services Agreement _18th Nov_RS (2)_copy_296.pdf,0.8605,1.0156,0.8349,0.0046
221,011549 Ramco Publicis_Ramco Pte Ltd_Master Services Agreement _18th Nov_RS (2)_copy_297.pdf,0.8863,1.0195,0.8352,0.0046
222,011549 Ramco Publicis_Ramco Pte Ltd_Master Services Agreement _18th Nov_RS (2)_copy_298.pdf,0.988,1.0234,0.8358,0.0046
223,011549 Ramco Publicis_Ramco Pte Ltd_Master Services Agreement _18th Nov_RS (2)_copy_299.pdf,0.8308,1.0273,0.8358,0.0046
224,011549 Ramco Publicis_Ramco Pte Ltd_Master Services Agreement _18th Nov_RS (2)_copy_3.pdf,0.8025,1.0312,0.8357,0.0046
225,011549 Ramco Publicis_Ramco Pte Ltd_Master Services Agreement _18th Nov_RS (2)_copy_30.pdf,0.9376,1.0391,0.8361,0.0046
226,011549 Ramco Publicis_Ramco Pte Ltd_Master Services Agreement _18th Nov_RS (2)_copy_300.pdf,0.8847,1.043,0.8363,0.0046
227,011549 Ramco Publicis_Ramco Pte Ltd_Master Services Agreement _18th Nov_RS (2)_copy_301.pdf,0.8878,1.0469,0.8366,0.0046
228,011549 Ramco Publicis_Ramco Pte Ltd_Master Services Agreement _18th Nov_RS (2)_copy_302.pdf,0.9118,1.0508,0.8369,0.0046
229,011549 Ramco Publicis_Ramco Pte Ltd_Master Services Agreement _18th Nov_RS (2)_copy_303.pdf,0.8799,1.0547,0.8371,0.0046
230,011549 Ramco Publicis_Ramco Pte Ltd_Master Services Agreement _18th Nov_RS (2)_copy_304.pdf,0.863,1.0586,0.8372,0.0046
231,011549 Ramco Publicis_Ramco Pte Ltd_Master Services Agreement _18th Nov_RS (2)_copy_305.pdf,0.9395,1.0625,0.8376,0.0046
232,011549 Ramco Publicis_Ramco Pte Ltd_Master Services Agreement _18th Nov_RS (2)_copy_306.pdf,0.9158,1.0664,0.838,0.0046
233,011549 Ramco Publicis_Ramco Pte Ltd_Master Services Agreement _18th Nov_RS (2)_copy_307.pdf,0.8367,1.0742,0.838,0.0046
234,011549 Ramco Publicis_Ramco Pte Ltd_Master Services Agreement _18th Nov_RS (2)_copy_308.pdf,0.9052,1.0781,0.8383,0.0046
235,011549 Ramco Publicis_Ramco Pte Ltd_Master Services Agreement _18th Nov_RS (2)_copy_309.pdf,0.993,1.082,0.8389,0.0046
236,011549 Ramco Publicis_Ramco Pte Ltd_Master Services Agreement _18th Nov_RS (2)_copy_31.pdf,0.9749,1.0859,0.8395,0.0046
237,011549 Ramco Publicis_Ramco Pte Ltd_Master Services Agreement _18th Nov_RS (2)_copy_310.pdf,0.8771,1.0898,0.8396,0.0046
238,011549 Ramco Publicis_Ramco Pte Ltd_Master Services Agreement _18th Nov_RS (2)_copy_311.pdf,0.9387,1.0977,0.8401,0.0046
239,011549 Ramco Publicis_Ramco Pte Ltd_Master Services Agreement _18th Nov_RS (2)_copy_312.pdf,0.9114,1.1016,0.8404,0.0046
240,011549 Ramco Publicis_Ramco Pte Ltd_Master Services Agreement _18th Nov_RS (2)_copy_313.pdf,0.9706,1.1055,0.8409,0.0046
241,011549 Ramco Publicis_Ramco Pte Ltd_Master Services Agreement _18th Nov_RS (2)_copy_314.pdf,0.9384,1.1133,0.8413,0.0046
242,011549 Ramco Publicis_Ramco Pte Ltd_Master Services Agreement _18th Nov_RS (2)_copy_315.pdf,0.8998,1.1172,0.8416,0.0046
243,011549 Ramco Publicis_Ramco Pte Ltd_Master Services Agreement _18th Nov_RS (2)_copy_316.pdf,0.8144,1.1211,0.8414,0.0046
244,011549 Ramco Publicis_Ramco Pte Ltd_Master Services Agreement _18th Nov_RS (2)_copy_317.pdf,0.8992,1.125,0.8417,0.0046
245,011549 Ramco Publicis_Ramco Pte Ltd_Master Services Agreement _18th Nov_RS (2)_copy_318.pdf,0.8971,1.1289,0.8419,0.0046
246,011549 Ramco Publicis_Ramco Pte Ltd_Master Services Agreement _18th Nov_RS (2)_copy_319.pdf,0.9151,1.1328,0.8422,0.0046
247,011549 Ramco Publicis_Ramco Pte Ltd_Master Services Agreement _18th Nov_RS (2)_copy_32.pdf,0.8821,1.1367,0.8424,0.0046
248,011549 Ramco Publicis_Ramco Pte Ltd_Master Services Agreement _18th Nov_RS (2)_copy_320.pdf,0.9444,1.1406,0.8428,0.0046
249,011549 Ramco Publicis_Ramco Pte Ltd_Master Services Agreement _18th Nov_RS (2)_copy_321.pdf,0.8949,1.1484,0.843,0.0046
250,011549 Ramco Publicis_Ramco Pte Ltd_Master Services Agreement _18th Nov_RS (2)_copy_322.pdf,0.9025,1.1523,0.8432,0.0046
251,011549 Ramco Publicis_Ramco Pte Ltd_Master Services Agreement _18th Nov_RS (2)_copy_323.pdf,0.8956,1.1562,0.8434,0.0046
252,011549 Ramco Publicis_Ramco Pte Ltd_Master Services Agreement _18th Nov_RS (2)_copy_324.pdf,0.9332,1.1602,0.8438,0.0046
253,011549 Ramco Publicis_Ramco Pte Ltd_Master Services Agreement _18th Nov_RS (2)_copy_325.pdf,0.9065,1.1641,0.844,0.0046
254,011549 Ramco Publicis_Ramco Pte Ltd_Master Services Agreement _18th Nov_RS (2)_copy_326.pdf,0.9418,1.168,0.8444,0.0046
255,011549 Ramco Publicis_Ramco Pte Ltd_Master Services Agreement _18th Nov_RS (2)_copy_327.pdf,0.8828,1.1719,0.8446,0.0046
256,011549 Ramco Publicis_Ramco Pte Ltd_Master Services Agreement _18th Nov_RS (2)_copy_328.pdf,0.8333,1.1758,0.8445,0.0046
257,011549 Ramco Publicis_Ramco Pte Ltd_Master Services Agreement _18th Nov_RS (2)_copy_329.pdf,0.8463,1.1836,0.8445,0.0046
258,011549 Ramco Publicis_Ramco Pte Ltd_Master Services Agreement _18th Nov_RS (2)_copy_33.pdf,0.849,1.1875,0.8446,0.0046
259,011549 Ramco Publicis_Ramco Pte Ltd_Master Services Agreement _18th Nov_RS (2)_copy_330.pdf,0.8361,1.1914,0.8445,0.0046
260,011549 Ramco Publicis_Ramco Pte Ltd_Master Services Agreement _18th Nov_RS (2)_copy_331.pdf,0.8894,1.1953,0.8447,0.0046
261,011549 Ramco Publicis_Ramco Pte Ltd_Master Services Agreement _18th Nov_RS (2)_copy_332.pdf,0.8807,1.1992,0.8448,0.0046
262,011549 Ramco Publicis_Ramco Pte Ltd_Master Services Agreement _18th Nov_RS (2)_copy_333.pdf,0.8595,1.2031,0.8449,0.0046
263,011549 Ramco Publicis_Ramco Pte Ltd_Master Services Agreement _18th Nov_RS (2)_copy_334.pdf,0.8566,1.207,0.8449,0.0046
264,011549 Ramco Publicis_Ramco Pte Ltd_Master Services Agreement _18th Nov_RS (2)_copy_335.pdf,0.8407,1.2109,0.8449,0.0046
265,011549 Ramco Publicis_Ramco Pte Ltd_Master Services Agreement _18th Nov_RS (2)_copy_336.pdf,0.8375,1.2188,0.8449,0.0046
266,011549 Ramco Publicis_Ramco Pte Ltd_Master Services Agreement _18th Nov_RS (2)_copy_337.pdf,0.9297,1.2227,0.8452,0.0046
267,011549 Ramco Publicis_Ramco Pte Ltd_Master Services Agreement _18th Nov_RS (2)_copy_338.pdf,0.8349,1.2266,0.8452,0.0046
268,011549 Ramco Publicis_Ramco Pte Ltd_Master Services Agreement _18th Nov_RS (2)_copy_339.pdf,0.9187,1.2305,0.8454,0.0046
269,011549 Ramco Publicis_Ramco Pte Ltd_Master Services Agreement _18th Nov_RS (2)_copy_34.pdf,0.879,1.2344,0.8456,0.0046
270,011549 Ramco Publicis_Ramco Pte Ltd_Master Services Agreement _18th Nov_RS (2)_copy_340.pdf,0.8909,1.2383,0.8457,0.0046
271,011549 Ramco Publicis_Ramco Pte Ltd_Master Services Agreement _18th Nov_RS (2)_copy_341.pdf,0.9052,1.2422,0.846,0.0046
272,011549 Ramco Publicis_Ramco Pte Ltd_Master Services Agreement _18th Nov_RS (2)_copy_342.pdf,0.8865,1.2461,0.8461,0.0046
273,011549 Ramco Publicis_Ramco Pte Ltd_Master Services Agreement _18th Nov_RS (2)_copy_343.pdf,0.8939,1.2539,0.8463,0.0046
274,011549 Ramco Publicis_Ramco Pte Ltd_Master Services Agreement _18th Nov_RS (2)_copy_344.pdf,0.9233,1.2617,0.8466,0.0046
275,011549 Ramco Publicis_Ramco Pte Ltd_Master Services Agreement _18th Nov_RS (2)_copy_345.pdf,0.8474,1.2656,0.8466,0.0046
276,011549 Ramco Publicis_Ramco Pte Ltd_Master Services Agreement _18th Nov_RS (2)_copy_346.pdf,0.9085,1.2695,0.8468,0.0046
277,011549 Ramco Publicis_Ramco Pte Ltd_Master Services Agreement _18th Nov_RS (2)_copy_347.pdf,0.881,1.2734,0.8469,0.0046
278,011549 Ramco Publicis_Ramco Pte Ltd_Master Services Agreement _18th Nov_RS (2)_copy_348.pdf,0.9038,1.2773,0.8471,0.0046
279,011549 Ramco Publicis_Ramco Pte Ltd_Master Services Agreement _18th Nov_RS (2)_copy_349.pdf,0.9013,1.2812,0.8473,0.0046
280,011549 Ramco Publicis_Ramco Pte Ltd_Master Services Agreement _18th Nov_RS (2)_copy_35.pdf,0.8841,1.2852,0.8474,0.0046
281,011549 Ramco Publicis_Ramco Pte Ltd_Master Services Agreement _18th Nov_RS (2)_copy_350.pdf,0.8793,1.293,0.8476,0.0046
282,011549 Ramco Publicis_Ramco Pte Ltd_Master Services Agreement _18th Nov_RS (2)_copy_351.pdf,0.9279,1.2969,0.8478,0.0046
283,011549 Ramco Publicis_Ramco Pte Ltd_Master Services Agreement _18th Nov_RS (2)_copy_352.pdf,0.9049,1.3008,0.848,0.0046
284,011549 Ramco Publicis_Ramco Pte Ltd_Master Services Agreement _18th Nov_RS (2)_copy_353.pdf,0.8934,1.3047,0.8482,0.0046
285,011549 Ramco Publicis_Ramco Pte Ltd_Master Services Agreement _18th Nov_RS (2)_copy_354.pdf,0.8597,1.3086,0.8482,0.0046
286,011549 Ramco Publicis_Ramco Pte Ltd_Master Services Agreement _18th Nov_RS (2)_copy_355.pdf,0.9193,1.3125,0.8485,0.0046
287,011549 Ramco Publicis_Ramco Pte Ltd_Master Services Agreement _18th Nov_RS (2)_copy_356.pdf,1.023,1.3164,0.8491,0.0046
288,011549 Ramco Publicis_Ramco Pte Ltd_Master Services Agreement _18th Nov_RS (2)_copy_357.pdf,0.9457,1.3203,0.8494,0.0046
289,011549 Ramco Publicis_Ramco Pte Ltd_Master Services Agreement _18th Nov_RS (2)_copy_358.pdf,0.8755,1.3281,0.8495,0.0046
290,011549 Ramco Publicis_Ramco Pte Ltd_Master Services Agreement _18th Nov_RS (2)_copy_359.pdf,0.9774,1.332,0.85,0.0046
291,011549 Ramco Publicis_Ramco Pte Ltd_Master Services Agreement _18th Nov_RS (2)_copy_36.pdf,0.8903,1.3359,0.8501,0.0046
292,011549 Ramco Publicis_Ramco Pte Ltd_Master Services Agreement _18th Nov_RS (2)_copy_360.pdf,0.9075,1.3398,0.8503,0.0046
293,011549 Ramco Publicis_Ramco Pte Ltd_Master Services Agreement _18th Nov_RS (2)_copy_361.pdf,0.8818,1.3438,0.8504,0.0046
294,011549 Ramco Publicis_Ramco Pte Ltd_Master Services Agreement _18th Nov_RS (2)_copy_362.pdf,0.9123,1.3477,0.8506,0.0046
295,011549 Ramco Publicis_Ramco Pte Ltd_Master Services Agreement _18th Nov_RS (2)_copy_363.pdf,0.9008,1.3516,0.8508,0.0046
296,011549 Ramco Publicis_Ramco Pte Ltd_Master Services Agreement _18th Nov_RS (2)_copy_364.pdf,0.9236,1.3555,0.851,0.0046
297,011549 Ramco Publicis_Ramco Pte Ltd_Master Services Agreement _18th Nov_RS (2)_copy_365.pdf,0.8899,1.3633,0.8512,0.0046
298,011549 Ramco Publicis_Ramco Pte Ltd_Master Services Agreement _18th Nov_RS (2)_copy_366.pdf,0.9162,1.3672,0.8514,0.0046
299,011549 Ramco Publicis_Ramco Pte Ltd_Master Services Agreement _18th Nov_RS (2)_copy_367.pdf,0.8184,1.3711,0.8513,0.0046
300,011549 Ramco Publicis_Ramco Pte Ltd_Master Services Agreement _18th Nov_RS (2)_copy_368.pdf,0.8568,1.375,0.8513,0.0046
301,011549 Ramco Publicis_Ramco Pte Ltd_Master Services Agreement _18th Nov_RS (2)_copy_369.pdf,0.8727,1.3789,0.8514,0.0046
302,011549 Ramco Publicis_Ramco Pte Ltd_Master Services Agreement _18th Nov_RS (2)_copy_37.pdf,0.9046,1.3828,0.8515,0.0046
303,011549 Ramco Publicis_Ramco Pte Ltd_Master Services Agreement _18th Nov_RS (2)_copy_370.pdf,0.8881,1.3867,0.8517,0.0046
304,011549 Ramco Publicis_Ramco Pte Ltd_Master Services Agreement _18th Nov_RS (2)_copy_371.pdf,0.938,1.3906,0.8519,0.0046
305,011549 Ramco Publicis_Ramco Pte Ltd_Master Services Agreement _18th Nov_RS (2)_copy_372.pdf,0.9181,1.3984,0.8522,0.0046
306,011549 Ramco Publicis_Ramco Pte Ltd_Master Services Agreement _18th Nov_RS (2)_copy_373.pdf,0.9311,1.4023,0.8524,0.0046
307,011549 Ramco Publicis_Ramco Pte Ltd_Master Services Agreement _18th Nov_RS (2)_copy_374.pdf,0.9173,1.4062,0.8526,0.0046
308,011549 Ramco Publicis_Ramco Pte Ltd_Master Services Agreement _18th Nov_RS (2)_copy_375.pdf,0.9503,1.4102,0.8529,0.0046
309,011549 Ramco Publicis_Ramco Pte Ltd_Master Services Agreement _18th Nov_RS (2)_copy_376.pdf,0.8436,1.4141,0.8529,0.0046
310,011549 Ramco Publicis_Ramco Pte Ltd_Master Services Agreement _18th Nov_RS (2)_copy_377.pdf,0.9093,1.4219,0.8531,0.0046
311,011549 Ramco Publicis_Ramco Pte Ltd_Master Services Agreement _18th Nov_RS (2)_copy_378.pdf,0.7972,1.4258,0.8529,0.0046
312,011549 Ramco Publicis_Ramco Pte Ltd_Master Services Agreement _18th Nov_RS (2)_copy_379.pdf,0.7946,1.4297,0.8527,0.0046
313,011549 Ramco Publicis_Ramco Pte Ltd_Master Services Agreement _18th Nov_RS (2)_copy_38.pdf,0.8253,1.4375,0.8526,0.0046
314,011549 Ramco Publicis_Ramco Pte Ltd_Master Services Agreement _18th Nov_RS (2)_copy_380.pdf,0.8132,1.4414,0.8525,0.0046
315,011549 Ramco Publicis_Ramco Pte Ltd_Master Services Agreement _18th Nov_RS (2)_copy_381.pdf,0.8976,1.4453,0.8527,0.0046
316,011549 Ramco Publicis_Ramco Pte Ltd_Master Services Agreement _18th Nov_RS (2)_copy_382.pdf,0.9234,1.4492,0.8529,0.0046
317,011549 Ramco Publicis_Ramco Pte Ltd_Master Services Agreement _18th Nov_RS (2)_copy_383.pdf,0.8572,1.4531,0.8529,0.0046
318,011549 Ramco Publicis_Ramco Pte Ltd_Master Services Agreement _18th Nov_RS (2)_copy_384.pdf,0.9153,1.457,0.8531,0.0046
319,011549 Ramco Publicis_Ramco Pte Ltd_Master Services Agreement _18th Nov_RS (2)_copy_385.pdf,0.8531,1.4609,0.8531,0.0046
320,011549 Ramco Publicis_Ramco Pte Ltd_Master Services Agreement _18th Nov_RS (2)_copy_386.pdf,0.8016,1.4648,0.8529,0.0046
321,011549 Ramco Publicis_Ramco Pte Ltd_Master Services Agreement _18th Nov_RS (2)_copy_387.pdf,0.8836,1.4727,0.853,0.0046
322,011549 Ramco Publicis_Ramco Pte Ltd_Master Services Agreement _18th Nov_RS (2)_copy_388.pdf,0.9089,1.4766,0.8532,0.0046
323,011549 Ramco Publicis_Ramco Pte Ltd_Master Services Agreement _18th Nov_RS (2)_copy_389.pdf,0.8328,1.4805,0.8531,0.0046
324,011549 Ramco Publicis_Ramco Pte Ltd_Master Services Agreement _18th Nov_RS (2)_copy_39.pdf,0.8967,1.4844,0.8533,0.0046
325,011549 Ramco Publicis_Ramco Pte Ltd_Master Services Agreement _18th Nov_RS (2)_copy_390.pdf,0.8718,1.4883,0.8533,0.0046
326,011549 Ramco Publicis_Ramco Pte Ltd_Master Services Agreement _18th Nov_RS (2)_copy_391.pdf,0.9331,1.4922,0.8536,0.0046
327,011549 Ramco Publicis_Ramco Pte Ltd_Master Services Agreement _18th Nov_RS (2)_copy_392.pdf,0.7827,1.4961,0.8534,0.0046
328,011549 Ramco Publicis_Ramco Pte Ltd_Master Services Agreement _18th Nov_RS (2)_copy_393.pdf,0.8209,1.5,0.8533,0.0046
329,011549 Ramco Publicis_Ramco Pte Ltd_Master Services Agreement _18th Nov_RS (2)_copy_394.pdf,0.8607,1.5078,0.8533,0.0046
330,011549 Ramco Publicis_Ramco Pte Ltd_Master Services Agreement _18th Nov_RS (2)_copy_395.pdf,0.9449,1.5117,0.8536,0.0046
331,011549 Ramco Publicis_Ramco Pte Ltd_Master Services Agreement _18th Nov_RS (2)_copy_396.pdf,0.901,1.5156,0.8537,0.0046
332,011549 Ramco Publicis_Ramco Pte Ltd_Master Services Agreement _18th Nov_RS (2)_copy_397.pdf,0.9318,1.5195,0.8539,0.0046
333,011549 Ramco Publicis_Ramco Pte Ltd_Master Services Agreement _18th Nov_RS (2)_copy_398.pdf,0.8842,1.5234,0.854,0.0046
334,011549 Ramco Publicis_Ramco Pte Ltd_Master Services Agreement _18th Nov_RS (2)_copy_399.pdf,0.9261,1.5273,0.8542,0.0046
335,011549 Ramco Publicis_Ramco Pte Ltd_Master Services Agreement _18th Nov_RS (2)_copy_4.pdf,0.888,1.5312,0.8543,0.0046
336,011549 Ramco Publicis_Ramco Pte Ltd_Master Services Agreement _18th Nov_RS (2)_copy_40.pdf,0.9391,1.5352,0.8546,0.0046
337,011549 Ramco Publicis_Ramco Pte Ltd_Master Services Agreement _18th Nov_RS (2)_copy_400.pdf,0.9136,1.543,0.8548,0.0046
338,011549 Ramco Publicis_Ramco Pte Ltd_Master Services Agreement _18th Nov_RS (2)_copy_401.pdf,0.9366,1.5469,0.855,0.0046
339,011549 Ramco Publicis_Ramco Pte Ltd_Master Services Agreement _18th Nov_RS (2)_copy_402.pdf,1.0077,1.5508,0.8555,0.0046
340,011549 Ramco Publicis_Ramco Pte Ltd_Master Services Agreement _18th Nov_RS (2)_copy_403.pdf,0.9952,1.5547,0.8559,0.0046
341,011549 Ramco Publicis_Ramco Pte Ltd_Master Services Agreement _18th Nov_RS (2)_copy_404.pdf,1.0041,1.5586,0.8563,0.0046
342,011549 Ramco Publicis_Ramco Pte Ltd_Master Services Agreement _18th Nov_RS (2)_copy_405.pdf,0.9928,1.5625,0.8567,0.0046
343,011549 Ramco Publicis_Ramco Pte Ltd_Master Services Agreement _18th Nov_RS (2)_copy_406.pdf,0.977,1.5664,0.8571,0.0046
344,011549 Ramco Publicis_Ramco Pte Ltd_Master Services Agreement _18th Nov_RS (2)_copy_407.pdf,0.8865,1.5703,0.8571,0.0046
345,011549 Ramco Publicis_Ramco Pte Ltd_Master Services Agreement _18th Nov_RS (2)_copy_408.pdf,0.9282,1.5781,0.8574,0.0046
346,011549 Ramco Publicis_Ramco Pte Ltd_Master Services Agreement _18th Nov_RS (2)_copy_409.pdf,0.8174,1.582,0.8572,0.0046
347,011549 Ramco Publicis_Ramco Pte Ltd_Master Services Agreement _18th Nov_RS (2)_copy_41.pdf,0.9763,1.5898,0.8576,0.0046
348,011549 Ramco Publicis_Ramco Pte Ltd_Master Services Agreement _18th Nov_RS (2)_copy_410.pdf,1.005,1.5938,0.858,0.0046
349,011549 Ramco Publicis_Ramco Pte Ltd_Master Services Agreement _18th Nov_RS (2)_copy_411.pdf,0.9947,1.5977,0.8584,0.0046
350,011549 Ramco Publicis_Ramco Pte Ltd_Master Services Agreement _18th Nov_RS (2)_copy_412.pdf,0.9922,1.6016,0.8588,0.0046
351,011549 Ramco Publicis_Ramco Pte Ltd_Master Services Agreement _18th Nov_RS (2)_copy_413.pdf,1.0109,1.6055,0.8592,0.0046
352,011549 Ramco Publicis_Ramco Pte Ltd_Master Services Agreement _18th Nov_RS (2)_copy_414.pdf,0.961,1.6094,0.8595,0.0046
353,011549 Ramco Publicis_Ramco Pte Ltd_Master Services Agreement _18th Nov_RS (2)_copy_415.pdf,0.8341,1.6172,0.8594,0.0046
354,011549 Ramco Publicis_Ramco Pte Ltd_Master Services Agreement _18th Nov_RS (2)_copy_416.pdf,0.7732,1.6211,0.8592,0.0046
355,011549 Ramco Publicis_Ramco Pte Ltd_Master Services Agreement _18th Nov_RS (2)_copy_417.pdf,0.7372,1.625,0.8588,0.0046
356,011549 Ramco Publicis_Ramco Pte Ltd_Master Services Agreement _18th Nov_RS (2)_copy_418.pdf,0.7736,1.6289,0.8586,0.0046
357,011549 Ramco Publicis_Ramco Pte Ltd_Master Services Agreement _18th Nov_RS (2)_copy_419.pdf,0.7808,1.6328,0.8584,0.0046
358,011549 Ramco Publicis_Ramco Pte Ltd_Master Services Agreement _18th Nov_RS (2)_copy_42.pdf,0.7504,1.6367,0.8581,0.0046
359,011549 Ramco Publicis_Ramco Pte Ltd_Master Services Agreement _18th Nov_RS (2)_copy_420.pdf,0.7464,1.6406,0.8578,0.0046
360,011549 Ramco Publicis_Ramco Pte Ltd_Master Services Agreement _18th Nov_RS (2)_copy_421.pdf,0.7203,1.6445,0.8574,0.0046
361,011549 Ramco Publicis_Ramco Pte Ltd_Master Services Agreement _18th Nov_RS (2)_copy_422.pdf,0.781,1.6523,0.8572,0.0046
362,011549 Ramco Publicis_Ramco Pte Ltd_Master Services Agreement _18th Nov_RS (2)_copy_423.pdf,0.8066,1.6562,0.857,0.0046
363,011549 Ramco Publicis_Ramco Pte Ltd_Master Services Agreement _18th Nov_RS (2)_copy_424.pdf,0.7959,1.6602,0.8569,0.0046
364,011549 Ramco Publicis_Ramco Pte Ltd_Master Services Agreement _18th Nov_RS (2)_copy_425.pdf,0.7783,1.6641,0.8567,0.0046
365,011549 Ramco Publicis_Ramco Pte Ltd_Master Services Agreement _18th Nov_RS (2)_copy_426.pdf,0.7871,1.668,0.8565,0.0046
366,011549 Ramco Publicis_Ramco Pte Ltd_Master Services Agreement _18th Nov_RS (2)_copy_427.pdf,0.7869,1.6719,0.8563,0.0046
367,011549 Ramco Publicis_Ramco Pte Ltd_Master Services Agreement _18th Nov_RS (2)_copy_428.pdf,0.901,1.6758,0.8564,0.0046
368,011549 Ramco Publicis_Ramco Pte Ltd_Master Services Agreement _18th Nov_RS (2)_copy_429.pdf,0.8156,1.6797,0.8563,0.0046
369,011549 Ramco Publicis_Ramco Pte Ltd_Master Services Agreement _18th Nov_RS (2)_copy_43.pdf,0.7904,1.6875,0.8561,0.0046
370,011549 Ramco Publicis_Ramco Pte Ltd_Master Services Agreement _18th Nov_RS (2)_copy_430.pdf,0.7916,1.6914,0.8559,0.0046
371,011549 Ramco Publicis_Ramco Pte Ltd_Master Services Agreement _18th Nov_RS (2)_copy_431.pdf,0.8084,1.6953,0.8558,0.0046
372,011549 Ramco Publicis_Ramco Pte Ltd_Master Services Agreement _18th Nov_RS (2)_copy_432.pdf,0.8024,1.6992,0.8557,0.0046
373,011549 Ramco Publicis_Ramco Pte Ltd_Master Services Agreement _18th Nov_RS (2)_copy_433.pdf,0.8171,1.7031,0.8556,0.0046
374,011549 Ramco Publicis_Ramco Pte Ltd_Master Services Agreement _18th Nov_RS (2)_copy_434.pdf,0.8244,1.707,0.8555,0.0046
375,011549 Ramco Publicis_Ramco Pte Ltd_Master Services Agreement _18th Nov_RS (2)_copy_435.pdf,0.8131,1.7109,0.8554,0.0046
376,011549 Ramco Publicis_Ramco Pte Ltd_Master Services Agreement _18th Nov_RS (2)_copy_436.pdf,0.7957,1.7148,0.8552,0.0046
377,011549 Ramco Publicis_Ramco Pte Ltd_Master Services Agreement _18th Nov_RS (2)_copy_437.pdf,0.8166,1.7227,0.8551,0.0046
378,011549 Ramco Publicis_Ramco Pte Ltd_Master Services Agreement _18th Nov_RS (2)_copy_438.pdf,0.8049,1.7266,0.855,0.0046
379,011549 Ramco Publicis_Ramco Pte Ltd_Master Services Agreement _18th Nov_RS (2)_copy_439.pdf,0.7777,1.7305,0.8548,0.0046
380,011549 Ramco Publicis_Ramco Pte Ltd_Master Services Agreement _18th Nov_RS (2)_copy_44.pdf,0.8216,1.7344,0.8547,0.0046
381,011549 Ramco Publicis_Ramco Pte Ltd_Master Services Agreement _18th Nov_RS (2)_copy_440.pdf,0.7952,1.7383,0.8545,0.0046
382,011549 Ramco Publicis_Ramco Pte Ltd_Master Services Agreement _18th Nov_RS (2)_copy_441.pdf,0.7976,1.7422,0.8544,0.0046
383,011549 Ramco Publicis_Ramco Pte Ltd_Master Services Agreement _18th Nov_RS (2)_copy_442.pdf,0.7881,1.7461,0.8542,0.0046
384,011549 Ramco Publicis_Ramco Pte Ltd_Master Services Agreement _18th Nov_RS (2)_copy_443.pdf,0.7875,1.7539,0.854,0.0046
385,011549 Ramco Publicis_Ramco Pte Ltd_Master Services Agreement _18th Nov_RS (2)_copy_444.pdf,0.8073,1.7617,0.8539,0.0046
386,011549 Ramco Publicis_Ramco Pte Ltd_Master Services Agreement _18th Nov_RS (2)_copy_445.pdf,0.7974,1.7656,0.8538,0.0046
387,011549 Ramco Publicis_Ramco Pte Ltd_Master Services Agreement _18th Nov_RS (2)_copy_446.pdf,0.8207,1.7695,0.8537,0.0046
388,011549 Ramco Publicis_Ramco Pte Ltd_Master Services Agreement _18th Nov_RS (2)_copy_447.pdf,0.8,1.7734,0.8535,0.0046
389,011549 Ramco Publicis_Ramco Pte Ltd_Master Services Agreement _18th Nov_RS (2)_copy_448.pdf,0.7766,1.7773,0.8533,0.0046
390,011549 Ramco Publicis_Ramco Pte Ltd_Master Services Agreement _18th Nov_RS (2)_copy_449.pdf,0.823,1.7812,0.8533,0.0046
391,011549 Ramco Publicis_Ramco Pte Ltd_Master Services Agreement _18th Nov_RS (2)_copy_45.pdf,0.7988,1.7852,0.8531,0.0046
392,011549 Ramco Publicis_Ramco Pte Ltd_Master Services Agreement _18th Nov_RS (2)_copy_450.pdf,0.7962,1.7891,0.853,0.0046
393,011549 Ramco Publicis_Ramco Pte Ltd_Master Services Agreement _18th Nov_RS (2)_copy_451.pdf,0.7787,1.7969,0.8528,0.0046
394,011549 Ramco Publicis_Ramco Pte Ltd_Master Services Agreement _18th Nov_RS (2)_copy_452.pdf,0.8188,1.8008,0.8527,0.0046
395,011549 Ramco Publicis_Ramco Pte Ltd_Master Services Agreement _18th Nov_RS (2)_copy_453.pdf,0.7977,1.8047,0.8526,0.0046
396,011549 Ramco Publicis_Ramco Pte Ltd_Master Services Agreement _18th Nov_RS (2)_copy_454.pdf,0.7876,1.8086,0.8524,0.0046
397,011549 Ramco Publicis_Ramco Pte Ltd_Master Services Agreement _18th Nov_RS (2)_copy_455.pdf,0.8124,1.8125,0.8523,0.0046
398,011549 Ramco Publicis_Ramco Pte Ltd_Master Services Agreement _18th Nov_RS (2)_copy_456.pdf,0.7987,1.8164,0.8522,0.0046
399,011549 Ramco Publicis_Ramco Pte Ltd_Master Services Agreement _18th Nov_RS (2)_copy_457.pdf,0.7762,1.8203,0.852,0.0046
400,011549 Ramco Publicis_Ramco Pte Ltd_Master Services Agreement _18th Nov_RS (2)_copy_458.pdf,0.8152,1.8242,0.8519,0.0046
401,011549 Ramco Publicis_Ramco Pte Ltd_Master Services Agreement _18th Nov_RS (2)_copy_459.pdf,0.7784,1.832,0.8517,0.0046
402,011549 Ramco Publicis_Ramco Pte Ltd_Master Services Agreement _18th Nov_RS (2)_copy_46.pdf,0.8042,1.8359,0.8516,0.0046
403,011549 Ramco Publicis_Ramco Pte Ltd_Master Services Agreement _18th Nov_RS (2)_copy_460.pdf,0.804,1.8398,0.8515,0.0046
404,011549 Ramco Publicis_Ramco Pte Ltd_Master Services Agreement _18th Nov_RS (2)_copy_461.pdf,0.8208,1.8438,0.8514,0.0046
405,011549 Ramco Publicis_Ramco Pte Ltd_Master Services Agreement _18th Nov_RS (2)_copy_462.pdf,0.7942,1.8477,0.8512,0.0046
406,011549 Ramco Publicis_Ramco Pte Ltd_Master Services Agreement _18th Nov_RS (2)_copy_463.pdf,0.788,1.8516,0.8511,0.0046
407,011549 Ramco Publicis_Ramco Pte Ltd_Master Services Agreement _18th Nov_RS (2)_copy_464.pdf,0.8102,1.8555,0.851,0.0046
408,011549 Ramco Publicis_Ramco Pte Ltd_Master Services Agreement _18th Nov_RS (2)_copy_465.pdf,0.8,1.8594,0.8509,0.0046
409,011549 Ramco Publicis_Ramco Pte Ltd_Master Services Agreement _18th Nov_RS (2)_copy_466.pdf,0.7767,1.8672,0.8507,0.0046
410,011549 Ramco Publicis_Ramco Pte Ltd_Master Services Agreement _18th Nov_RS (2)_copy_467.pdf,0.8517,1.8711,0.8507,0.0046
411,011549 Ramco Publicis_Ramco Pte Ltd_Master Services Agreement _18th Nov_RS (2)_copy_468.pdf,0.7947,1.875,0.8505,0.0046
412,011549 Ramco Publicis_Ramco Pte Ltd_Master Services Agreement _18th Nov_RS (2)_copy_469.pdf,0.8,1.8789,0.8504,0.0046
413,011549 Ramco Publicis_Ramco Pte Ltd_Master Services Agreement _18th Nov_RS (2)_copy_47.pdf,0.7989,1.8828,0.8503,0.0046
414,011549 Ramco Publicis_Ramco Pte Ltd_Master Services Agreement _18th Nov_RS (2)_copy_470.pdf,0.7988,1.8867,0.8502,0.0046
415,011549 Ramco Publicis_Ramco Pte Ltd_Master Services Agreement _18th Nov_RS (2)_copy_471.pdf,0.7993,1.8906,0.85,0.0046
416,011549 Ramco Publicis_Ramco Pte Ltd_Master Services Agreement _18th Nov_RS (2)_copy_472.pdf,0.7766,1.8945,0.8499,0.0046
417,011549 Ramco Publicis_Ramco Pte Ltd_Master Services Agreement _18th Nov_RS (2)_copy_473.pdf,0.7987,1.9023,0.8497,0.0046
418,011549 Ramco Publicis_Ramco Pte Ltd_Master Services Agreement _18th Nov_RS (2)_copy_474.pdf,0.7923,1.9062,0.8496,0.0046
419,011549 Ramco Publicis_Ramco Pte Ltd_Master Services Agreement _18th Nov_RS (2)_copy_475.pdf,0.7809,1.9102,0.8494,0.0046
420,011549 Ramco Publicis_Ramco Pte Ltd_Master Services Agreement _18th Nov_RS (2)_copy_476.pdf,0.8209,1.918,0.8494,0.0046
421,011549 Ramco Publicis_Ramco Pte Ltd_Master Services Agreement _18th Nov_RS (2)_copy_477.pdf,0.7961,1.9219,0.8493,0.0046
422,011549 Ramco Publicis_Ramco Pte Ltd_Master Services Agreement _18th Nov_RS (2)_copy_478.pdf,0.7972,1.9258,0.8491,0.0046
423,011549 Ramco Publicis_Ramco Pte Ltd_Master Services Agreement _18th Nov_RS (2)_copy_479.pdf,0.7877,1.9297,0.849,0.0046
424,011549 Ramco Publicis_Ramco Pte Ltd_Master Services Agreement _18th Nov_RS (2)_copy_48.pdf,0.8004,1.9336,0.8489,0.0046
425,011549 Ramco Publicis_Ramco Pte Ltd_Master Services Agreement _18th Nov_RS (2)_copy_480.pdf,0.8095,1.9414,0.8488,0.0046
426,011549 Ramco Publicis_Ramco Pte Ltd_Master Services Agreement _18th Nov_RS (2)_copy_481.pdf,0.7805,1.9453,0.8486,0.0046
427,011549 Ramco Publicis_Ramco Pte Ltd_Master Services Agreement _18th Nov_RS (2)_copy_482.pdf,0.8136,1.9492,0.8485,0.0046
428,011549 Ramco Publicis_Ramco Pte Ltd_Master Services Agreement _18th Nov_RS (2)_copy_483.pdf,0.8316,1.9531,0.8485,0.0046
429,011549 Ramco Publicis_Ramco Pte Ltd_Master Services Agreement _18th Nov_RS (2)_copy_484.pdf,0.7766,1.957,0.8483,0.0046
430,011549 Ramco Publicis_Ramco Pte Ltd_Master Services Agreement _18th Nov_RS (2)_copy_485.pdf,0.8,1.9609,0.8482,0.0046
431,011549 Ramco Publicis_Ramco Pte Ltd_Master Services Agreement _18th Nov_RS (2)_copy_486.pdf,0.7955,1.9648,0.8481,0.0046
432,011549 Ramco Publicis_Ramco Pte Ltd_Master Services Agreement _18th Nov_RS (2)_copy_487.pdf,0.7895,1.9688,0.848,0.0046
433,011549 Ramco Publicis_Ramco Pte Ltd_Master Services Agreement _18th Nov_RS (2)_copy_488.pdf,0.7826,1.9766,0.8478,0.0046
434,011549 Ramco Publicis_Ramco Pte Ltd_Master Services Agreement _18th Nov_RS (2)_copy_489.pdf,0.8248,1.9805,0.8478,0.0046
435,011549 Ramco Publicis_Ramco Pte Ltd_Master Services Agreement _18th Nov_RS (2)_copy_49.pdf,0.7993,1.9844,0.8476,0.0046
436,011549 Ramco Publicis_Ramco Pte Ltd_Master Services Agreement _18th Nov_RS (2)_copy_490.pdf,0.7766,1.9883,0.8475,0.0046
437,011549 Ramco Publicis_Ramco Pte Ltd_Master Services Agreement _18th Nov_RS (2)_copy_491.pdf,0.8201,1.9922,0.8474,0.0046
438,011549 Ramco Publicis_Ramco Pte Ltd_Master Services Agreement _18th Nov_RS (2)_copy_492.pdf,0.8004,1.9961,0.8473,0.0046
439,011549 Ramco Publicis_Ramco Pte Ltd_Master Services Agreement _18th Nov_RS (2)_copy_493.pdf,0.7825,2.0,0.8472,0.0046
440,011549 Ramco Publicis_Ramco Pte Ltd_Master Services Agreement _18th Nov_RS (2)_copy_494.pdf,0.8135,2.0039,0.8471,0.0046
441,011549 Ramco Publicis_Ramco Pte Ltd_Master Services Agreement _18th Nov_RS (2)_copy_495.pdf,0.7885,2.0117,0.847,0.0046
442,011549 Ramco Publicis_Ramco Pte Ltd_Master Services Agreement _18th Nov_RS (2)_copy_496.pdf,0.8093,2.0156,0.8469,0.0046
443,011549 Ramco Publicis_Ramco Pte Ltd_Master Services Agreement _18th Nov_RS (2)_copy_497.pdf,0.8016,2.0195,0.8468,0.0046
444,011549 Ramco Publicis_Ramco Pte Ltd_Master Services Agreement _18th Nov_RS (2)_copy_498.pdf,0.7966,2.0234,0.8467,0.0046
445,011549 Ramco Publicis_Ramco Pte Ltd_Master Services Agreement _18th Nov_RS (2)_copy_499.pdf,0.7993,2.0273,0.8465,0.0046
446,011549 Ramco Publicis_Ramco Pte Ltd_Master Services Agreement _18th Nov_RS (2)_copy_5.pdf,0.7852,2.0312,0.8464,0.0046
447,011549 Ramco Publicis_Ramco Pte Ltd_Master Services Agreement _18th Nov_RS (2)_copy_50.pdf,0.8381,2.0352,0.8464,0.0046
448,011549 Ramco Publicis_Ramco Pte Ltd_Master Services Agreement _18th Nov_RS (2)_copy_500.pdf,0.7883,2.0391,0.8463,0.0046
449,011549 Ramco Publicis_Ramco Pte Ltd_Master Services Agreement _18th Nov_RS (2)_copy_501.pdf,0.7866,2.0469,0.8461,0.0046
450,011549 Ramco Publicis_Ramco Pte Ltd_Master Services Agreement _18th Nov_RS (2)_copy_502.pdf,0.7977,2.0508,0.846,0.0046
451,011549 Ramco Publicis_Ramco Pte Ltd_Master Services Agreement _18th Nov_RS (2)_copy_503.pdf,0.7786,2.0547,0.8459,0.0046
452,011549 Ramco Publicis_Ramco Pte Ltd_Master Services Agreement _18th Nov_RS (2)_copy_504.pdf,0.7855,2.0586,0.8457,0.0046
453,011549 Ramco Publicis_Ramco Pte Ltd_Master Services Agreement _18th Nov_RS (2)_copy_505.pdf,0.8466,2.0625,0.8457,0.0046
454,011549 Ramco Publicis_Ramco Pte Ltd_Master Services Agreement _18th Nov_RS (2)_copy_506.pdf,0.789,2.0664,0.8456,0.0046
455,011549 Ramco Publicis_Ramco Pte Ltd_Master Services Agreement _18th Nov_RS (2)_copy_507.pdf,0.7957,2.0703,0.8455,0.0046
456,011549 Ramco Publicis_Ramco Pte Ltd_Master Services Agreement _18th Nov_RS (2)_copy_508.pdf,0.7824,2.0781,0.8454,0.0046
457,011549 Ramco Publicis_Ramco Pte Ltd_Master Services Agreement _18th Nov_RS (2)_copy_509.pdf,0.8171,2.0859,0.8453,0.0046
458,011549 Ramco Publicis_Ramco Pte Ltd_Master Services Agreement _18th Nov_RS (2)_copy_51.pdf,0.8026,2.0898,0.8452,0.0046
459,011549 Ramco Publicis_Ramco Pte Ltd_Master Services Agreement _18th Nov_RS (2)_copy_510.pdf,0.7801,2.0938,0.8451,0.0046
460,011549 Ramco Publicis_Ramco Pte Ltd_Master Services Agreement _18th Nov_RS (2)_copy_511.pdf,0.8124,2.0977,0.845,0.0046
461,011549 Ramco Publicis_Ramco Pte Ltd_Master Services Agreement _18th Nov_RS (2)_copy_512.pdf,0.7803,2.1016,0.8449,0.0046
462,011549 Ramco Publicis_Ramco Pte Ltd_Master Services Agreement _18th Nov_RS (2)_copy_513.pdf,0.8091,2.1055,0.8448,0.0046
463,011549 Ramco Publicis_Ramco Pte Ltd_Master Services Agreement _18th Nov_RS (2)_copy_514.pdf,0.8068,2.1094,0.8447,0.0046
464,011549 Ramco Publicis_Ramco Pte Ltd_Master Services Agreement _18th Nov_RS (2)_copy_515.pdf,0.7786,2.1133,0.8446,0.0046
465,011549 Ramco Publicis_Ramco Pte Ltd_Master Services Agreement _18th Nov_RS (2)_copy_516.pdf,0.8423,2.1211,0.8445,0.0046
466,011549 Ramco Publicis_Ramco Pte Ltd_Master Services Agreement _18th Nov_RS (2)_copy_517.pdf,0.7776,2.125,0.8444,0.0046
467,011549 Ramco Publicis_Ramco Pte Ltd_Master Services Agreement _18th Nov_RS (2)_copy_518.pdf,0.7848,2.1289,0.8443,0.0046
468,011549 Ramco Publicis_Ramco Pte Ltd_Master Services Agreement _18th Nov_RS (2)_copy_519.pdf,0.7936,2.1328,0.8442,0.0046
469,011549 Ramco Publicis_Ramco Pte Ltd_Master Services Agreement _18th Nov_RS (2)_copy_52.pdf,0.798,2.1367,0.8441,0.0046
470,011549 Ramco Publicis_Ramco Pte Ltd_Master Services Agreement _18th Nov_RS (2)_copy_520.pdf,0.8132,2.1406,0.844,0.0046
471,011549 Ramco Publicis_Ramco Pte Ltd_Master Services Agreement _18th Nov_RS (2)_copy_521.pdf,0.7793,2.1445,0.8439,0.0046
472,011549 Ramco Publicis_Ramco Pte Ltd_Master Services Agreement _18th Nov_RS (2)_copy_522.pdf,0.818,2.1484,0.8438,0.0046
473,011549 Ramco Publicis_Ramco Pte Ltd_Master Services Agreement _18th Nov_RS (2)_copy_523.pdf,0.8082,2.1562,0.8437,0.0046
474,011549 Ramco Publicis_Ramco Pte Ltd_Master Services Agreement _18th Nov_RS (2)_copy_524.pdf,0.7851,2.1602,0.8436,0.0046
475,011549 Ramco Publicis_Ramco Pte Ltd_Master Services Agreement _18th Nov_RS (2)_copy_525.pdf,0.8108,2.1641,0.8435,0.0046
476,011549 Ramco Publicis_Ramco Pte Ltd_Master Services Agreement _18th Nov_RS (2)_copy_526.pdf,0.7757,2.168,0.8434,0.0046
477,011549 Ramco Publicis_Ramco Pte Ltd_Master Services Agreement _18th Nov_RS (2)_copy_527.pdf,0.8016,2.1719,0.8433,0.0046
478,011549 Ramco Publicis_Ramco Pte Ltd_Master Services Agreement _18th Nov_RS (2)_copy_528.pdf,0.8257,2.1758,0.8433,0.0046
479,011549 Ramco Publicis_Ramco Pte Ltd_Master Services Agreement _18th Nov_RS (2)_copy_529.pdf,0.7735,2.1797,0.8431,0.0046
480,011549 Ramco Publicis_Ramco Pte Ltd_Master Services Agreement _18th Nov_RS (2)_copy_53.pdf,0.8119,2.1836,0.8431,0.0045
481,011549 Ramco Publicis_Ramco Pte Ltd_Master Services Agreement _18th Nov_RS (2)_copy_530.pdf,0.7866,2.1914,0.8429,0.0046
482,011549 Ramco Publicis_Ramco Pte Ltd_Master Services Agreement _18th Nov_RS (2)_copy_531.pdf,0.7948,2.1953,0.8428,0.0046
483,011549 Ramco Publicis_Ramco Pte Ltd_Master Services Agreement _18th Nov_RS (2)_copy_532.pdf,0.8478,2.1992,0.8429,0.0046
484,011549 Ramco Publicis_Ramco Pte Ltd_Master Services Agreement _18th Nov_RS (2)_copy_533.pdf,0.802,2.2031,0.8428,0.0046
485,011549 Ramco Publicis_Ramco Pte Ltd_Master Services Agreement _18th Nov_RS (2)_copy_534.pdf,0.7992,2.207,0.8427,0.0046
486,011549 Ramco Publicis_Ramco Pte Ltd_Master Services Agreement _18th Nov_RS (2)_copy_535.pdf,0.7823,2.2109,0.8426,0.0045
487,011549 Ramco Publicis_Ramco Pte Ltd_Master Services Agreement _18th Nov_RS (2)_copy_536.pdf,0.7914,2.2148,0.8425,0.0045
488,011549 Ramco Publicis_Ramco Pte Ltd_Master Services Agreement _18th Nov_RS (2)_copy_537.pdf,0.7843,2.2188,0.8423,0.0045
489,011549 Ramco Publicis_Ramco Pte Ltd_Master Services Agreement _18th Nov_RS (2)_copy_538.pdf,0.7825,2.2266,0.8422,0.0046
490,011549 Ramco Publicis_Ramco Pte Ltd_Master Services Agreement _18th Nov_RS (2)_copy_539.pdf,0.8142,2.2305,0.8422,0.0046
491,011549 Ramco Publicis_Ramco Pte Ltd_Master Services Agreement _18th Nov_RS (2)_copy_54.pdf,0.7865,2.2344,0.842,0.0046
492,011549 Ramco Publicis_Ramco Pte Ltd_Master Services Agreement _18th Nov_RS (2)_copy_540.pdf,0.819,2.2383,0.842,0.0045
493,011549 Ramco Publicis_Ramco Pte Ltd_Master Services Agreement _18th Nov_RS (2)_copy_541.pdf,0.7964,2.2461,0.8419,0.0046
494,011549 Ramco Publicis_Ramco Pte Ltd_Master Services Agreement _18th Nov_RS (2)_copy_542.pdf,0.783,2.25,0.8418,0.0046
495,011549 Ramco Publicis_Ramco Pte Ltd_Master Services Agreement _18th Nov_RS (2)_copy_543.pdf,0.8039,2.2539,0.8417,0.0046
496,011549 Ramco Publicis_Ramco Pte Ltd_Master Services Agreement _18th Nov_RS (2)_copy_544.pdf,0.7971,2.2578,0.8416,0.0046
497,011549 Ramco Publicis_Ramco Pte Ltd_Master Services Agreement _18th Nov_RS (2)_copy_545.pdf,0.817,2.2656,0.8416,0.0046
498,011549 Ramco Publicis_Ramco Pte Ltd_Master Services Agreement _18th Nov_RS (2)_copy_546.pdf,0.8048,2.2695,0.8415,0.0046
499,011549 Ramco Publicis_Ramco Pte Ltd_Master Services Agreement _18th Nov_RS (2)_copy_547.pdf,0.7838,2.2734,0.8414,0.0046
500,011549 Ramco Publicis_Ramco Pte Ltd_Master Services Agreement _18th Nov_RS (2)_copy_548.pdf,0.8051,2.2773,0.8413,0.0046
501,011549 Ramco Publicis_Ramco Pte Ltd_Master Services Agreement _18th Nov_RS (2)_copy_549.pdf,0.7771,2.2812,0.8412,0.0046
502,011549 Ramco Publicis_Ramco Pte Ltd_Master Services Agreement _18th Nov_RS (2)_copy_55.pdf,0.8003,2.2852,0.8411,0.0046
503,011549 Ramco Publicis_Ramco Pte Ltd_Master Services Agreement _18th Nov_RS (2)_copy_550.pdf,0.8519,2.2891,0.8411,0.0046
504,011549 Ramco Publicis_Ramco Pte Ltd_Master Services Agreement _18th Nov_RS (2)_copy_551.pdf,0.7737,2.293,0.841,0.0045
505,011549 Ramco Publicis_Ramco Pte Ltd_Master Services Agreement _18th Nov_RS (2)_copy_552.pdf,0.7959,2.3008,0.8409,0.0046
506,011549 Ramco Publicis_Ramco Pte Ltd_Master Services Agreement _18th Nov_RS (2)_copy_553.pdf,0.7821,2.3047,0.8408,0.0046
507,011549 Ramco Publicis_Ramco Pte Ltd_Master Services Agreement _18th Nov_RS (2)_copy_554.pdf,0.8237,2.3086,0.8407,0.0046
508,011549 Ramco Publicis_Ramco Pte Ltd_Master Services Agreement _18th Nov_RS (2)_copy_555.pdf,0.7947,2.3125,0.8407,0.0046
509,011549 Ramco Publicis_Ramco Pte Ltd_Master Services Agreement _18th Nov_RS (2)_copy_556.pdf,0.7744,2.3164,0.8405,0.0046
510,011549 Ramco Publicis_Ramco Pte Ltd_Master Services Agreement _18th Nov_RS (2)_copy_557.pdf,0.7867,2.3203,0.8404,0.0045
511,011549 Ramco Publicis_Ramco Pte Ltd_Master Services Agreement _18th Nov_RS (2)_copy_558.pdf,0.8058,2.3242,0.8404,0.0045
512,011549 Ramco Publicis_Ramco Pte Ltd_Master Services Agreement _18th Nov_RS (2)_copy_559.pdf,0.8246,2.3281,0.8403,0.0045
513,011549 Ramco Publicis_Ramco Pte Ltd_Master Services Agreement _18th Nov_RS (2)_copy_56.pdf,0.8026,2.3359,0.8402,0.0046
514,011549 Ramco Publicis_Ramco Pte Ltd_Master Services Agreement _18th Nov_RS (2)_copy_560.pdf,0.7779,2.3398,0.8401,0.0046
515,011549 Ramco Publicis_Ramco Pte Ltd_Master Services Agreement _18th Nov_RS (2)_copy_561.pdf,0.7966,2.3438,0.84,0.0046
516,011549 Ramco Publicis_Ramco Pte Ltd_Master Services Agreement _18th Nov_RS (2)_copy_562.pdf,0.7934,2.3477,0.84,0.0045
517,011549 Ramco Publicis_Ramco Pte Ltd_Master Services Agreement _18th Nov_RS (2)_copy_563.pdf,0.7969,2.3516,0.8399,0.0045
518,011549 Ramco Publicis_Ramco Pte Ltd_Master Services Agreement _18th Nov_RS (2)_copy_564.pdf,0.819,2.3555,0.8398,0.0045
519,011549 Ramco Publicis_Ramco Pte Ltd_Master Services Agreement _18th Nov_RS (2)_copy_565.pdf,0.7838,2.3594,0.8397,0.0045
520,011549 Ramco Publicis_Ramco Pte Ltd_Master Services Agreement _18th Nov_RS (2)_copy_566.pdf,0.8067,2.3633,0.8397,0.0045
521,011549 Ramco Publicis_Ramco Pte Ltd_Master Services Agreement _18th Nov_RS (2)_copy_567.pdf,0.7918,2.3711,0.8396,0.0046
522,011549 Ramco Publicis_Ramco Pte Ltd_Master Services Agreement _18th Nov_RS (2)_copy_568.pdf,0.7951,2.375,0.8395,0.0045
523,011549 Ramco Publicis_Ramco Pte Ltd_Master Services Agreement _18th Nov_RS (2)_copy_569.pdf,0.8786,2.3789,0.8396,0.0045
524,011549 Ramco Publicis_Ramco Pte Ltd_Master Services Agreement _18th Nov_RS (2)_copy_57.pdf,0.8048,2.3828,0.8395,0.0045
525,011549 Ramco Publicis_Ramco Pte Ltd_Master Services Agreement _18th Nov_RS (2)_copy_570.pdf,0.7801,2.3867,0.8394,0.0045
526,011549 Ramco Publicis_Ramco Pte Ltd_Master Services Agreement _18th Nov_RS (2)_copy_571.pdf,0.7903,2.3906,0.8393,0.0045
527,011549 Ramco Publicis_Ramco Pte Ltd_Master Services Agreement _18th Nov_RS (2)_copy_572.pdf,0.7881,2.3945,0.8392,0.0045
528,011549 Ramco Publicis_Ramco Pte Ltd_Master Services Agreement _18th Nov_RS (2)_copy_573.pdf,0.7921,2.3984,0.8391,0.0045
529,011549 Ramco Publicis_Ramco Pte Ltd_Master Services Agreement _18th Nov_RS (2)_copy_574.pdf,0.7852,2.4102,0.839,0.0046
530,011549 Ramco Publicis_Ramco Pte Ltd_Master Services Agreement _18th Nov_RS (2)_copy_575.pdf,0.8032,2.4141,0.8389,0.0046
531,011549 Ramco Publicis_Ramco Pte Ltd_Master Services Agreement _18th Nov_RS (2)_copy_576.pdf,0.7736,2.418,0.8388,0.0046
532,011549 Ramco Publicis_Ramco Pte Ltd_Master Services Agreement _18th Nov_RS (2)_copy_577.pdf,0.8196,2.4219,0.8388,0.0046
533,011549 Ramco Publicis_Ramco Pte Ltd_Master Services Agreement _18th Nov_RS (2)_copy_578.pdf,0.7957,2.4258,0.8387,0.0046
534,011549 Ramco Publicis_Ramco Pte Ltd_Master Services Agreement _18th Nov_RS (2)_copy_579.pdf,0.7799,2.4297,0.8386,0.0045
535,011549 Ramco Publicis_Ramco Pte Ltd_Master Services Agreement _18th Nov_RS (2)_copy_58.pdf,0.8331,2.4336,0.8386,0.0045
536,011549 Ramco Publicis_Ramco Pte Ltd_Master Services Agreement _18th Nov_RS (2)_copy_580.pdf,0.7705,2.4375,0.8384,0.0045
537,011549 Ramco Publicis_Ramco Pte Ltd_Master Services Agreement _18th Nov_RS (2)_copy_581.pdf,0.8228,2.4453,0.8384,0.0046
538,011549 Ramco Publicis_Ramco Pte Ltd_Master Services Agreement _18th Nov_RS (2)_copy_582.pdf,0.7974,2.4492,0.8383,0.0046
539,011549 Ramco Publicis_Ramco Pte Ltd_Master Services Agreement _18th Nov_RS (2)_copy_583.pdf,0.7871,2.4531,0.8382,0.0046
540,011549 Ramco Publicis_Ramco Pte Ltd_Master Services Agreement _18th Nov_RS (2)_copy_584.pdf,0.8093,2.457,0.8382,0.0046
541,011549 Ramco Publicis_Ramco Pte Ltd_Master Services Agreement _18th Nov_RS (2)_copy_585.pdf,0.7756,2.4609,0.8381,0.0045
542,011549 Ramco Publicis_Ramco Pte Ltd_Master Services Agreement _18th Nov_RS (2)_copy_586.pdf,0.8072,2.4648,0.838,0.0045
543,011549 Ramco Publicis_Ramco Pte Ltd_Master Services Agreement _18th Nov_RS (2)_copy_587.pdf,0.8447,2.4688,0.838,0.0045
544,011549 Ramco Publicis_Ramco Pte Ltd_Master Services Agreement _18th Nov_RS (2)_copy_588.pdf,0.7967,2.4727,0.8379,0.0045
545,011549 Ramco Publicis_Ramco Pte Ltd_Master Services Agreement _18th Nov_RS (2)_copy_589.pdf,0.794,2.4805,0.8379,0.0046
546,011549 Ramco Publicis_Ramco Pte Ltd_Master Services Agreement _18th Nov_RS (2)_copy_59.pdf,0.7788,2.4844,0.8378,0.0046
547,011549 Ramco Publicis_Ramco Pte Ltd_Master Services Agreement _18th Nov_RS (2)_copy_590.pdf,0.793,2.4883,0.8377,0.0045
548,011549 Ramco Publicis_Ramco Pte Ltd_Master Services Agreement _18th Nov_RS (2)_copy_591.pdf,0.78,2.4922,0.8376,0.0045
549,011549 Ramco Publicis_Ramco Pte Ltd_Master Services Agreement _18th Nov_RS (2)_copy_592.pdf,0.7979,2.4961,0.8375,0.0045
550,011549 Ramco Publicis_Ramco Pte Ltd_Master Services Agreement _18th Nov_RS (2)_copy_593.pdf,0.8013,2.5,0.8374,0.0045
551,011549 Ramco Publicis_Ramco Pte Ltd_Master Services Agreement _18th Nov_RS (2)_copy_594.pdf,0.7988,2.5039,0.8374,0.0045
552,011549 Ramco Publicis_Ramco Pte Ltd_Master Services Agreement _18th Nov_RS (2)_copy_595.pdf,0.8242,2.5078,0.8373,0.0045
553,011549 Ramco Publicis_Ramco Pte Ltd_Master Services Agreement _18th Nov_RS (2)_copy_596.pdf,0.7948,2.5156,0.8373,0.0045
554,011549 Ramco Publicis_Ramco Pte Ltd_Master Services Agreement _18th Nov_RS (2)_copy_597.pdf,0.7767,2.5195,0.8372,0.0045
555,011549 Ramco Publicis_Ramco Pte Ltd_Master Services Agreement _18th Nov_RS (2)_copy_598.pdf,0.7986,2.5234,0.8371,0.0045
556,011549 Ramco Publicis_Ramco Pte Ltd_Master Services Agreement _18th Nov_RS (2)_copy_599.pdf,0.8084,2.5273,0.837,0.0045
557,011549 Ramco Publicis_Ramco Pte Ltd_Master Services Agreement _18th Nov_RS (2)_copy_6.pdf,0.7908,2.5312,0.8369,0.0045
558,011549 Ramco Publicis_Ramco Pte Ltd_Master Services Agreement _18th Nov_RS (2)_copy_60.pdf,0.8161,2.5352,0.8369,0.0045
559,011549 Ramco Publicis_Ramco Pte Ltd_Master Services Agreement _18th Nov_RS (2)_copy_600.pdf,0.7826,2.5391,0.8368,0.0045
560,011549 Ramco Publicis_Ramco Pte Ltd_Master Services Agreement _18th Nov_RS (2)_copy_601.pdf,0.8172,2.543,0.8368,0.0045
561,011549 Ramco Publicis_Ramco Pte Ltd_Master Services Agreement _18th Nov_RS (2)_copy_602.pdf,0.7806,2.5508,0.8367,0.0045
562,011549 Ramco Publicis_Ramco Pte Ltd_Master Services Agreement _18th Nov_RS (2)_copy_603.pdf,0.8454,2.5547,0.8367,0.0045
563,011549 Ramco Publicis_Ramco Pte Ltd_Master Services Agreement _18th Nov_RS (2)_copy_604.pdf,0.7876,2.5586,0.8366,0.0045
564,011549 Ramco Publicis_Ramco Pte Ltd_Master Services Agreement _18th Nov_RS (2)_copy_605.pdf,0.785,2.5625,0.8365,0.0045
565,011549 Ramco Publicis_Ramco Pte Ltd_Master Services Agreement _18th Nov_RS (2)_copy_606.pdf,0.8012,2.5703,0.8365,0.0045
566,011549 Ramco Publicis_Ramco Pte Ltd_Master Services Agreement _18th Nov_RS (2)_copy_607.pdf,0.7703,2.5742,0.8363,0.0045
567,011549 Ramco Publicis_Ramco Pte Ltd_Master Services Agreement _18th Nov_RS (2)_copy_608.pdf,0.8181,2.5781,0.8363,0.0045
568,011549 Ramco Publicis_Ramco Pte Ltd_Master Services Agreement _18th Nov_RS (2)_copy_609.pdf,0.8069,2.582,0.8363,0.0045
569,011549 Ramco Publicis_Ramco Pte Ltd_Master Services Agreement _18th Nov_RS (2)_copy_61.pdf,0.7723,2.5898,0.8361,0.0046
570,011549 Ramco Publicis_Ramco Pte Ltd_Master Services Agreement _18th Nov_RS (2)_copy_610.pdf,0.8002,2.5938,0.8361,0.0046
571,011549 Ramco Publicis_Ramco Pte Ltd_Master Services Agreement _18th Nov_RS (2)_copy_611.pdf,0.8075,2.5977,0.836,0.0045
572,011549 Ramco Publicis_Ramco Pte Ltd_Master Services Agreement _18th Nov_RS (2)_copy_612.pdf,0.8169,2.6016,0.836,0.0045
573,011549 Ramco Publicis_Ramco Pte Ltd_Master Services Agreement _18th Nov_RS (2)_copy_613.pdf,0.7976,2.6055,0.8359,0.0045
574,011549 Ramco Publicis_Ramco Pte Ltd_Master Services Agreement _18th Nov_RS (2)_copy_614.pdf,0.7866,2.6094,0.8358,0.0045
575,011549 Ramco Publicis_Ramco Pte Ltd_Master Services Agreement _18th Nov_RS (2)_copy_615.pdf,0.8089,2.6133,0.8358,0.0045
576,011549 Ramco Publicis_Ramco Pte Ltd_Master Services Agreement _18th Nov_RS (2)_copy_616.pdf,0.7867,2.6172,0.8357,0.0045
577,011549 Ramco Publicis_Ramco Pte Ltd_Master Services Agreement _18th Nov_RS (2)_copy_617.pdf,0.8086,2.625,0.8357,0.0045
578,011549 Ramco Publicis_Ramco Pte Ltd_Master Services Agreement _18th Nov_RS (2)_copy_618.pdf,0.8047,2.6289,0.8356,0.0045
579,011549 Ramco Publicis_Ramco Pte Ltd_Master Services Agreement _18th Nov_RS (2)_copy_619.pdf,0.7798,2.6328,0.8355,0.0045
580,011549 Ramco Publicis_Ramco Pte Ltd_Master Services Agreement _18th Nov_RS (2)_copy_62.pdf,0.8153,2.6367,0.8355,0.0045
581,011549 Ramco Publicis_Ramco Pte Ltd_Master Services Agreement _18th Nov_RS (2)_copy_620.pdf,0.7795,2.6406,0.8354,0.0045
582,011549 Ramco Publicis_Ramco Pte Ltd_Master Services Agreement _18th Nov_RS (2)_copy_621.pdf,0.8503,2.6445,0.8354,0.0045
583,011549 Ramco Publicis_Ramco Pte Ltd_Master Services Agreement _18th Nov_RS (2)_copy_622.pdf,0.7881,2.6484,0.8353,0.0045
584,011549 Ramco Publicis_Ramco Pte Ltd_Master Services Agreement _18th Nov_RS (2)_copy_623.pdf,0.7831,2.6523,0.8352,0.0045
585,011549 Ramco Publicis_Ramco Pte Ltd_Master Services Agreement _18th Nov_RS (2)_copy_624.pdf,0.7972,2.6602,0.8352,0.0045
586,011549 Ramco Publicis_Ramco Pte Ltd_Master Services Agreement _18th Nov_RS (2)_copy_625.pdf,0.7744,2.6641,0.8351,0.0045
587,011549 Ramco Publicis_Ramco Pte Ltd_Master Services Agreement _18th Nov_RS (2)_copy_626.pdf,0.825,2.668,0.8351,0.0045
588,011549 Ramco Publicis_Ramco Pte Ltd_Master Services Agreement _18th Nov_RS (2)_copy_627.pdf,0.8158,2.6719,0.835,0.0045
589,011549 Ramco Publicis_Ramco Pte Ltd_Master Services Agreement _18th Nov_RS (2)_copy_628.pdf,0.7777,2.6758,0.8349,0.0045
590,011549 Ramco Publicis_Ramco Pte Ltd_Master Services Agreement _18th Nov_RS (2)_copy_629.pdf,0.8007,2.6797,0.8349,0.0045
591,011549 Ramco Publicis_Ramco Pte Ltd_Master Services Agreement _18th Nov_RS (2)_copy_63.pdf,0.7747,2.6836,0.8348,0.0045
592,011549 Ramco Publicis_Ramco Pte Ltd_Master Services Agreement _18th Nov_RS (2)_copy_630.pdf,0.8551,2.6875,0.8348,0.0045
593,011549 Ramco Publicis_Ramco Pte Ltd_Master Services Agreement _18th Nov_RS (2)_copy_631.pdf,0.8823,2.6953,0.8349,0.0045
594,011549 Ramco Publicis_Ramco Pte Ltd_Master Services Agreement _18th Nov_RS (2)_copy_632.pdf,0.9347,2.6992,0.835,0.0045
595,011549 Ramco Publicis_Ramco Pte Ltd_Master Services Agreement _18th Nov_RS (2)_copy_633.pdf,0.8105,2.7031,0.835,0.0045
596,011549 Ramco Publicis_Ramco Pte Ltd_Master Services Agreement _18th Nov_RS (2)_copy_634.pdf,0.8184,2.707,0.835,0.0045
597,011549 Ramco Publicis_Ramco Pte Ltd_Master Services Agreement _18th Nov_RS (2)_copy_635.pdf,0.8067,2.7109,0.8349,0.0045
598,011549 Ramco Publicis_Ramco Pte Ltd_Master Services Agreement _18th Nov_RS (2)_copy_636.pdf,0.835,2.7148,0.8349,0.0045
599,011549 Ramco Publicis_Ramco Pte Ltd_Master Services Agreement _18th Nov_RS (2)_copy_637.pdf,0.8207,2.7188,0.8349,0.0045
600,011549 Ramco Publicis_Ramco Pte Ltd_Master Services Agreement _18th Nov_RS (2)_copy_638.pdf,0.7654,2.7227,0.8348,0.0045
601,011549 Ramco Publicis_Ramco Pte Ltd_Master Services Agreement _18th Nov_RS (2)_copy_639.pdf,0.7572,2.7305,0.8347,0.0045
602,011549 Ramco Publicis_Ramco Pte Ltd_Master Services Agreement _18th Nov_RS (2)_copy_64.pdf,0.812,2.7383,0.8346,0.0045
603,011549 Ramco Publicis_Ramco Pte Ltd_Master Services Agreement _18th Nov_RS (2)_copy_640.pdf,0.8269,2.7422,0.8346,0.0045
604,011549 Ramco Publicis_Ramco Pte Ltd_Master Services Agreement _18th Nov_RS (2)_copy_641.pdf,0.8031,2.7461,0.8346,0.0045
605,011549 Ramco Publicis_Ramco Pte Ltd_Master Services Agreement _18th Nov_RS (2)_copy_642.pdf,0.8024,2.75,0.8345,0.0045
606,011549 Ramco Publicis_Ramco Pte Ltd_Master Services Agreement _18th Nov_RS (2)_copy_643.pdf,0.8262,2.7539,0.8345,0.0045
607,011549 Ramco Publicis_Ramco Pte Ltd_Master Services Agreement _18th Nov_RS (2)_copy_644.pdf,0.7657,2.7578,0.8344,0.0045
608,011549 Ramco Publicis_Ramco Pte Ltd_Master Services Agreement _18th Nov_RS (2)_copy_645.pdf,0.759,2.7617,0.8343,0.0045
609,011549 Ramco Publicis_Ramco Pte Ltd_Master Services Agreement _18th Nov_RS (2)_copy_646.pdf,0.8126,2.7695,0.8342,0.0045
610,011549 Ramco Publicis_Ramco Pte Ltd_Master Services Agreement _18th Nov_RS (2)_copy_647.pdf,0.8241,2.7734,0.8342,0.0045
611,011549 Ramco Publicis_Ramco Pte Ltd_Master Services Agreement _18th Nov_RS (2)_copy_648.pdf,0.8133,2.7773,0.8342,0.0045
612,011549 Ramco Publicis_Ramco Pte Ltd_Master Services Agreement _18th Nov_RS (2)_copy_649.pdf,0.8019,2.7812,0.8341,0.0045
613,011549 Ramco Publicis_Ramco Pte Ltd_Master Services Agreement _18th Nov_RS (2)_copy_65.pdf,0.8131,2.7852,0.8341,0.0045
614,011549 Ramco Publicis_Ramco Pte Ltd_Master Services Agreement _18th Nov_RS (2)_copy_650.pdf,0.7746,2.7891,0.834,0.0045
615,011549 Ramco Publicis_Ramco Pte Ltd_Master Services Agreement _18th Nov_RS (2)_copy_651.pdf,0.7702,2.793,0.8339,0.0045
616,011549 Ramco Publicis_Ramco Pte Ltd_Master Services Agreement _18th Nov_RS (2)_copy_652.pdf,0.7985,2.7969,0.8338,0.0045
617,011549 Ramco Publicis_Ramco Pte Ltd_Master Services Agreement _18th Nov_RS (2)_copy_653.pdf,0.8036,2.8047,0.8338,0.0045
618,011549 Ramco Publicis_Ramco Pte Ltd_Master Services Agreement _18th Nov_RS (2)_copy_654.pdf,0.8308,2.8086,0.8338,0.0045
619,011549 Ramco Publicis_Ramco Pte Ltd_Master Services Agreement _18th Nov_RS (2)_copy_655.pdf,0.7838,2.8125,0.8337,0.0045
620,011549 Ramco Publicis_Ramco Pte Ltd_Master Services Agreement _18th Nov_RS (2)_copy_656.pdf,0.8279,2.8164,0.8337,0.0045
621,011549 Ramco Publicis_Ramco Pte Ltd_Master Services Agreement _18th Nov_RS (2)_copy_657.pdf,0.7522,2.8203,0.8335,0.0045
622,011549 Ramco Publicis_Ramco Pte Ltd_Master Services Agreement _18th Nov_RS (2)_copy_658.pdf,0.8202,2.8242,0.8335,0.0045
623,011549 Ramco Publicis_Ramco Pte Ltd_Master Services Agreement _18th Nov_RS (2)_copy_659.pdf,0.8243,2.8281,0.8335,0.0045
624,011549 Ramco Publicis_Ramco Pte Ltd_Master Services Agreement _18th Nov_RS (2)_copy_66.pdf,0.8202,2.832,0.8335,0.0045
625,011549 Ramco Publicis_Ramco Pte Ltd_Master Services Agreement _18th Nov_RS (2)_copy_660.pdf,0.8196,2.8398,0.8335,0.0045
626,011549 Ramco Publicis_Ramco Pte Ltd_Master Services Agreement _18th Nov_RS (2)_copy_661.pdf,0.7941,2.8438,0.8334,0.0045
627,011549 Ramco Publicis_Ramco Pte Ltd_Master Services Agreement _18th Nov_RS (2)_copy_662.pdf,0.8275,2.8477,0.8334,0.0045
628,011549 Ramco Publicis_Ramco Pte Ltd_Master Services Agreement _18th Nov_RS (2)_copy_663.pdf,0.7848,2.8516,0.8333,0.0045
629,011549 Ramco Publicis_Ramco Pte Ltd_Master Services Agreement _18th Nov_RS (2)_copy_664.pdf,0.783,2.8555,0.8332,0.0045
630,011549 Ramco Publicis_Ramco Pte Ltd_Master Services Agreement _18th Nov_RS (2)_copy_665.pdf,0.8182,2.8594,0.8332,0.0045
631,011549 Ramco Publicis_Ramco Pte Ltd_Master Services Agreement _18th Nov_RS (2)_copy_666.pdf,0.7974,2.8633,0.8332,0.0045
632,011549 Ramco Publicis_Ramco Pte Ltd_Master Services Agreement _18th Nov_RS (2)_copy_667.pdf,0.8075,2.8672,0.8331,0.0045
633,011549 Ramco Publicis_Ramco Pte Ltd_Master Services Agreement _18th Nov_RS (2)_copy_668.pdf,0.7906,2.875,0.833,0.0045
634,011549 Ramco Publicis_Ramco Pte Ltd_Master Services Agreement _18th Nov_RS (2)_copy_669.pdf,0.7849,2.8789,0.833,0.0045
635,011549 Ramco Publicis_Ramco Pte Ltd_Master Services Agreement _18th Nov_RS (2)_copy_67.pdf,0.8162,2.8828,0.8329,0.0045
636,011549 Ramco Publicis_Ramco Pte Ltd_Master Services Agreement _18th Nov_RS (2)_copy_670.pdf,0.7868,2.8867,0.8329,0.0045
637,011549 Ramco Publicis_Ramco Pte Ltd_Master Services Agreement _18th Nov_RS (2)_copy_671.pdf,0.814,2.8906,0.8328,0.0045
638,011549 Ramco Publicis_Ramco Pte Ltd_Master Services Agreement _18th Nov_RS (2)_copy_672.pdf,0.8061,2.8945,0.8328,0.0045
639,011549 Ramco Publicis_Ramco Pte Ltd_Master Services Agreement _18th Nov_RS (2)_copy_673.pdf,0.8005,2.9023,0.8328,0.0045
640,011549 Ramco Publicis_Ramco Pte Ltd_Master Services Agreement _18th Nov_RS (2)_copy_674.pdf,0.7973,2.9062,0.8327,0.0045
641,011549 Ramco Publicis_Ramco Pte Ltd_Master Services Agreement _18th Nov_RS (2)_copy_675.pdf,0.7924,2.9141,0.8326,0.0045
642,011549 Ramco Publicis_Ramco Pte Ltd_Master Services Agreement _18th Nov_RS (2)_copy_676.pdf,0.8018,2.918,0.8326,0.0045
643,011549 Ramco Publicis_Ramco Pte Ltd_Master Services Agreement _18th Nov_RS (2)_copy_677.pdf,0.7867,2.9219,0.8325,0.0045
644,011549 Ramco Publicis_Ramco Pte Ltd_Master Services Agreement _18th Nov_RS (2)_copy_678.pdf,0.7969,2.9258,0.8325,0.0045
645,011549 Ramco Publicis_Ramco Pte Ltd_Master Services Agreement _18th Nov_RS (2)_copy_679.pdf,0.8035,2.9297,0.8324,0.0045
646,011549 Ramco Publicis_Ramco Pte Ltd_Master Services Agreement _18th Nov_RS (2)_copy_68.pdf,0.7899,2.9336,0.8323,0.0045
647,011549 Ramco Publicis_Ramco Pte Ltd_Master Services Agreement _18th Nov_RS (2)_copy_680.pdf,0.826,2.9375,0.8323,0.0045
648,011549 Ramco Publicis_Ramco Pte Ltd_Master Services Agreement _18th Nov_RS (2)_copy_681.pdf,0.798,2.9414,0.8323,0.0045
649,011549 Ramco Publicis_Ramco Pte Ltd_Master Services Agreement _18th Nov_RS (2)_copy_682.pdf,0.7898,2.9492,0.8322,0.0045
650,011549 Ramco Publicis_Ramco Pte Ltd_Master Services Agreement _18th Nov_RS (2)_copy_683.pdf,0.7954,2.9531,0.8322,0.0045
651,011549 Ramco Publicis_Ramco Pte Ltd_Master Services Agreement _18th Nov_RS (2)_copy_684.pdf,0.7826,2.957,0.8321,0.0045
652,011549 Ramco Publicis_Ramco Pte Ltd_Master Services Agreement _18th Nov_RS (2)_copy_685.pdf,0.818,2.9609,0.8321,0.0045
653,011549 Ramco Publicis_Ramco Pte Ltd_Master Services Agreement _18th Nov_RS (2)_copy_686.pdf,0.7887,2.9648,0.832,0.0045
654,011549 Ramco Publicis_Ramco Pte Ltd_Master Services Agreement _18th Nov_RS (2)_copy_687.pdf,0.8125,2.9688,0.832,0.0045
655,011549 Ramco Publicis_Ramco Pte Ltd_Master Services Agreement _18th Nov_RS (2)_copy_688.pdf,0.7985,2.9727,0.8319,0.0045
656,011549 Ramco Publicis_Ramco Pte Ltd_Master Services Agreement _18th Nov_RS (2)_copy_689.pdf,0.7774,2.9766,0.8318,0.0045
657,011549 Ramco Publicis_Ramco Pte Ltd_Master Services Agreement _18th Nov_RS (2)_copy_69.pdf,0.8414,2.9844,0.8318,0.0045
658,011549 Ramco Publicis_Ramco Pte Ltd_Master Services Agreement _18th Nov_RS (2)_copy_690.pdf,0.7747,2.9883,0.8318,0.0045
659,011549 Ramco Publicis_Ramco Pte Ltd_Master Services Agreement _18th Nov_RS (2)_copy_691.pdf,0.7993,2.9922,0.8317,0.0045
660,011549 Ramco Publicis_Ramco Pte Ltd_Master Services Agreement _18th Nov_RS (2)_copy_692.pdf,0.7826,2.9961,0.8316,0.0045
661,011549 Ramco Publicis_Ramco Pte Ltd_Master Services Agreement _18th Nov_RS (2)_copy_693.pdf,0.7911,3.0,0.8316,0.0045
662,011549 Ramco Publicis_Ramco Pte Ltd_Master Services Agreement _18th Nov_RS (2)_copy_694.pdf,0.8037,3.0039,0.8315,0.0045
663,011549 Ramco Publicis_Ramco Pte Ltd_Master Services Agreement _18th Nov_RS (2)_copy_695.pdf,0.796,3.0078,0.8315,0.0045
664,011549 Ramco Publicis_Ramco Pte Ltd_Master Services Agreement _18th Nov_RS (2)_copy_696.pdf,0.8173,3.0117,0.8315,0.0045
665,011549 Ramco Publicis_Ramco Pte Ltd_Master Services Agreement _18th Nov_RS (2)_copy_697.pdf,0.8025,3.0195,0.8314,0.0045
666,011549 Ramco Publicis_Ramco Pte Ltd_Master Services Agreement _18th Nov_RS (2)_copy_698.pdf,0.778,3.0234,0.8313,0.0045
667,011549 Ramco Publicis_Ramco Pte Ltd_Master Services Agreement _18th Nov_RS (2)_copy_699.pdf,0.8202,3.0273,0.8313,0.0045
668,011549 Ramco Publicis_Ramco Pte Ltd_Master Services Agreement _18th Nov_RS (2)_copy_7.pdf,0.8073,3.0312,0.8313,0.0045
669,011549 Ramco Publicis_Ramco Pte Ltd_Master Services Agreement _18th Nov_RS (2)_copy_70.pdf,0.7952,3.0352,0.8312,0.0045
670,011549 Ramco Publicis_Ramco Pte Ltd_Master Services Agreement _18th Nov_RS (2)_copy_700.pdf,0.7939,3.0391,0.8312,0.0045
671,011549 Ramco Publicis_Ramco Pte Ltd_Master Services Agreement _18th Nov_RS (2)_copy_701.pdf,0.7965,3.043,0.8311,0.0045
672,011549 Ramco Publicis_Ramco Pte Ltd_Master Services Agreement _18th Nov_RS (2)_copy_702.pdf,0.8089,3.0469,0.8311,0.0045
673,011549 Ramco Publicis_Ramco Pte Ltd_Master Services Agreement _18th Nov_RS (2)_copy_703.pdf,0.7817,3.0547,0.831,0.0045
674,011549 Ramco Publicis_Ramco Pte Ltd_Master Services Agreement _18th Nov_RS (2)_copy_704.pdf,0.811,3.0586,0.831,0.0045
675,011549 Ramco Publicis_Ramco Pte Ltd_Master Services Agreement _18th Nov_RS (2)_copy_705.pdf,0.8033,3.0664,0.8309,0.0045
676,011549 Ramco Publicis_Ramco Pte Ltd_Master Services Agreement _18th Nov_RS (2)_copy_706.pdf,0.7926,3.0703,0.8309,0.0045
677,011549 Ramco Publicis_Ramco Pte Ltd_Master Services Agreement _18th Nov_RS (2)_copy_707.pdf,0.8002,3.0742,0.8308,0.0045
678,011549 Ramco Publicis_Ramco Pte Ltd_Master Services Agreement _18th Nov_RS (2)_copy_708.pdf,0.7847,3.0781,0.8308,0.0045
679,011549 Ramco Publicis_Ramco Pte Ltd_Master Services Agreement _18th Nov_RS (2)_copy_709.pdf,0.8127,3.082,0.8307,0.0045
680,011549 Ramco Publicis_Ramco Pte Ltd_Master Services Agreement _18th Nov_RS (2)_copy_71.pdf,0.8006,3.0859,0.8307,0.0045
681,011549 Ramco Publicis_Ramco Pte Ltd_Master Services Agreement _18th Nov_RS (2)_copy_710.pdf,0.7981,3.0938,0.8307,0.0045
682,011549 Ramco Publicis_Ramco Pte Ltd_Master Services Agreement _18th Nov_RS (2)_copy_711.pdf,0.7991,3.0977,0.8306,0.0045
683,011549 Ramco Publicis_Ramco Pte Ltd_Master Services Agreement _18th Nov_RS (2)_copy_712.pdf,0.7807,3.1016,0.8305,0.0045
684,011549 Ramco Publicis_Ramco Pte Ltd_Master Services Agreement _18th Nov_RS (2)_copy_713.pdf,0.8212,3.1055,0.8305,0.0045
685,011549 Ramco Publicis_Ramco Pte Ltd_Master Services Agreement _18th Nov_RS (2)_copy_714.pdf,0.8009,3.1094,0.8305,0.0045
686,011549 Ramco Publicis_Ramco Pte Ltd_Master Services Agreement _18th Nov_RS (2)_copy_715.pdf,0.8008,3.1133,0.8304,0.0045
687,011549 Ramco Publicis_Ramco Pte Ltd_Master Services Agreement _18th Nov_RS (2)_copy_716.pdf,0.7947,3.1172,0.8304,0.0045
688,011549 Ramco Publicis_Ramco Pte Ltd_Master Services Agreement _18th Nov_RS (2)_copy_717.pdf,0.7895,3.1211,0.8303,0.0045
689,011549 Ramco Publicis_Ramco Pte Ltd_Master Services Agreement _18th Nov_RS (2)_copy_718.pdf,0.7968,3.1289,0.8303,0.0045
690,011549 Ramco Publicis_Ramco Pte Ltd_Master Services Agreement _18th Nov_RS (2)_copy_719.pdf,0.8125,3.1328,0.8302,0.0045
691,011549 Ramco Publicis_Ramco Pte Ltd_Master Services Agreement _18th Nov_RS (2)_copy_72.pdf,0.7937,3.1367,0.8302,0.0045
692,011549 Ramco Publicis_Ramco Pte Ltd_Master Services Agreement _18th Nov_RS (2)_copy_720.pdf,0.8025,3.1406,0.8302,0.0045
693,011549 Ramco Publicis_Ramco Pte Ltd_Master Services Agreement _18th Nov_RS (2)_copy_721.pdf,0.7874,3.1445,0.8301,0.0045
694,011549 Ramco Publicis_Ramco Pte Ltd_Master Services Agreement _18th Nov_RS (2)_copy_722.pdf,0.8052,3.1484,0.8301,0.0045
695,011549 Ramco Publicis_Ramco Pte Ltd_Master Services Agreement _18th Nov_RS (2)_copy_723.pdf,0.7984,3.1523,0.83,0.0045
696,011549 Ramco Publicis_Ramco Pte Ltd_Master Services Agreement _18th Nov_RS (2)_copy_724.pdf,0.781,3.1562,0.8299,0.0045
697,011549 Ramco Publicis_Ramco Pte Ltd_Master Services Agreement _18th Nov_RS (2)_copy_725.pdf,0.8203,3.1641,0.8299,0.0045
698,011549 Ramco Publicis_Ramco Pte Ltd_Master Services Agreement _18th Nov_RS (2)_copy_726.pdf,0.7865,3.168,0.8299,0.0045
699,011549 Ramco Publicis_Ramco Pte Ltd_Master Services Agreement _18th Nov_RS (2)_copy_727.pdf,0.8284,3.1719,0.8299,0.0045
700,011549 Ramco Publicis_Ramco Pte Ltd_Master Services Agreement _18th Nov_RS (2)_copy_728.pdf,0.7954,3.1758,0.8298,0.0045
701,011549 Ramco Publicis_Ramco Pte Ltd_Master Services Agreement _18th Nov_RS (2)_copy_729.pdf,0.7912,3.1797,0.8298,0.0045
702,011549 Ramco Publicis_Ramco Pte Ltd_Master Services Agreement _18th Nov_RS (2)_copy_73.pdf,0.8056,3.1836,0.8297,0.0045
703,011549 Ramco Publicis_Ramco Pte Ltd_Master Services Agreement _18th Nov_RS (2)_copy_730.pdf,0.7909,3.1875,0.8297,0.0045
704,011549 Ramco Publicis_Ramco Pte Ltd_Master Services Agreement _18th Nov_RS (2)_copy_731.pdf,0.798,3.1914,0.8296,0.0045
705,011549 Ramco Publicis_Ramco Pte Ltd_Master Services Agreement _18th Nov_RS (2)_copy_732.pdf,0.7993,3.1992,0.8296,0.0045
706,011549 Ramco Publicis_Ramco Pte Ltd_Master Services Agreement _18th Nov_RS (2)_copy_733.pdf,0.7952,3.2031,0.8295,0.0045
707,011549 Ramco Publicis_Ramco Pte Ltd_Master Services Agreement _18th Nov_RS (2)_copy_734.pdf,0.8069,3.207,0.8295,0.0045
708,011549 Ramco Publicis_Ramco Pte Ltd_Master Services Agreement _18th Nov_RS (2)_copy_735.pdf,0.7902,3.2109,0.8294,0.0045
709,011549 Ramco Publicis_Ramco Pte Ltd_Master Services Agreement _18th Nov_RS (2)_copy_736.pdf,0.8044,3.2148,0.8294,0.0045
710,011549 Ramco Publicis_Ramco Pte Ltd_Master Services Agreement _18th Nov_RS (2)_copy_737.pdf,0.7946,3.2188,0.8294,0.0045
711,011549 Ramco Publicis_Ramco Pte Ltd_Master Services Agreement _18th Nov_RS (2)_copy_738.pdf,0.7997,3.2227,0.8293,0.0045
712,011549 Ramco Publicis_Ramco Pte Ltd_Master Services Agreement _18th Nov_RS (2)_copy_739.pdf,0.8016,3.2305,0.8293,0.0045
713,011549 Ramco Publicis_Ramco Pte Ltd_Master Services Agreement _18th Nov_RS (2)_copy_74.pdf,0.7984,3.2383,0.8292,0.0045
714,011549 Ramco Publicis_Ramco Pte Ltd_Master Services Agreement _18th Nov_RS (2)_copy_740.pdf,0.7992,3.2422,0.8292,0.0045
715,011549 Ramco Publicis_Ramco Pte Ltd_Master Services Agreement _18th Nov_RS (2)_copy_741.pdf,0.7961,3.2461,0.8291,0.0045
716,011549 Ramco Publicis_Ramco Pte Ltd_Master Services Agreement _18th Nov_RS (2)_copy_742.pdf,0.7997,3.25,0.8291,0.0045
717,011549 Ramco Publicis_Ramco Pte Ltd_Master Services Agreement _18th Nov_RS (2)_copy_743.pdf,0.7995,3.2539,0.8291,0.0045
718,011549 Ramco Publicis_Ramco Pte Ltd_Master Services Agreement _18th Nov_RS (2)_copy_744.pdf,0.7984,3.2578,0.829,0.0045
719,011549 Ramco Publicis_Ramco Pte Ltd_Master Services Agreement _18th Nov_RS (2)_copy_745.pdf,0.7984,3.2617,0.829,0.0045
720,011549 Ramco Publicis_Ramco Pte Ltd_Master Services Agreement _18th Nov_RS (2)_copy_746.pdf,0.798,3.2656,0.8289,0.0045
721,011549 Ramco Publicis_Ramco Pte Ltd_Master Services Agreement _18th Nov_RS (2)_copy_747.pdf,0.7989,3.2734,0.8289,0.0045
722,011549 Ramco Publicis_Ramco Pte Ltd_Master Services Agreement _18th Nov_RS (2)_copy_748.pdf,0.7929,3.2773,0.8288,0.0045
723,011549 Ramco Publicis_Ramco Pte Ltd_Master Services Agreement _18th Nov_RS (2)_copy_749.pdf,0.7946,3.2812,0.8288,0.0045
724,011549 Ramco Publicis_Ramco Pte Ltd_Master Services Agreement _18th Nov_RS (2)_copy_75.pdf,0.8098,3.2852,0.8288,0.0045
725,011549 Ramco Publicis_Ramco Pte Ltd_Master Services Agreement _18th Nov_RS (2)_copy_750.pdf,0.8227,3.2891,0.8288,0.0045
726,011549 Ramco Publicis_Ramco Pte Ltd_Master Services Agreement _18th Nov_RS (2)_copy_751.pdf,0.7928,3.293,0.8287,0.0045
727,011549 Ramco Publicis_Ramco Pte Ltd_Master Services Agreement _18th Nov_RS (2)_copy_752.pdf,0.788,3.2969,0.8287,0.0045
728,011549 Ramco Publicis_Ramco Pte Ltd_Master Services Agreement _18th Nov_RS (2)_copy_753.pdf,0.8077,3.3008,0.8286,0.0045
729,011549 Ramco Publicis_Ramco Pte Ltd_Master Services Agreement _18th Nov_RS (2)_copy_754.pdf,0.8764,3.3086,0.8287,0.0045
730,011549 Ramco Publicis_Ramco Pte Ltd_Master Services Agreement _18th Nov_RS (2)_copy_755.pdf,0.8721,3.3125,0.8288,0.0045
731,011549 Ramco Publicis_Ramco Pte Ltd_Master Services Agreement _18th Nov_RS (2)_copy_756.pdf,1.0057,3.3164,0.829,0.0045
732,011549 Ramco Publicis_Ramco Pte Ltd_Master Services Agreement _18th Nov_RS (2)_copy_757.pdf,0.8763,3.3203,0.8291,0.0045
733,011549 Ramco Publicis_Ramco Pte Ltd_Master Services Agreement _18th Nov_RS (2)_copy_758.pdf,0.8986,3.3242,0.8292,0.0045
734,011549 Ramco Publicis_Ramco Pte Ltd_Master Services Agreement _18th Nov_RS (2)_copy_759.pdf,0.9617,3.3281,0.8293,0.0045
735,011549 Ramco Publicis_Ramco Pte Ltd_Master Services Agreement _18th Nov_RS (2)_copy_76.pdf,0.8841,3.332,0.8294,0.0045
736,011549 Ramco Publicis_Ramco Pte Ltd_Master Services Agreement _18th Nov_RS (2)_copy_760.pdf,0.9162,3.3359,0.8295,0.0045
737,011549 Ramco Publicis_Ramco Pte Ltd_Master Services Agreement _18th Nov_RS (2)_copy_761.pdf,0.9026,3.3438,0.8296,0.0045
738,011549 Ramco Publicis_Ramco Pte Ltd_Master Services Agreement _18th Nov_RS (2)_copy_762.pdf,1.0033,3.3477,0.8299,0.0045
739,011549 Ramco Publicis_Ramco Pte Ltd_Master Services Agreement _18th Nov_RS (2)_copy_763.pdf,0.9192,3.3516,0.83,0.0045
740,011549 Ramco Publicis_Ramco Pte Ltd_Master Services Agreement _18th Nov_RS (2)_copy_764.pdf,0.9083,3.3555,0.8301,0.0045
741,011549 Ramco Publicis_Ramco Pte Ltd_Master Services Agreement _18th Nov_RS (2)_copy_765.pdf,1.001,3.3594,0.8303,0.0045
742,011549 Ramco Publicis_Ramco Pte Ltd_Master Services Agreement _18th Nov_RS (2)_copy_766.pdf,0.8442,3.3633,0.8303,0.0045
743,011549 Ramco Publicis_Ramco Pte Ltd_Master Services Agreement _18th Nov_RS (2)_copy_767.pdf,0.9438,3.3672,0.8305,0.0045
744,011549 Ramco Publicis_Ramco Pte Ltd_Master Services Agreement _18th Nov_RS (2)_copy_768.pdf,0.9196,3.3711,0.8306,0.0045
745,011549 Ramco Publicis_Ramco Pte Ltd_Master Services Agreement _18th Nov_RS (2)_copy_769.pdf,0.972,3.3789,0.8308,0.0045
746,011549 Ramco Publicis_Ramco Pte Ltd_Master Services Agreement _18th Nov_RS (2)_copy_77.pdf,0.8756,3.3828,0.8309,0.0045
747,011549 Ramco Publicis_Ramco Pte Ltd_Master Services Agreement _18th Nov_RS (2)_copy_770.pdf,0.859,3.3867,0.8309,0.0045
748,011549 Ramco Publicis_Ramco Pte Ltd_Master Services Agreement _18th Nov_RS (2)_copy_771.pdf,0.8305,3.3906,0.8309,0.0045
749,011549 Ramco Publicis_Ramco Pte Ltd_Master Services Agreement _18th Nov_RS (2)_copy_772.pdf,0.8711,3.3984,0.831,0.0045
750,011549 Ramco Publicis_Ramco Pte Ltd_Master Services Agreement _18th Nov_RS (2)_copy_773.pdf,0.8877,3.4023,0.831,0.0045
751,011549 Ramco Publicis_Ramco Pte Ltd_Master Services Agreement _18th Nov_RS (2)_copy_774.pdf,0.8633,3.4062,0.8311,0.0045
752,011549 Ramco Publicis_Ramco Pte Ltd_Master Services Agreement _18th Nov_RS (2)_copy_775.pdf,0.8908,3.4102,0.8312,0.0045
753,011549 Ramco Publicis_Ramco Pte Ltd_Master Services Agreement _18th Nov_RS (2)_copy_776.pdf,0.9036,3.418,0.8312,0.0045
754,011549 Ramco Publicis_Ramco Pte Ltd_Master Services Agreement _18th Nov_RS (2)_copy_777.pdf,0.8314,3.4219,0.8312,0.0045
755,011549 Ramco Publicis_Ramco Pte Ltd_Master Services Agreement _18th Nov_RS (2)_copy_778.pdf,0.8172,3.4258,0.8312,0.0045
756,011549 Ramco Publicis_Ramco Pte Ltd_Master Services Agreement _18th Nov_RS (2)_copy_779.pdf,0.949,3.4297,0.8314,0.0045
757,011549 Ramco Publicis_Ramco Pte Ltd_Master Services Agreement _18th Nov_RS (2)_copy_78.pdf,0.8404,3.4336,0.8314,0.0045
758,011549 Ramco Publicis_Ramco Pte Ltd_Master Services Agreement _18th Nov_RS (2)_copy_780.pdf,0.871,3.4375,0.8315,0.0045
759,011549 Ramco Publicis_Ramco Pte Ltd_Master Services Agreement _18th Nov_RS (2)_copy_781.pdf,0.8742,3.4414,0.8315,0.0045
760,011549 Ramco Publicis_Ramco Pte Ltd_Master Services Agreement _18th Nov_RS (2)_copy_782.pdf,0.9404,3.4453,0.8317,0.0045
761,011549 Ramco Publicis_Ramco Pte Ltd_Master Services Agreement _18th Nov_RS (2)_copy_783.pdf,0.9229,3.4531,0.8318,0.0045
762,011549 Ramco Publicis_Ramco Pte Ltd_Master Services Agreement _18th Nov_RS (2)_copy_784.pdf,0.9432,3.457,0.8319,0.0045
763,011549 Ramco Publicis_Ramco Pte Ltd_Master Services Agreement _18th Nov_RS (2)_copy_785.pdf,0.8561,3.4609,0.8319,0.0045
764,011549 Ramco Publicis_Ramco Pte Ltd_Master Services Agreement _18th Nov_RS (2)_copy_786.pdf,0.8712,3.4648,0.832,0.0045
765,011549 Ramco Publicis_Ramco Pte Ltd_Master Services Agreement _18th Nov_RS (2)_copy_787.pdf,0.8851,3.4688,0.8321,0.0045
766,011549 Ramco Publicis_Ramco Pte Ltd_Master Services Agreement _18th Nov_RS (2)_copy_788.pdf,0.831,3.4727,0.8321,0.0045
767,011549 Ramco Publicis_Ramco Pte Ltd_Master Services Agreement _18th Nov_RS (2)_copy_789.pdf,0.8939,3.4766,0.8321,0.0045
768,011549 Ramco Publicis_Ramco Pte Ltd_Master Services Agreement _18th Nov_RS (2)_copy_79.pdf,0.7597,3.4805,0.8321,0.0045
769,011549 Ramco Publicis_Ramco Pte Ltd_Master Services Agreement _18th Nov_RS (2)_copy_790.pdf,0.8638,3.4883,0.8321,0.0045
770,011549 Ramco Publicis_Ramco Pte Ltd_Master Services Agreement _18th Nov_RS (2)_copy_791.pdf,0.8572,3.4922,0.8321,0.0045
771,011549 Ramco Publicis_Ramco Pte Ltd_Master Services Agreement _18th Nov_RS (2)_copy_792.pdf,0.867,3.4961,0.8322,0.0045
772,011549 Ramco Publicis_Ramco Pte Ltd_Master Services Agreement _18th Nov_RS (2)_copy_793.pdf,0.8085,3.5,0.8321,0.0045
773,011549 Ramco Publicis_Ramco Pte Ltd_Master Services Agreement _18th Nov_RS (2)_copy_794.pdf,0.8874,3.5039,0.8322,0.0045
774,011549 Ramco Publicis_Ramco Pte Ltd_Master Services Agreement _18th Nov_RS (2)_copy_795.pdf,0.8914,3.5078,0.8323,0.0045
775,011549 Ramco Publicis_Ramco Pte Ltd_Master Services Agreement _18th Nov_RS (2)_copy_796.pdf,0.8517,3.5117,0.8323,0.0045
776,011549 Ramco Publicis_Ramco Pte Ltd_Master Services Agreement _18th Nov_RS (2)_copy_797.pdf,0.8122,3.5156,0.8323,0.0045
777,011549 Ramco Publicis_Ramco Pte Ltd_Master Services Agreement _18th Nov_RS (2)_copy_798.pdf,0.8694,3.5234,0.8323,0.0045
778,011549 Ramco Publicis_Ramco Pte Ltd_Master Services Agreement _18th Nov_RS (2)_copy_799.pdf,0.9133,3.5273,0.8324,0.0045
779,011549 Ramco Publicis_Ramco Pte Ltd_Master Services Agreement _18th Nov_RS (2)_copy_8.pdf,0.8707,3.5312,0.8325,0.0045
780,011549 Ramco Publicis_Ramco Pte Ltd_Master Services Agreement _18th Nov_RS (2)_copy_80.pdf,0.91,3.5352,0.8326,0.0045
781,011549 Ramco Publicis_Ramco Pte Ltd_Master Services Agreement _18th Nov_RS (2)_copy_800.pdf,0.8165,3.5391,0.8326,0.0045
782,011549 Ramco Publicis_Ramco Pte Ltd_Master Services Agreement _18th Nov_RS (2)_copy_801.pdf,0.9127,3.543,0.8327,0.0045
783,011549 Ramco Publicis_Ramco Pte Ltd_Master Services Agreement _18th Nov_RS (2)_copy_802.pdf,0.8387,3.5469,0.8327,0.0045
784,011549 Ramco Publicis_Ramco Pte Ltd_Master Services Agreement _18th Nov_RS (2)_copy_803.pdf,0.8468,3.5508,0.8327,0.0045
785,011549 Ramco Publicis_Ramco Pte Ltd_Master Services Agreement _18th Nov_RS (2)_copy_804.pdf,0.8808,3.5586,0.8328,0.0045
786,011549 Ramco Publicis_Ramco Pte Ltd_Master Services Agreement _18th Nov_RS (2)_copy_805.pdf,0.8875,3.5664,0.8328,0.0045
787,011549 Ramco Publicis_Ramco Pte Ltd_Master Services Agreement _18th Nov_RS (2)_copy_806.pdf,0.8875,3.5703,0.8329,0.0045
788,011549 Ramco Publicis_Ramco Pte Ltd_Master Services Agreement _18th Nov_RS (2)_copy_807.pdf,0.9033,3.5742,0.833,0.0045
789,011549 Ramco Publicis_Ramco Pte Ltd_Master Services Agreement _18th Nov_RS (2)_copy_808.pdf,0.8399,3.5781,0.833,0.0045
790,011549 Ramco Publicis_Ramco Pte Ltd_Master Services Agreement _18th Nov_RS (2)_copy_809.pdf,0.8626,3.582,0.833,0.0045
791,011549 Ramco Publicis_Ramco Pte Ltd_Master Services Agreement _18th Nov_RS (2)_copy_81.pdf,0.8143,3.5859,0.833,0.0045
792,011549 Ramco Publicis_Ramco Pte Ltd_Master Services Agreement _18th Nov_RS (2)_copy_810.pdf,1.0019,3.5898,0.8332,0.0045
793,011549 Ramco Publicis_Ramco Pte Ltd_Master Services Agreement _18th Nov_RS (2)_copy_811.pdf,0.8736,3.5977,0.8333,0.0045
794,011549 Ramco Publicis_Ramco Pte Ltd_Master Services Agreement _18th Nov_RS (2)_copy_812.pdf,0.831,3.6016,0.8333,0.0045
795,011549 Ramco Publicis_Ramco Pte Ltd_Master Services Agreement _18th Nov_RS (2)_copy_813.pdf,0.8057,3.6055,0.8332,0.0045
796,011549 Ramco Publicis_Ramco Pte Ltd_Master Services Agreement _18th Nov_RS (2)_copy_814.pdf,0.8215,3.6094,0.8332,0.0045
797,011549 Ramco Publicis_Ramco Pte Ltd_Master Services Agreement _18th Nov_RS (2)_copy_815.pdf,0.9113,3.6133,0.8333,0.0045
798,011549 Ramco Publicis_Ramco Pte Ltd_Master Services Agreement _18th Nov_RS (2)_copy_816.pdf,0.8592,3.6172,0.8334,0.0045
799,011549 Ramco Publicis_Ramco Pte Ltd_Master Services Agreement _18th Nov_RS (2)_copy_817.pdf,0.8777,3.6211,0.8334,0.0045
800,011549 Ramco Publicis_Ramco Pte Ltd_Master Services Agreement _18th Nov_RS (2)_copy_818.pdf,0.8327,3.625,0.8334,0.0045
801,011549 Ramco Publicis_Ramco Pte Ltd_Master Services Agreement _18th Nov_RS (2)_copy_819.pdf,0.8942,3.6328,0.8335,0.0045
802,011549 Ramco Publicis_Ramco Pte Ltd_Master Services Agreement _18th Nov_RS (2)_copy_82.pdf,0.8814,3.6367,0.8335,0.0045
803,011549 Ramco Publicis_Ramco Pte Ltd_Master Services Agreement _18th Nov_RS (2)_copy_820.pdf,0.9888,3.6406,0.8337,0.0045
804,011549 Ramco Publicis_Ramco Pte Ltd_Master Services Agreement _18th Nov_RS (2)_copy_821.pdf,0.858,3.6445,0.8338,0.0045
805,011549 Ramco Publicis_Ramco Pte Ltd_Master Services Agreement _18th Nov_RS (2)_copy_822.pdf,0.8875,3.6484,0.8338,0.0045
806,011549 Ramco Publicis_Ramco Pte Ltd_Master Services Agreement _18th Nov_RS (2)_copy_823.pdf,0.8563,3.6523,0.8339,0.0045
807,011549 Ramco Publicis_Ramco Pte Ltd_Master Services Agreement _18th Nov_RS (2)_copy_824.pdf,0.8805,3.6562,0.8339,0.0045
808,011549 Ramco Publicis_Ramco Pte Ltd_Master Services Agreement _18th Nov_RS (2)_copy_825.pdf,0.906,3.6602,0.834,0.0045
809,011549 Ramco Publicis_Ramco Pte Ltd_Master Services Agreement _18th Nov_RS (2)_copy_826.pdf,0.8161,3.668,0.834,0.0045
810,011549 Ramco Publicis_Ramco Pte Ltd_Master Services Agreement _18th Nov_RS (2)_copy_827.pdf,0.8555,3.6719,0.834,0.0045
811,011549 Ramco Publicis_Ramco Pte Ltd_Master Services Agreement _18th Nov_RS (2)_copy_828.pdf,0.876,3.6758,0.8341,0.0045
812,011549 Ramco Publicis_Ramco Pte Ltd_Master Services Agreement _18th Nov_RS (2)_copy_829.pdf,0.8602,3.6797,0.8341,0.0045
813,011549 Ramco Publicis_Ramco Pte Ltd_Master Services Agreement _18th Nov_RS (2)_copy_83.pdf,0.9653,3.6836,0.8343,0.0045
814,011549 Ramco Publicis_Ramco Pte Ltd_Master Services Agreement _18th Nov_RS (2)_copy_830.pdf,0.8549,3.6875,0.8343,0.0045
815,011549 Ramco Publicis_Ramco Pte Ltd_Master Services Agreement _18th Nov_RS (2)_copy_831.pdf,0.9144,3.6914,0.8344,0.0045
816,011549 Ramco Publicis_Ramco Pte Ltd_Master Services Agreement _18th Nov_RS (2)_copy_832.pdf,0.945,3.6953,0.8345,0.0045
817,011549 Ramco Publicis_Ramco Pte Ltd_Master Services Agreement _18th Nov_RS (2)_copy_833.pdf,0.8219,3.7031,0.8345,0.0045
818,011549 Ramco Publicis_Ramco Pte Ltd_Master Services Agreement _18th Nov_RS (2)_copy_834.pdf,0.8819,3.707,0.8346,0.0045
819,011549 Ramco Publicis_Ramco Pte Ltd_Master Services Agreement _18th Nov_RS (2)_copy_835.pdf,0.8288,3.7109,0.8346,0.0045
820,011549 Ramco Publicis_Ramco Pte Ltd_Master Services Agreement _18th Nov_RS (2)_copy_836.pdf,0.8601,3.7148,0.8346,0.0045
821,011549 Ramco Publicis_Ramco Pte Ltd_Master Services Agreement _18th Nov_RS (2)_copy_837.pdf,0.8354,3.7188,0.8346,0.0045
822,011549 Ramco Publicis_Ramco Pte Ltd_Master Services Agreement _18th Nov_RS (2)_copy_838.pdf,0.879,3.7227,0.8346,0.0045
823,011549 Ramco Publicis_Ramco Pte Ltd_Master Services Agreement _18th Nov_RS (2)_copy_839.pdf,0.921,3.7305,0.8347,0.0045
824,011549 Ramco Publicis_Ramco Pte Ltd_Master Services Agreement _18th Nov_RS (2)_copy_84.pdf,0.8776,3.7344,0.8348,0.0045
825,011549 Ramco Publicis_Ramco Pte Ltd_Master Services Agreement _18th Nov_RS (2)_copy_840.pdf,0.8778,3.7422,0.8348,0.0045
826,011549 Ramco Publicis_Ramco Pte Ltd_Master Services Agreement _18th Nov_RS (2)_copy_841.pdf,0.7932,3.7461,0.8348,0.0045
827,011549 Ramco Publicis_Ramco Pte Ltd_Master Services Agreement _18th Nov_RS (2)_copy_842.pdf,0.7808,3.75,0.8347,0.0045
828,011549 Ramco Publicis_Ramco Pte Ltd_Master Services Agreement _18th Nov_RS (2)_copy_843.pdf,0.7963,3.7539,0.8347,0.0045
829,011549 Ramco Publicis_Ramco Pte Ltd_Master Services Agreement _18th Nov_RS (2)_copy_844.pdf,0.7693,3.7578,0.8346,0.0045
830,011549 Ramco Publicis_Ramco Pte Ltd_Master Services Agreement _18th Nov_RS (2)_copy_845.pdf,0.7958,3.7617,0.8346,0.0045
831,011549 Ramco Publicis_Ramco Pte Ltd_Master Services Agreement _18th Nov_RS (2)_copy_846.pdf,0.7817,3.7656,0.8345,0.0045
832,011549 Ramco Publicis_Ramco Pte Ltd_Master Services Agreement _18th Nov_RS (2)_copy_847.pdf,0.8154,3.7695,0.8345,0.0045
833,011549 Ramco Publicis_Ramco Pte Ltd_Master Services Agreement _18th Nov_RS (2)_copy_848.pdf,0.7769,3.7773,0.8344,0.0045
834,011549 Ramco Publicis_Ramco Pte Ltd_Master Services Agreement _18th Nov_RS (2)_copy_849.pdf,0.8247,3.7812,0.8344,0.0045
835,011549 Ramco Publicis_Ramco Pte Ltd_Master Services Agreement _18th Nov_RS (2)_copy_85.pdf,0.7915,3.7852,0.8343,0.0045
836,011549 Ramco Publicis_Ramco Pte Ltd_Master Services Agreement _18th Nov_RS (2)_copy_850.pdf,0.7878,3.7891,0.8343,0.0045
837,011549 Ramco Publicis_Ramco Pte Ltd_Master Services Agreement _18th Nov_RS (2)_copy_851.pdf,0.7877,3.793,0.8342,0.0045
838,011549 Ramco Publicis_Ramco Pte Ltd_Master Services Agreement _18th Nov_RS (2)_copy_852.pdf,0.7878,3.7969,0.8342,0.0045
839,011549 Ramco Publicis_Ramco Pte Ltd_Master Services Agreement _18th Nov_RS (2)_copy_853.pdf,0.79,3.8008,0.8341,0.0045
840,011549 Ramco Publicis_Ramco Pte Ltd_Master Services Agreement _18th Nov_RS (2)_copy_854.pdf,0.7337,3.8047,0.834,0.0045
841,011549 Ramco Publicis_Ramco Pte Ltd_Master Services Agreement _18th Nov_RS (2)_copy_855.pdf,0.804,3.8125,0.834,0.0045
842,011549 Ramco Publicis_Ramco Pte Ltd_Master Services Agreement _18th Nov_RS (2)_copy_856.pdf,0.7976,3.8164,0.8339,0.0045
843,011549 Ramco Publicis_Ramco Pte Ltd_Master Services Agreement _18th Nov_RS (2)_copy_857.pdf,0.8273,3.8203,0.8339,0.0045
844,011549 Ramco Publicis_Ramco Pte Ltd_Master Services Agreement _18th Nov_RS (2)_copy_858.pdf,0.832,3.8242,0.8339,0.0045
845,011549 Ramco Publicis_Ramco Pte Ltd_Master Services Agreement _18th Nov_RS (2)_copy_859.pdf,0.7916,3.8281,0.8339,0.0045
846,011549 Ramco Publicis_Ramco Pte Ltd_Master Services Agreement _18th Nov_RS (2)_copy_86.pdf,0.8113,3.832,0.8338,0.0045
847,011549 Ramco Publicis_Ramco Pte Ltd_Master Services Agreement _18th Nov_RS (2)_copy_860.pdf,0.8035,3.8359,0.8338,0.0045
848,011549 Ramco Publicis_Ramco Pte Ltd_Master Services Agreement _18th Nov_RS (2)_copy_861.pdf,0.8026,3.8398,0.8338,0.0045
849,011549 Ramco Publicis_Ramco Pte Ltd_Master Services Agreement _18th Nov_RS (2)_copy_862.pdf,0.7777,3.8477,0.8337,0.0045
850,011549 Ramco Publicis_Ramco Pte Ltd_Master Services Agreement _18th Nov_RS (2)_copy_863.pdf,0.792,3.8516,0.8336,0.0045
851,011549 Ramco Publicis_Ramco Pte Ltd_Master Services Agreement _18th Nov_RS (2)_copy_864.pdf,0.8054,3.8555,0.8336,0.0045
852,011549 Ramco Publicis_Ramco Pte Ltd_Master Services Agreement _18th Nov_RS (2)_copy_865.pdf,0.7602,3.8594,0.8335,0.0045
853,011549 Ramco Publicis_Ramco Pte Ltd_Master Services Agreement _18th Nov_RS (2)_copy_866.pdf,0.7853,3.8633,0.8335,0.0045
854,011549 Ramco Publicis_Ramco Pte Ltd_Master Services Agreement _18th Nov_RS (2)_copy_867.pdf,0.8057,3.8672,0.8334,0.0045
855,011549 Ramco Publicis_Ramco Pte Ltd_Master Services Agreement _18th Nov_RS (2)_copy_868.pdf,0.8001,3.8711,0.8334,0.0045
856,011549 Ramco Publicis_Ramco Pte Ltd_Master Services Agreement _18th Nov_RS (2)_copy_869.pdf,0.8022,3.875,0.8334,0.0045
857,011549 Ramco Publicis_Ramco Pte Ltd_Master Services Agreement _18th Nov_RS (2)_copy_87.pdf,0.8049,3.8828,0.8333,0.0045
858,011549 Ramco Publicis_Ramco Pte Ltd_Master Services Agreement _18th Nov_RS (2)_copy_870.pdf,0.8455,3.8867,0.8333,0.0045
859,011549 Ramco Publicis_Ramco Pte Ltd_Master Services Agreement _18th Nov_RS (2)_copy_871.pdf,0.7921,3.8906,0.8333,0.0045
860,011549 Ramco Publicis_Ramco Pte Ltd_Master Services Agreement _18th Nov_RS (2)_copy_872.pdf,0.8127,3.8984,0.8333,0.0045
861,011549 Ramco Publicis_Ramco Pte Ltd_Master Services Agreement _18th Nov_RS (2)_copy_873.pdf,0.7527,3.9023,0.8332,0.0045
862,011549 Ramco Publicis_Ramco Pte Ltd_Master Services Agreement _18th Nov_RS (2)_copy_874.pdf,0.7913,3.9062,0.8331,0.0045
863,011549 Ramco Publicis_Ramco Pte Ltd_Master Services Agreement _18th Nov_RS (2)_copy_875.pdf,0.8233,3.9102,0.8331,0.0045
864,011549 Ramco Publicis_Ramco Pte Ltd_Master Services Agreement _18th Nov_RS (2)_copy_876.pdf,0.7571,3.9141,0.833,0.0045
865,011549 Ramco Publicis_Ramco Pte Ltd_Master Services Agreement _18th Nov_RS (2)_copy_877.pdf,0.8091,3.9219,0.833,0.0045
866,011549 Ramco Publicis_Ramco Pte Ltd_Master Services Agreement _18th Nov_RS (2)_copy_878.pdf,0.7988,3.9258,0.833,0.0045
867,011549 Ramco Publicis_Ramco Pte Ltd_Master Services Agreement _18th Nov_RS (2)_copy_879.pdf,0.773,3.9297,0.8329,0.0045
868,011549 Ramco Publicis_Ramco Pte Ltd_Master Services Agreement _18th Nov_RS (2)_copy_88.pdf,0.7971,3.9336,0.8329,0.0045
869,011549 Ramco Publicis_Ramco Pte Ltd_Master Services Agreement _18th Nov_RS (2)_copy_880.pdf,0.7972,3.9375,0.8328,0.0045
870,011549 Ramco Publicis_Ramco Pte Ltd_Master Services Agreement _18th Nov_RS (2)_copy_881.pdf,0.7927,3.9414,0.8328,0.0045
871,011549 Ramco Publicis_Ramco Pte Ltd_Master Services Agreement _18th Nov_RS (2)_copy_882.pdf,0.7854,3.9453,0.8327,0.0045
872,011549 Ramco Publicis_Ramco Pte Ltd_Master Services Agreement _18th Nov_RS (2)_copy_883.pdf,0.7877,3.9492,0.8327,0.0045
873,011549 Ramco Publicis_Ramco Pte Ltd_Master Services Agreement _18th Nov_RS (2)_copy_884.pdf,0.7823,3.957,0.8326,0.0045
874,011549 Ramco Publicis_Ramco Pte Ltd_Master Services Agreement _18th Nov_RS (2)_copy_885.pdf,0.7913,3.9609,0.8326,0.0045
875,011549 Ramco Publicis_Ramco Pte Ltd_Master Services Agreement _18th Nov_RS (2)_copy_886.pdf,0.7727,3.9648,0.8325,0.0045
876,011549 Ramco Publicis_Ramco Pte Ltd_Master Services Agreement _18th Nov_RS (2)_copy_887.pdf,0.797,3.9688,0.8324,0.0045
877,011549 Ramco Publicis_Ramco Pte Ltd_Master Services Agreement _18th Nov_RS (2)_copy_888.pdf,0.7988,3.9727,0.8324,0.0045
878,011549 Ramco Publicis_Ramco Pte Ltd_Master Services Agreement _18th Nov_RS (2)_copy_889.pdf,0.8556,3.9766,0.8324,0.0045
879,011549 Ramco Publicis_Ramco Pte Ltd_Master Services Agreement _18th Nov_RS (2)_copy_89.pdf,0.7972,3.9805,0.8324,0.0045
880,011549 Ramco Publicis_Ramco Pte Ltd_Master Services Agreement _18th Nov_RS (2)_copy_890.pdf,0.7752,3.9844,0.8323,0.0045
881,011549 Ramco Publicis_Ramco Pte Ltd_Master Services Agreement _18th Nov_RS (2)_copy_891.pdf,0.7984,3.9922,0.8323,0.0045
882,011549 Ramco Publicis_Ramco Pte Ltd_Master Services Agreement _18th Nov_RS (2)_copy_892.pdf,0.7783,3.9961,0.8322,0.0045
883,011549 Ramco Publicis_Ramco Pte Ltd_Master Services Agreement _18th Nov_RS (2)_copy_893.pdf,0.8176,4.0,0.8322,0.0045
884,011549 Ramco Publicis_Ramco Pte Ltd_Master Services Agreement _18th Nov_RS (2)_copy_894.pdf,0.797,4.0039,0.8322,0.0045
885,011549 Ramco Publicis_Ramco Pte Ltd_Master Services Agreement _18th Nov_RS (2)_copy_895.pdf,0.7743,4.0078,0.8321,0.0045
886,011549 Ramco Publicis_Ramco Pte Ltd_Master Services Agreement _18th Nov_RS (2)_copy_896.pdf,0.7927,4.0117,0.8321,0.0045
887,011549 Ramco Publicis_Ramco Pte Ltd_Master Services Agreement _18th Nov_RS (2)_copy_897.pdf,0.7913,4.0156,0.832,0.0045
888,011549 Ramco Publicis_Ramco Pte Ltd_Master Services Agreement _18th Nov_RS (2)_copy_898.pdf,0.8369,4.0195,0.832,0.0045
889,011549 Ramco Publicis_Ramco Pte Ltd_Master Services Agreement _18th Nov_RS (2)_copy_899.pdf,0.8083,4.0273,0.832,0.0045
890,011549 Ramco Publicis_Ramco Pte Ltd_Master Services Agreement _18th Nov_RS (2)_copy_9.pdf,0.7722,4.0312,0.8319,0.0045
891,011549 Ramco Publicis_Ramco Pte Ltd_Master Services Agreement _18th Nov_RS (2)_copy_90.pdf,0.8204,4.0352,0.8319,0.0045
892,011549 Ramco Publicis_Ramco Pte Ltd_Master Services Agreement _18th Nov_RS (2)_copy_900.pdf,0.776,4.0391,0.8319,0.0045
893,011549 Ramco Publicis_Ramco Pte Ltd_Master Services Agreement _18th Nov_RS (2)_copy_901.pdf,0.8123,4.043,0.8318,0.0045
894,011549 Ramco Publicis_Ramco Pte Ltd_Master Services Agreement _18th Nov_RS (2)_copy_902.pdf,0.8075,4.0469,0.8318,0.0045
895,011549 Ramco Publicis_Ramco Pte Ltd_Master Services Agreement _18th Nov_RS (2)_copy_903.pdf,0.7779,4.0508,0.8317,0.0045
896,011549 Ramco Publicis_Ramco Pte Ltd_Master Services Agreement _18th Nov_RS (2)_copy_904.pdf,0.8169,4.0547,0.8317,0.0045
897,011549 Ramco Publicis_Ramco Pte Ltd_Master Services Agreement _18th Nov_RS (2)_copy_905.pdf,0.8003,4.0664,0.8317,0.0045
898,011549 Ramco Publicis_Ramco Pte Ltd_Master Services Agreement _18th Nov_RS (2)_copy_906.pdf,0.7951,4.0703,0.8317,0.0045
899,011549 Ramco Publicis_Ramco Pte Ltd_Master Services Agreement _18th Nov_RS (2)_copy_907.pdf,0.7755,4.0742,0.8316,0.0045
900,011549 Ramco Publicis_Ramco Pte Ltd_Master Services Agreement _18th Nov_RS (2)_copy_908.pdf,0.7998,4.0781,0.8316,0.0045
901,011549 Ramco Publicis_Ramco Pte Ltd_Master Services Agreement _18th Nov_RS (2)_copy_909.pdf,0.8264,4.082,0.8315,0.0045
902,011549 Ramco Publicis_Ramco Pte Ltd_Master Services Agreement _18th Nov_RS (2)_copy_91.pdf,0.7785,4.0859,0.8315,0.0045
903,011549 Ramco Publicis_Ramco Pte Ltd_Master Services Agreement _18th Nov_RS (2)_copy_910.pdf,0.8235,4.0898,0.8315,0.0045
904,011549 Ramco Publicis_Ramco Pte Ltd_Master Services Agreement _18th Nov_RS (2)_copy_911.pdf,0.7916,4.0938,0.8314,0.0045
905,011549 Ramco Publicis_Ramco Pte Ltd_Master Services Agreement _18th Nov_RS (2)_copy_912.pdf,0.7785,4.1016,0.8314,0.0045
906,011549 Ramco Publicis_Ramco Pte Ltd_Master Services Agreement _18th Nov_RS (2)_copy_913.pdf,0.8078,4.1055,0.8314,0.0045
907,011549 Ramco Publicis_Ramco Pte Ltd_Master Services Agreement _18th Nov_RS (2)_copy_914.pdf,0.7967,4.1094,0.8313,0.0045
908,011549 Ramco Publicis_Ramco Pte Ltd_Master Services Agreement _18th Nov_RS (2)_copy_915.pdf,0.8147,4.1133,0.8313,0.0045
909,011549 Ramco Publicis_Ramco Pte Ltd_Master Services Agreement _18th Nov_RS (2)_copy_916.pdf,0.7979,4.1172,0.8313,0.0045
910,011549 Ramco Publicis_Ramco Pte Ltd_Master Services Agreement _18th Nov_RS (2)_copy_917.pdf,0.7749,4.1211,0.8312,0.0045
911,011549 Ramco Publicis_Ramco Pte Ltd_Master Services Agreement _18th Nov_RS (2)_copy_918.pdf,0.828,4.125,0.8312,0.0045
912,011549 Ramco Publicis_Ramco Pte Ltd_Master Services Agreement _18th Nov_RS (2)_copy_919.pdf,0.7752,4.1289,0.8311,0.0045
913,011549 Ramco Publicis_Ramco Pte Ltd_Master Services Agreement _18th Nov_RS (2)_copy_92.pdf,0.8264,4.1367,0.8311,0.0045
914,011549 Ramco Publicis_Ramco Pte Ltd_Master Services Agreement _18th Nov_RS (2)_copy_920.pdf,0.7995,4.1406,0.8311,0.0045
915,011549 Ramco Publicis_Ramco Pte Ltd_Master Services Agreement _18th Nov_RS (2)_copy_921.pdf,0.7915,4.1445,0.831,0.0045
916,011549 Ramco Publicis_Ramco Pte Ltd_Master Services Agreement _18th Nov_RS (2)_copy_922.pdf,0.8049,4.1484,0.831,0.0045
917,011549 Ramco Publicis_Ramco Pte Ltd_Master Services Agreement _18th Nov_RS (2)_copy_923.pdf,0.801,4.1523,0.831,0.0045
918,011549 Ramco Publicis_Ramco Pte Ltd_Master Services Agreement _18th Nov_RS (2)_copy_924.pdf,0.7916,4.1562,0.8309,0.0045
919,011549 Ramco Publicis_Ramco Pte Ltd_Master Services Agreement _18th Nov_RS (2)_copy_925.pdf,0.7859,4.1602,0.8309,0.0045
920,011549 Ramco Publicis_Ramco Pte Ltd_Master Services Agreement _18th Nov_RS (2)_copy_926.pdf,0.7939,4.1641,0.8309,0.0045
921,011549 Ramco Publicis_Ramco Pte Ltd_Master Services Agreement _18th Nov_RS (2)_copy_927.pdf,0.8069,4.1719,0.8308,0.0045
922,011549 Ramco Publicis_Ramco Pte Ltd_Master Services Agreement _18th Nov_RS (2)_copy_928.pdf,0.7873,4.1758,0.8308,0.0045
923,011549 Ramco Publicis_Ramco Pte Ltd_Master Services Agreement _18th Nov_RS (2)_copy_929.pdf,0.783,4.1797,0.8307,0.0045
924,011549 Ramco Publicis_Ramco Pte Ltd_Master Services Agreement _18th Nov_RS (2)_copy_93.pdf,0.8322,4.1836,0.8307,0.0045
925,011549 Ramco Publicis_Ramco Pte Ltd_Master Services Agreement _18th Nov_RS (2)_copy_930.pdf,0.7899,4.1875,0.8307,0.0045
926,011549 Ramco Publicis_Ramco Pte Ltd_Master Services Agreement _18th Nov_RS (2)_copy_931.pdf,0.8132,4.1914,0.8307,0.0045
927,011549 Ramco Publicis_Ramco Pte Ltd_Master Services Agreement _18th Nov_RS (2)_copy_932.pdf,0.7939,4.1953,0.8306,0.0045
928,011549 Ramco Publicis_Ramco Pte Ltd_Master Services Agreement _18th Nov_RS (2)_copy_933.pdf,0.7919,4.1992,0.8306,0.0045
929,011549 Ramco Publicis_Ramco Pte Ltd_Master Services Agreement _18th Nov_RS (2)_copy_934.pdf,0.7846,4.207,0.8305,0.0045
930,011549 Ramco Publicis_Ramco Pte Ltd_Master Services Agreement _18th Nov_RS (2)_copy_935.pdf,0.8029,4.2109,0.8305,0.0045
931,011549 Ramco Publicis_Ramco Pte Ltd_Master Services Agreement _18th Nov_RS (2)_copy_936.pdf,0.8085,4.2148,0.8305,0.0045
932,011549 Ramco Publicis_Ramco Pte Ltd_Master Services Agreement _18th Nov_RS (2)_copy_937.pdf,0.7956,4.2188,0.8304,0.0045
933,011549 Ramco Publicis_Ramco Pte Ltd_Master Services Agreement _18th Nov_RS (2)_copy_938.pdf,0.8139,4.2227,0.8304,0.0045
934,011549 Ramco Publicis_Ramco Pte Ltd_Master Services Agreement _18th Nov_RS (2)_copy_939.pdf,0.8007,4.2305,0.8304,0.0045
935,011549 Ramco Publicis_Ramco Pte Ltd_Master Services Agreement _18th Nov_RS (2)_copy_94.pdf,0.78,4.2344,0.8303,0.0045
936,011549 Ramco Publicis_Ramco Pte Ltd_Master Services Agreement _18th Nov_RS (2)_copy_940.pdf,0.843,4.2383,0.8304,0.0045
937,011549 Ramco Publicis_Ramco Pte Ltd_Master Services Agreement _18th Nov_RS (2)_copy_941.pdf,0.7756,4.2461,0.8303,0.0045
938,011549 Ramco Publicis_Ramco Pte Ltd_Master Services Agreement _18th Nov_RS (2)_copy_942.pdf,0.7951,4.25,0.8303,0.0045
939,011549 Ramco Publicis_Ramco Pte Ltd_Master Services Agreement _18th Nov_RS (2)_copy_943.pdf,0.7786,4.2539,0.8302,0.0045
940,011549 Ramco Publicis_Ramco Pte Ltd_Master Services Agreement _18th Nov_RS (2)_copy_944.pdf,0.8104,4.2578,0.8302,0.0045
941,011549 Ramco Publicis_Ramco Pte Ltd_Master Services Agreement _18th Nov_RS (2)_copy_945.pdf,0.8087,4.2617,0.8302,0.0045
942,011549 Ramco Publicis_Ramco Pte Ltd_Master Services Agreement _18th Nov_RS (2)_copy_946.pdf,0.7801,4.2656,0.8301,0.0045
943,011549 Ramco Publicis_Ramco Pte Ltd_Master Services Agreement _18th Nov_RS (2)_copy_947.pdf,0.8219,4.2695,0.8301,0.0045
944,011549 Ramco Publicis_Ramco Pte Ltd_Master Services Agreement _18th Nov_RS (2)_copy_948.pdf,0.798,4.2734,0.8301,0.0045
945,011549 Ramco Publicis_Ramco Pte Ltd_Master Services Agreement _18th Nov_RS (2)_copy_949.pdf,0.7938,4.2812,0.83,0.0045
946,011549 Ramco Publicis_Ramco Pte Ltd_Master Services Agreement _18th Nov_RS (2)_copy_95.pdf,0.8035,4.2852,0.83,0.0045
947,011549 Ramco Publicis_Ramco Pte Ltd_Master Services Agreement _18th Nov_RS (2)_copy_950.pdf,0.7741,4.2891,0.8299,0.0045
948,011549 Ramco Publicis_Ramco Pte Ltd_Master Services Agreement _18th Nov_RS (2)_copy_951.pdf,0.7985,4.293,0.8299,0.0045
949,011549 Ramco Publicis_Ramco Pte Ltd_Master Services Agreement _18th Nov_RS (2)_copy_952.pdf,0.8185,4.2969,0.8299,0.0045
950,011549 Ramco Publicis_Ramco Pte Ltd_Master Services Agreement _18th Nov_RS (2)_copy_953.pdf,0.7874,4.3008,0.8299,0.0045
951,011549 Ramco Publicis_Ramco Pte Ltd_Master Services Agreement _18th Nov_RS (2)_copy_954.pdf,0.8163,4.3047,0.8298,0.0045
952,011549 Ramco Publicis_Ramco Pte Ltd_Master Services Agreement _18th Nov_RS (2)_copy_955.pdf,0.7748,4.3086,0.8298,0.0045
953,011549 Ramco Publicis_Ramco Pte Ltd_Master Services Agreement _18th Nov_RS (2)_copy_956.pdf,0.8006,4.3164,0.8297,0.0045
954,011549 Ramco Publicis_Ramco Pte Ltd_Master Services Agreement _18th Nov_RS (2)_copy_957.pdf,0.8092,4.3203,0.8297,0.0045
955,011549 Ramco Publicis_Ramco Pte Ltd_Master Services Agreement _18th Nov_RS (2)_copy_958.pdf,0.7797,4.3242,0.8297,0.0045
956,011549 Ramco Publicis_Ramco Pte Ltd_Master Services Agreement _18th Nov_RS (2)_copy_959.pdf,0.828,4.3281,0.8297,0.0045
957,011549 Ramco Publicis_Ramco Pte Ltd_Master Services Agreement _18th Nov_RS (2)_copy_96.pdf,0.7699,4.332,0.8296,0.0045
958,011549 Ramco Publicis_Ramco Pte Ltd_Master Services Agreement _18th Nov_RS (2)_copy_960.pdf,0.8353,4.3359,0.8296,0.0045
959,011549 Ramco Publicis_Ramco Pte Ltd_Master Services Agreement _18th Nov_RS (2)_copy_961.pdf,0.7935,4.3398,0.8296,0.0045
960,011549 Ramco Publicis_Ramco Pte Ltd_Master Services Agreement _18th Nov_RS (2)_copy_962.pdf,0.7756,4.3438,0.8295,0.0045
961,011549 Ramco Publicis_Ramco Pte Ltd_Master Services Agreement _18th Nov_RS (2)_copy_963.pdf,0.8169,4.3516,0.8295,0.0045
962,011549 Ramco Publicis_Ramco Pte Ltd_Master Services Agreement _18th Nov_RS (2)_copy_964.pdf,0.7803,4.3555,0.8295,0.0045
963,011549 Ramco Publicis_Ramco Pte Ltd_Master Services Agreement _18th Nov_RS (2)_copy_965.pdf,0.8209,4.3594,0.8295,0.0045
964,011549 Ramco Publicis_Ramco Pte Ltd_Master Services Agreement _18th Nov_RS (2)_copy_966.pdf,0.8016,4.3633,0.8294,0.0045
965,011549 Ramco Publicis_Ramco Pte Ltd_Master Services Agreement _18th Nov_RS (2)_copy_967.pdf,0.7824,4.3672,0.8294,0.0045
966,011549 Ramco Publicis_Ramco Pte Ltd_Master Services Agreement _18th Nov_RS (2)_copy_968.pdf,0.8173,4.3711,0.8294,0.0045
967,011549 Ramco Publicis_Ramco Pte Ltd_Master Services Agreement _18th Nov_RS (2)_copy_969.pdf,0.7799,4.375,0.8293,0.0045
968,011549 Ramco Publicis_Ramco Pte Ltd_Master Services Agreement _18th Nov_RS (2)_copy_97.pdf,0.815,4.3789,0.8293,0.0045
969,011549 Ramco Publicis_Ramco Pte Ltd_Master Services Agreement _18th Nov_RS (2)_copy_970.pdf,0.7962,4.3867,0.8293,0.0045
970,011549 Ramco Publicis_Ramco Pte Ltd_Master Services Agreement _18th Nov_RS (2)_copy_971.pdf,0.7757,4.3906,0.8292,0.0045
971,011549 Ramco Publicis_Ramco Pte Ltd_Master Services Agreement _18th Nov_RS (2)_copy_972.pdf,0.8091,4.3984,0.8292,0.0045
972,011549 Ramco Publicis_Ramco Pte Ltd_Master Services Agreement _18th Nov_RS (2)_copy_973.pdf,0.7875,4.4023,0.8291,0.0045
973,011549 Ramco Publicis_Ramco Pte Ltd_Master Services Agreement _18th Nov_RS (2)_copy_974.pdf,0.8265,4.4062,0.8291,0.0045
974,011549 Ramco Publicis_Ramco Pte Ltd_Master Services Agreement _18th Nov_RS (2)_copy_975.pdf,0.7941,4.4102,0.8291,0.0045
975,011549 Ramco Publicis_Ramco Pte Ltd_Master Services Agreement _18th Nov_RS (2)_copy_976.pdf,0.7741,4.4141,0.829,0.0045
976,011549 Ramco Publicis_Ramco Pte Ltd_Master Services Agreement _18th Nov_RS (2)_copy_977.pdf,0.8203,4.418,0.829,0.0045
977,011549 Ramco Publicis_Ramco Pte Ltd_Master Services Agreement _18th Nov_RS (2)_copy_978.pdf,0.7777,4.4258,0.829,0.0045
978,011549 Ramco Publicis_Ramco Pte Ltd_Master Services Agreement _18th Nov_RS (2)_copy_979.pdf,0.8305,4.4297,0.829,0.0045
979,011549 Ramco Publicis_Ramco Pte Ltd_Master Services Agreement _18th Nov_RS (2)_copy_98.pdf,0.9352,4.4336,0.8291,0.0045
980,011549 Ramco Publicis_Ramco Pte Ltd_Master Services Agreement _18th Nov_RS (2)_copy_980.pdf,0.873,4.4375,0.8291,0.0045
981,011549 Ramco Publicis_Ramco Pte Ltd_Master Services Agreement _18th Nov_RS (2)_copy_981.pdf,0.8727,4.4414,0.8292,0.0045
982,011549 Ramco Publicis_Ramco Pte Ltd_Master Services Agreement _18th Nov_RS (2)_copy_982.pdf,0.908,4.4453,0.8293,0.0045
983,011549 Ramco Publicis_Ramco Pte Ltd_Master Services Agreement _18th Nov_RS (2)_copy_983.pdf,0.9169,4.4492,0.8294,0.0045
984,011549 Ramco Publicis_Ramco Pte Ltd_Master Services Agreement _18th Nov_RS (2)_copy_984.pdf,0.8564,4.4531,0.8294,0.0045
985,011549 Ramco Publicis_Ramco Pte Ltd_Master Services Agreement _18th Nov_RS (2)_copy_985.pdf,0.8924,4.4609,0.8294,0.0045
986,011549 Ramco Publicis_Ramco Pte Ltd_Master Services Agreement _18th Nov_RS (2)_copy_986.pdf,0.8568,4.4648,0.8295,0.0045
987,011549 Ramco Publicis_Ramco Pte Ltd_Master Services Agreement _18th Nov_RS (2)_copy_987.pdf,0.8781,4.4688,0.8295,0.0045
988,011549 Ramco Publicis_Ramco Pte Ltd_Master Services Agreement _18th Nov_RS (2)_copy_988.pdf,0.8823,4.4727,0.8296,0.0045
989,011549 Ramco Publicis_Ramco Pte Ltd_Master Services Agreement _18th Nov_RS (2)_copy_989.pdf,0.9207,4.4766,0.8297,0.0045
990,011549 Ramco Publicis_Ramco Pte Ltd_Master Services Agreement _18th Nov_RS (2)_copy_99.pdf,0.8311,4.4805,0.8297,0.0045
991,011549 Ramco Publicis_Ramco Pte Ltd_Master Services Agreement _18th Nov_RS (2)_copy_990.pdf,0.8729,4.4844,0.8297,0.0045
992,011549 Ramco Publicis_Ramco Pte Ltd_Master Services Agreement _18th Nov_RS (2)_copy_991.pdf,0.8887,4.4883,0.8298,0.0045
993,011549 Ramco Publicis_Ramco Pte Ltd_Master Services Agreement _18th Nov_RS (2)_copy_992.pdf,0.8228,4.4961,0.8298,0.0045
994,011549 Ramco Publicis_Ramco Pte Ltd_Master Services Agreement _18th Nov_RS (2)_copy_993.pdf,0.8621,4.5,0.8298,0.0045
995,011549 Ramco Publicis_Ramco Pte Ltd_Master Services Agreement _18th Nov_RS (2)_copy_994.pdf,0.8561,4.5039,0.8298,0.0045
996,011549 Ramco Publicis_Ramco Pte Ltd_Master Services Agreement _18th Nov_RS (2)_copy_995.pdf,0.8625,4.5078,0.8299,0.0045
997,011549 Ramco Publicis_Ramco Pte Ltd_Master Services Agreement _18th Nov_RS (2)_copy_996.pdf,0.8576,4.5117,0.8299,0.0045
998,011549 Ramco Publicis_Ramco Pte Ltd_Master Services Agreement _18th Nov_RS (2)_copy_997.pdf,0.8497,4.5156,0.8299,0.0045
999,011549 Ramco Publicis_Ramco Pte Ltd_Master Services Agreement _18th Nov_RS (2)_copy_998.pdf,0.875,4.5195,0.8299,0.0045
1000,011549 Ramco Publicis_Ramco Pte Ltd_Master Services Agreement _18th Nov_RS (2)_copy_999.pdf,0.8656,4.5234,0.83,0.0045
1001,011549 Ramco Publicis_Ramco Pte Ltd_Master Services Agreement _18th Nov_RS_copy_1.pdf,0.812,4.5312,0.83,0.0045
1002,011549 Ramco Publicis_Ramco Pte Ltd_Master Services Agreement _18th Nov_RS_copy_10.pdf,0.7722,4.5352,0.8299,0.0045
1003,011549 Ramco Publicis_Ramco Pte Ltd_Master Services Agreement _18th Nov_RS_copy_100.pdf,0.777,4.5391,0.8299,0.0045
1004,011549 Ramco Publicis_Ramco Pte Ltd_Master Services Agreement _18th Nov_RS_copy_1000.pdf,0.798,4.543,0.8298,0.0045
1005,011549 Ramco Publicis_Ramco Pte Ltd_Master Services Agreement _18th Nov_RS_copy_101.pdf,0.7962,4.5469,0.8298,0.0045
1006,011549 Ramco Publicis_Ramco Pte Ltd_Master Services Agreement _18th Nov_RS_copy_102.pdf,0.7992,4.5508,0.8298,0.0045
1007,011549 Ramco Publicis_Ramco Pte Ltd_Master Services Agreement _18th Nov_RS_copy_103.pdf,0.791,4.5547,0.8297,0.0045
1008,011549 Ramco Publicis_Ramco Pte Ltd_Master Services Agreement _18th Nov_RS_copy_104.pdf,0.8306,4.5586,0.8297,0.0045
1009,011549 Ramco Publicis_Ramco Pte Ltd_Master Services Agreement _18th Nov_RS_copy_105.pdf,0.7896,4.5703,0.8297,0.0045
1010,011549 Ramco Publicis_Ramco Pte Ltd_Master Services Agreement _18th Nov_RS_copy_106.pdf,0.7584,4.5742,0.8296,0.0045
1011,011549 Ramco Publicis_Ramco Pte Ltd_Master Services Agreement _18th Nov_RS_copy_107.pdf,0.7934,4.5781,0.8296,0.0045
1012,011549 Ramco Publicis_Ramco Pte Ltd_Master Services Agreement _18th Nov_RS_copy_108.pdf,0.789,4.582,0.8295,0.0045
1013,011549 Ramco Publicis_Ramco Pte Ltd_Master Services Agreement _18th Nov_RS_copy_109.pdf,0.8006,4.5859,0.8295,0.0045
1014,011549 Ramco Publicis_Ramco Pte Ltd_Master Services Agreement _18th Nov_RS_copy_11.pdf,0.8304,4.5898,0.8295,0.0045
1015,011549 Ramco Publicis_Ramco Pte Ltd_Master Services Agreement _18th Nov_RS_copy_110.pdf,0.7887,4.5938,0.8295,0.0045
1016,011549 Ramco Publicis_Ramco Pte Ltd_Master Services Agreement _18th Nov_RS_copy_111.pdf,0.8541,4.5977,0.8295,0.0045
1017,011549 Ramco Publicis_Ramco Pte Ltd_Master Services Agreement _18th Nov_RS_copy_112.pdf,0.7975,4.6055,0.8295,0.0045
1018,011549 Ramco Publicis_Ramco Pte Ltd_Master Services Agreement _18th Nov_RS_copy_113.pdf,0.7669,4.6094,0.8294,0.0045
1019,011549 Ramco Publicis_Ramco Pte Ltd_Master Services Agreement _18th Nov_RS_copy_114.pdf,0.7901,4.6133,0.8294,0.0045
1020,011549 Ramco Publicis_Ramco Pte Ltd_Master Services Agreement _18th Nov_RS_copy_115.pdf,0.7475,4.6172,0.8293,0.0045
1021,011549 Ramco Publicis_Ramco Pte Ltd_Master Services Agreement _18th Nov_RS_copy_116.pdf,0.8821,4.6211,0.8293,0.0045
1022,011549 Ramco Publicis_Ramco Pte Ltd_Master Services Agreement _18th Nov_RS_copy_117.pdf,0.7969,4.625,0.8293,0.0045
1023,011549 Ramco Publicis_Ramco Pte Ltd_Master Services Agreement _18th Nov_RS_copy_118.pdf,0.7967,4.6289,0.8293,0.0045
1024,011549 Ramco Publicis_Ramco Pte Ltd_Master Services Agreement _18th Nov_RS_copy_119.pdf,0.8272,4.6328,0.8293,0.0045
1025,011549 Ramco Publicis_Ramco Pte Ltd_Master Services Agreement _18th Nov_RS_copy_12.pdf,0.7858,4.6406,0.8292,0.0045
1026,011549 Ramco Publicis_Ramco Pte Ltd_Master Services Agreement _18th Nov_RS_copy_120.pdf,0.8471,4.6445,0.8292,0.0045
1027,011549 Ramco Publicis_Ramco Pte Ltd_Master Services Agreement _18th Nov_RS_copy_121.pdf,0.7772,4.6484,0.8292,0.0045
1028,011549 Ramco Publicis_Ramco Pte Ltd_Master Services Agreement _18th Nov_RS_copy_122.pdf,0.8021,4.6523,0.8292,0.0045
1029,011549 Ramco Publicis_Ramco Pte Ltd_Master Services Agreement _18th Nov_RS_copy_123.pdf,0.8472,4.6562,0.8292,0.0045
1030,011549 Ramco Publicis_Ramco Pte Ltd_Master Services Agreement _18th Nov_RS_copy_124.pdf,0.8081,4.6602,0.8292,0.0045
1031,011549 Ramco Publicis_Ramco Pte Ltd_Master Services Agreement _18th Nov_RS_copy_125.pdf,0.8113,4.6641,0.8291,0.0045
1032,011549 Ramco Publicis_Ramco Pte Ltd_Master Services Agreement _18th Nov_RS_copy_126.pdf,0.7949,4.668,0.8291,0.0045
1033,011549 Ramco Publicis_Ramco Pte Ltd_Master Services Agreement _18th Nov_RS_copy_127.pdf,0.8041,4.6758,0.8291,0.0045
1034,011549 Ramco Publicis_Ramco Pte Ltd_Master Services Agreement _18th Nov_RS_copy_128.pdf,0.8323,4.6797,0.8291,0.0045
1035,011549 Ramco Publicis_Ramco Pte Ltd_Master Services Agreement _18th Nov_RS_copy_129.pdf,0.793,4.6836,0.8291,0.0045
1036,011549 Ramco Publicis_Ramco Pte Ltd_Master Services Agreement _18th Nov_RS_copy_13.pdf,0.8475,4.6875,0.8291,0.0045
1037,011549 Ramco Publicis_Ramco Pte Ltd_Master Services Agreement _18th Nov_RS_copy_130.pdf,0.7845,4.6914,0.829,0.0045
1038,011549 Ramco Publicis_Ramco Pte Ltd_Master Services Agreement _18th Nov_RS_copy_131.pdf,0.8237,4.6953,0.829,0.0045
1039,011549 Ramco Publicis_Ramco Pte Ltd_Master Services Agreement _18th Nov_RS_copy_132.pdf,0.788,4.6992,0.829,0.0045
1040,011549 Ramco Publicis_Ramco Pte Ltd_Master Services Agreement _18th Nov_RS_copy_133.pdf,0.8013,4.7031,0.829,0.0045
1041,011549 Ramco Publicis_Ramco Pte Ltd_Master Services Agreement _18th Nov_RS_copy_134.pdf,0.8217,4.7109,0.829,0.0045
1042,011549 Ramco Publicis_Ramco Pte Ltd_Master Services Agreement _18th Nov_RS_copy_135.pdf,0.7824,4.7148,0.8289,0.0045
1043,011549 Ramco Publicis_Ramco Pte Ltd_Master Services Agreement _18th Nov_RS_copy_136.pdf,0.8086,4.7188,0.8289,0.0045
1044,011549 Ramco Publicis_Ramco Pte Ltd_Master Services Agreement _18th Nov_RS_copy_137.pdf,0.7589,4.7227,0.8288,0.0045
1045,011549 Ramco Publicis_Ramco Pte Ltd_Master Services Agreement _18th Nov_RS_copy_138.pdf,0.8257,4.7266,0.8288,0.0045
1046,011549 Ramco Publicis_Ramco Pte Ltd_Master Services Agreement _18th Nov_RS_copy_139.pdf,0.7902,4.7305,0.8288,0.0045
1047,011549 Ramco Publicis_Ramco Pte Ltd_Master Services Agreement _18th Nov_RS_copy_14.pdf,0.7586,4.7344,0.8287,0.0045
1048,011549 Ramco Publicis_Ramco Pte Ltd_Master Services Agreement _18th Nov_RS_copy_140.pdf,0.8213,4.7422,0.8287,0.0045
1049,011549 Ramco Publicis_Ramco Pte Ltd_Master Services Agreement _18th Nov_RS_copy_141.pdf,0.8174,4.75,0.8287,0.0045
1050,011549 Ramco Publicis_Ramco Pte Ltd_Master Services Agreement _18th Nov_RS_copy_142.pdf,0.7769,4.7539,0.8286,0.0045
1051,011549 Ramco Publicis_Ramco Pte Ltd_Master Services Agreement _18th Nov_RS_copy_143.pdf,0.8423,4.7578,0.8287,0.0045
1052,011549 Ramco Publicis_Ramco Pte Ltd_Master Services Agreement _18th Nov_RS_copy_144.pdf,0.8522,4.7617,0.8287,0.0045
1053,011549 Ramco Publicis_Ramco Pte Ltd_Master Services Agreement _18th Nov_RS_copy_145.pdf,0.6996,4.7656,0.8286,0.0045
1054,011549 Ramco Publicis_Ramco Pte Ltd_Master Services Agreement _18th Nov_RS_copy_146.pdf,0.8227,4.7695,0.8286,0.0045
1055,011549 Ramco Publicis_Ramco Pte Ltd_Master Services Agreement _18th Nov_RS_copy_147.pdf,0.7677,4.7734,0.8285,0.0045
1056,011549 Ramco Publicis_Ramco Pte Ltd_Master Services Agreement _18th Nov_RS_copy_148.pdf,0.8765,4.7773,0.8285,0.0045
1057,011549 Ramco Publicis_Ramco Pte Ltd_Master Services Agreement _18th Nov_RS_copy_149.pdf,0.8301,4.7852,0.8285,0.0045
1058,011549 Ramco Publicis_Ramco Pte Ltd_Master Services Agreement _18th Nov_RS_copy_15.pdf,0.7963,4.7891,0.8285,0.0045
1059,011549 Ramco Publicis_Ramco Pte Ltd_Master Services Agreement _18th Nov_RS_copy_150.pdf,0.7975,4.793,0.8285,0.0045
1060,011549 Ramco Publicis_Ramco Pte Ltd_Master Services Agreement _18th Nov_RS_copy_151.pdf,0.8158,4.7969,0.8285,0.0045
1061,011549 Ramco Publicis_Ramco Pte Ltd_Master Services Agreement _18th Nov_RS_copy_152.pdf,0.7844,4.8008,0.8284,0.0045
1062,011549 Ramco Publicis_Ramco Pte Ltd_Master Services Agreement _18th Nov_RS_copy_153.pdf,0.7715,4.8047,0.8284,0.0045
1063,011549 Ramco Publicis_Ramco Pte Ltd_Master Services Agreement _18th Nov_RS_copy_154.pdf,0.8125,4.8086,0.8284,0.0045
1064,011549 Ramco Publicis_Ramco Pte Ltd_Master Services Agreement _18th Nov_RS_copy_155.pdf,0.7699,4.8125,0.8283,0.0045
1065,011549 Ramco Publicis_Ramco Pte Ltd_Master Services Agreement _18th Nov_RS_copy_156.pdf,0.795,4.8203,0.8283,0.0045
1066,011549 Ramco Publicis_Ramco Pte Ltd_Master Services Agreement _18th Nov_RS_copy_157.pdf,0.827,4.8242,0.8283,0.0045
1067,011549 Ramco Publicis_Ramco Pte Ltd_Master Services Agreement _18th Nov_RS_copy_158.pdf,0.7742,4.8281,0.8282,0.0045
1068,011549 Ramco Publicis_Ramco Pte Ltd_Master Services Agreement _18th Nov_RS_copy_159.pdf,0.7407,4.832,0.8281,0.0045
1069,011549 Ramco Publicis_Ramco Pte Ltd_Master Services Agreement _18th Nov_RS_copy_16.pdf,0.7332,4.8359,0.8281,0.0045
1070,011549 Ramco Publicis_Ramco Pte Ltd_Master Services Agreement _18th Nov_RS_copy_160.pdf,0.7596,4.8398,0.828,0.0045
1071,011549 Ramco Publicis_Ramco Pte Ltd_Master Services Agreement _18th Nov_RS_copy_161.pdf,0.7173,4.8438,0.8279,0.0045
1072,011549 Ramco Publicis_Ramco Pte Ltd_Master Services Agreement _18th Nov_RS_copy_162.pdf,0.7337,4.8477,0.8278,0.0045
1073,011549 Ramco Publicis_Ramco Pte Ltd_Master Services Agreement _18th Nov_RS_copy_163.pdf,0.6957,4.8555,0.8277,0.0045
1074,011549 Ramco Publicis_Ramco Pte Ltd_Master Services Agreement _18th Nov_RS_copy_164.pdf,0.7422,4.8594,0.8276,0.0045
1075,011549 Ramco Publicis_Ramco Pte Ltd_Master Services Agreement _18th Nov_RS_copy_165.pdf,0.7735,4.8633,0.8275,0.0045
1076,011549 Ramco Publicis_Ramco Pte Ltd_Master Services Agreement _18th Nov_RS_copy_166.pdf,0.7535,4.8672,0.8275,0.0045
1077,011549 Ramco Publicis_Ramco Pte Ltd_Master Services Agreement _18th Nov_RS_copy_167.pdf,0.7439,4.8711,0.8274,0.0045
1078,011549 Ramco Publicis_Ramco Pte Ltd_Master Services Agreement _18th Nov_RS_copy_168.pdf,0.7406,4.875,0.8273,0.0045
1079,011549 Ramco Publicis_Ramco Pte Ltd_Master Services Agreement _18th Nov_RS_copy_169.pdf,0.7353,4.8789,0.8272,0.0045
1080,011549 Ramco Publicis_Ramco Pte Ltd_Master Services Agreement _18th Nov_RS_copy_17.pdf,0.7397,4.8828,0.8272,0.0045
1081,011549 Ramco Publicis_Ramco Pte Ltd_Master Services Agreement _18th Nov_RS_copy_170.pdf,0.7618,4.8906,0.8271,0.0045
1082,011549 Ramco Publicis_Ramco Pte Ltd_Master Services Agreement _18th Nov_RS_copy_171.pdf,0.7549,4.8945,0.827,0.0045
1083,011549 Ramco Publicis_Ramco Pte Ltd_Master Services Agreement _18th Nov_RS_copy_172.pdf,0.7491,4.8984,0.827,0.0045
1084,011549 Ramco Publicis_Ramco Pte Ltd_Master Services Agreement _18th Nov_RS_copy_173.pdf,0.7922,4.9023,0.8269,0.0045
1085,011549 Ramco Publicis_Ramco Pte Ltd_Master Services Agreement _18th Nov_RS_copy_174.pdf,0.7526,4.9062,0.8269,0.0045
1086,011549 Ramco Publicis_Ramco Pte Ltd_Master Services Agreement _18th Nov_RS_copy_175.pdf,0.7248,4.9141,0.8268,0.0045
1087,011549 Ramco Publicis_Ramco Pte Ltd_Master Services Agreement _18th Nov_RS_copy_176.pdf,0.7399,4.918,0.8267,0.0045
1088,011549 Ramco Publicis_Ramco Pte Ltd_Master Services Agreement _18th Nov_RS_copy_177.pdf,0.7319,4.9219,0.8266,0.0045
1089,011549 Ramco Publicis_Ramco Pte Ltd_Master Services Agreement _18th Nov_RS_copy_178.pdf,0.7681,4.9297,0.8265,0.0045
1090,011549 Ramco Publicis_Ramco Pte Ltd_Master Services Agreement _18th Nov_RS_copy_179.pdf,0.7403,4.9336,0.8265,0.0045
1091,011549 Ramco Publicis_Ramco Pte Ltd_Master Services Agreement _18th Nov_RS_copy_18.pdf,0.7543,4.9375,0.8264,0.0045
1092,011549 Ramco Publicis_Ramco Pte Ltd_Master Services Agreement _18th Nov_RS_copy_180.pdf,0.7556,4.9414,0.8263,0.0045
1093,011549 Ramco Publicis_Ramco Pte Ltd_Master Services Agreement _18th Nov_RS_copy_181.pdf,0.7481,4.9453,0.8263,0.0045
1094,011549 Ramco Publicis_Ramco Pte Ltd_Master Services Agreement _18th Nov_RS_copy_182.pdf,0.7569,4.9492,0.8262,0.0045
1095,011549 Ramco Publicis_Ramco Pte Ltd_Master Services Agreement _18th Nov_RS_copy_183.pdf,0.777,4.9531,0.8261,0.0045
1096,011549 Ramco Publicis_Ramco Pte Ltd_Master Services Agreement _18th Nov_RS_copy_184.pdf,0.7468,4.957,0.8261,0.0045
1097,011549 Ramco Publicis_Ramco Pte Ltd_Master Services Agreement _18th Nov_RS_copy_185.pdf,0.7659,4.9648,0.826,0.0045
1098,011549 Ramco Publicis_Ramco Pte Ltd_Master Services Agreement _18th Nov_RS_copy_186.pdf,0.7244,4.9688,0.8259,0.0045
1099,011549 Ramco Publicis_Ramco Pte Ltd_Master Services Agreement _18th Nov_RS_copy_187.pdf,0.7643,4.9727,0.8259,0.0045
1100,011549 Ramco Publicis_Ramco Pte Ltd_Master Services Agreement _18th Nov_RS_copy_188.pdf,0.7375,4.9766,0.8258,0.0045
1101,011549 Ramco Publicis_Ramco Pte Ltd_Master Services Agreement _18th Nov_RS_copy_189.pdf,0.7101,4.9805,0.8257,0.0045
1102,011549 Ramco Publicis_Ramco Pte Ltd_Master Services Agreement _18th Nov_RS_copy_19.pdf,0.7449,4.9844,0.8256,0.0045
1103,011549 Ramco Publicis_Ramco Pte Ltd_Master Services Agreement _18th Nov_RS_copy_190.pdf,0.7363,4.9883,0.8255,0.0045
1104,011549 Ramco Publicis_Ramco Pte Ltd_Master Services Agreement _18th Nov_RS_copy_191.pdf,0.7679,4.9922,0.8255,0.0045
1105,011549 Ramco Publicis_Ramco Pte Ltd_Master Services Agreement _18th Nov_RS_copy_192.pdf,0.7914,5.0,0.8254,0.0045
1106,011549 Ramco Publicis_Ramco Pte Ltd_Master Services Agreement _18th Nov_RS_copy_193.pdf,0.7499,5.0039,0.8254,0.0045
1107,011549 Ramco Publicis_Ramco Pte Ltd_Master Services Agreement _18th Nov_RS_copy_194.pdf,0.7758,5.0078,0.8253,0.0045
1108,011549 Ramco Publicis_Ramco Pte Ltd_Master Services Agreement _18th Nov_RS_copy_195.pdf,0.7403,5.0117,0.8253,0.0045
1109,011549 Ramco Publicis_Ramco Pte Ltd_Master Services Agreement _18th Nov_RS_copy_196.pdf,0.7124,5.0156,0.8252,0.0045
1110,011549 Ramco Publicis_Ramco Pte Ltd_Master Services Agreement _18th Nov_RS_copy_197.pdf,0.7488,5.0195,0.8251,0.0045
1111,011549 Ramco Publicis_Ramco Pte Ltd_Master Services Agreement _18th Nov_RS_copy_198.pdf,0.7561,5.0234,0.825,0.0045
1112,011549 Ramco Publicis_Ramco Pte Ltd_Master Services Agreement _18th Nov_RS_copy_199.pdf,0.7502,5.0273,0.825,0.0045
1113,011549 Ramco Publicis_Ramco Pte Ltd_Master Services Agreement _18th Nov_RS_copy_2.pdf,0.7749,5.0352,0.8249,0.0045
1114,011549 Ramco Publicis_Ramco Pte Ltd_Master Services Agreement _18th Nov_RS_copy_20.pdf,0.7526,5.0391,0.8248,0.0045
1115,011549 Ramco Publicis_Ramco Pte Ltd_Master Services Agreement _18th Nov_RS_copy_200.pdf,0.7784,5.043,0.8248,0.0045
1116,011549 Ramco Publicis_Ramco Pte Ltd_Master Services Agreement _18th Nov_RS_copy_201.pdf,0.7619,5.0469,0.8248,0.0045
1117,011549 Ramco Publicis_Ramco Pte Ltd_Master Services Agreement _18th Nov_RS_copy_202.pdf,0.7409,5.0508,0.8247,0.0045
1118,011549 Ramco Publicis_Ramco Pte Ltd_Master Services Agreement _18th Nov_RS_copy_203.pdf,0.7394,5.0547,0.8246,0.0045
1119,011549 Ramco Publicis_Ramco Pte Ltd_Master Services Agreement _18th Nov_RS_copy_204.pdf,0.7564,5.0586,0.8245,0.0045
1120,011549 Ramco Publicis_Ramco Pte Ltd_Master Services Agreement _18th Nov_RS_copy_205.pdf,0.7539,5.0625,0.8245,0.0045
1121,011549 Ramco Publicis_Ramco Pte Ltd_Master Services Agreement _18th Nov_RS_copy_206.pdf,0.7457,5.0703,0.8244,0.0045
1122,011549 Ramco Publicis_Ramco Pte Ltd_Master Services Agreement _18th Nov_RS_copy_207.pdf,0.7568,5.0742,0.8243,0.0045
1123,011549 Ramco Publicis_Ramco Pte Ltd_Master Services Agreement _18th Nov_RS_copy_208.pdf,0.7547,5.0781,0.8243,0.0045
1124,011549 Ramco Publicis_Ramco Pte Ltd_Master Services Agreement _18th Nov_RS_copy_209.pdf,0.7603,5.082,0.8242,0.0045
1125,011549 Ramco Publicis_Ramco Pte Ltd_Master Services Agreement _18th Nov_RS_copy_21.pdf,0.7733,5.0898,0.8242,0.0045
1126,011549 Ramco Publicis_Ramco Pte Ltd_Master Services Agreement _18th Nov_RS_copy_210.pdf,0.7354,5.0938,0.8241,0.0045
1127,011549 Ramco Publicis_Ramco Pte Ltd_Master Services Agreement _18th Nov_RS_copy_211.pdf,0.7125,5.0977,0.824,0.0045
1128,011549 Ramco Publicis_Ramco Pte Ltd_Master Services Agreement _18th Nov_RS_copy_212.pdf,0.7569,5.1016,0.8239,0.0045
1129,011549 Ramco Publicis_Ramco Pte Ltd_Master Services Agreement _18th Nov_RS_copy_213.pdf,0.746,5.1094,0.8239,0.0045
1130,011549 Ramco Publicis_Ramco Pte Ltd_Master Services Agreement _18th Nov_RS_copy_214.pdf,0.7679,5.1133,0.8238,0.0045
1131,011549 Ramco Publicis_Ramco Pte Ltd_Master Services Agreement _18th Nov_RS_copy_215.pdf,0.7618,5.1172,0.8238,0.0045
1132,011549 Ramco Publicis_Ramco Pte Ltd_Master Services Agreement _18th Nov_RS_copy_216.pdf,0.7573,5.1211,0.8237,0.0045
1133,011549 Ramco Publicis_Ramco Pte Ltd_Master Services Agreement _18th Nov_RS_copy_217.pdf,0.7728,5.125,0.8237,0.0045
1134,011549 Ramco Publicis_Ramco Pte Ltd_Master Services Agreement _18th Nov_RS_copy_218.pdf,0.74,5.1289,0.8236,0.0045
1135,011549 Ramco Publicis_Ramco Pte Ltd_Master Services Agreement _18th Nov_RS_copy_219.pdf,0.7172,5.1328,0.8235,0.0045
1136,011549 Ramco Publicis_Ramco Pte Ltd_Master Services Agreement _18th Nov_RS_copy_22.pdf,0.7402,5.1367,0.8234,0.0045
1137,011549 Ramco Publicis_Ramco Pte Ltd_Master Services Agreement _18th Nov_RS_copy_220.pdf,0.7827,5.1445,0.8234,0.0045
1138,011549 Ramco Publicis_Ramco Pte Ltd_Master Services Agreement _18th Nov_RS_copy_221.pdf,0.733,5.1484,0.8233,0.0045
1139,011549 Ramco Publicis_Ramco Pte Ltd_Master Services Agreement _18th Nov_RS_copy_222.pdf,0.7587,5.1523,0.8233,0.0045
1140,011549 Ramco Publicis_Ramco Pte Ltd_Master Services Agreement _18th Nov_RS_copy_223.pdf,0.7468,5.1562,0.8232,0.0045
1141,011549 Ramco Publicis_Ramco Pte Ltd_Master Services Agreement _18th Nov_RS_copy_224.pdf,0.7482,5.1602,0.8231,0.0045
1142,011549 Ramco Publicis_Ramco Pte Ltd_Master Services Agreement _18th Nov_RS_copy_225.pdf,0.7744,5.1641,0.8231,0.0045
1143,011549 Ramco Publicis_Ramco Pte Ltd_Master Services Agreement _18th Nov_RS_copy_226.pdf,0.7734,5.168,0.823,0.0045
1144,011549 Ramco Publicis_Ramco Pte Ltd_Master Services Agreement _18th Nov_RS_copy_227.pdf,0.7681,5.1719,0.823,0.0045
1145,011549 Ramco Publicis_Ramco Pte Ltd_Master Services Agreement _18th Nov_RS_copy_228.pdf,0.7487,5.1797,0.8229,0.0045
1146,011549 Ramco Publicis_Ramco Pte Ltd_Master Services Agreement _18th Nov_RS_copy_229.pdf,0.7981,5.1836,0.8229,0.0045
1147,011549 Ramco Publicis_Ramco Pte Ltd_Master Services Agreement _18th Nov_RS_copy_23.pdf,0.7653,5.1875,0.8229,0.0045
1148,011549 Ramco Publicis_Ramco Pte Ltd_Master Services Agreement _18th Nov_RS_copy_230.pdf,0.7562,5.1914,0.8228,0.0045
1149,011549 Ramco Publicis_Ramco Pte Ltd_Master Services Agreement _18th Nov_RS_copy_231.pdf,0.7482,5.1953,0.8227,0.0045
1150,011549 Ramco Publicis_Ramco Pte Ltd_Master Services Agreement _18th Nov_RS_copy_232.pdf,0.7745,5.1992,0.8227,0.0045
1151,011549 Ramco Publicis_Ramco Pte Ltd_Master Services Agreement _18th Nov_RS_copy_233.pdf,0.7423,5.2031,0.8226,0.0045
1152,011549 Ramco Publicis_Ramco Pte Ltd_Master Services Agreement _18th Nov_RS_copy_234.pdf,0.7583,5.207,0.8226,0.0045
1153,011549 Ramco Publicis_Ramco Pte Ltd_Master Services Agreement _18th Nov_RS_copy_235.pdf,0.7943,5.2148,0.8225,0.0045
1154,011549 Ramco Publicis_Ramco Pte Ltd_Master Services Agreement _18th Nov_RS_copy_236.pdf,0.8177,5.2188,0.8225,0.0045
1155,011549 Ramco Publicis_Ramco Pte Ltd_Master Services Agreement _18th Nov_RS_copy_237.pdf,0.8071,5.2227,0.8225,0.0045
1156,011549 Ramco Publicis_Ramco Pte Ltd_Master Services Agreement _18th Nov_RS_copy_238.pdf,0.818,5.2266,0.8225,0.0045
1157,011549 Ramco Publicis_Ramco Pte Ltd_Master Services Agreement _18th Nov_RS_copy_239.pdf,0.8264,5.2305,0.8225,0.0045
1158,011549 Ramco Publicis_Ramco Pte Ltd_Master Services Agreement _18th Nov_RS_copy_24.pdf,0.794,5.2344,0.8225,0.0045
1159,011549 Ramco Publicis_Ramco Pte Ltd_Master Services Agreement _18th Nov_RS_copy_240.pdf,0.8603,5.2383,0.8225,0.0045
1160,011549 Ramco Publicis_Ramco Pte Ltd_Master Services Agreement _18th Nov_RS_copy_241.pdf,0.8226,5.2422,0.8225,0.0045
1161,011549 Ramco Publicis_Ramco Pte Ltd_Master Services Agreement _18th Nov_RS_copy_242.pdf,0.8308,5.25,0.8225,0.0045
1162,011549 Ramco Publicis_Ramco Pte Ltd_Master Services Agreement _18th Nov_RS_copy_243.pdf,0.8024,5.2539,0.8225,0.0045
1163,011549 Ramco Publicis_Ramco Pte Ltd_Master Services Agreement _18th Nov_RS_copy_244.pdf,0.8221,5.2617,0.8225,0.0045
1164,011549 Ramco Publicis_Ramco Pte Ltd_Master Services Agreement _18th Nov_RS_copy_245.pdf,0.7951,5.2656,0.8225,0.0045
1165,011549 Ramco Publicis_Ramco Pte Ltd_Master Services Agreement _18th Nov_RS_copy_246.pdf,0.7971,5.2695,0.8225,0.0045
1166,011549 Ramco Publicis_Ramco Pte Ltd_Master Services Agreement _18th Nov_RS_copy_247.pdf,0.8285,5.2734,0.8225,0.0045
1167,011549 Ramco Publicis_Ramco Pte Ltd_Master Services Agreement _18th Nov_RS_copy_248.pdf,0.8028,5.2773,0.8225,0.0045
1168,011549 Ramco Publicis_Ramco Pte Ltd_Master Services Agreement _18th Nov_RS_copy_249.pdf,0.8262,5.2812,0.8225,0.0045
1169,011549 Ramco Publicis_Ramco Pte Ltd_Master Services Agreement _18th Nov_RS_copy_25.pdf,0.83,5.2891,0.8225,0.0045
1170,011549 Ramco Publicis_Ramco Pte Ltd_Master Services Agreement _18th Nov_RS_copy_250.pdf,0.7751,5.293,0.8224,0.0045
1171,011549 Ramco Publicis_Ramco Pte Ltd_Master Services Agreement _18th Nov_RS_copy_251.pdf,0.8184,5.2969,0.8224,0.0045
1172,011549 Ramco Publicis_Ramco Pte Ltd_Master Services Agreement _18th Nov_RS_copy_252.pdf,0.8362,5.3008,0.8224,0.0045
1173,011549 Ramco Publicis_Ramco Pte Ltd_Master Services Agreement _18th Nov_RS_copy_253.pdf,0.7949,5.3047,0.8224,0.0045
1174,011549 Ramco Publicis_Ramco Pte Ltd_Master Services Agreement _18th Nov_RS_copy_254.pdf,0.8713,5.3086,0.8225,0.0045
1175,011549 Ramco Publicis_Ramco Pte Ltd_Master Services Agreement _18th Nov_RS_copy_255.pdf,0.8087,5.3125,0.8224,0.0045
1176,011549 Ramco Publicis_Ramco Pte Ltd_Master Services Agreement _18th Nov_RS_copy_256.pdf,0.8043,5.3164,0.8224,0.0045
1177,011549 Ramco Publicis_Ramco Pte Ltd_Master Services Agreement _18th Nov_RS_copy_257.pdf,0.8147,5.3242,0.8224,0.0045
1178,011549 Ramco Publicis_Ramco Pte Ltd_Master Services Agreement _18th Nov_RS_copy_258.pdf,0.7956,5.3281,0.8224,0.0045
1179,011549 Ramco Publicis_Ramco Pte Ltd_Master Services Agreement _18th Nov_RS_copy_259.pdf,0.8701,5.332,0.8224,0.0045
1180,011549 Ramco Publicis_Ramco Pte Ltd_Master Services Agreement _18th Nov_RS_copy_26.pdf,0.8162,5.3359,0.8224,0.0045
1181,011549 Ramco Publicis_Ramco Pte Ltd_Master Services Agreement _18th Nov_RS_copy_260.pdf,0.8734,5.3398,0.8225,0.0045
1182,011549 Ramco Publicis_Ramco Pte Ltd_Master Services Agreement _18th Nov_RS_copy_261.pdf,0.7694,5.3438,0.8224,0.0045
1183,011549 Ramco Publicis_Ramco Pte Ltd_Master Services Agreement _18th Nov_RS_copy_262.pdf,0.845,5.3477,0.8224,0.0045
1184,011549 Ramco Publicis_Ramco Pte Ltd_Master Services Agreement _18th Nov_RS_copy_263.pdf,0.7732,5.3516,0.8224,0.0045
1185,011549 Ramco Publicis_Ramco Pte Ltd_Master Services Agreement _18th Nov_RS_copy_264.pdf,0.7954,5.3594,0.8224,0.0045
1186,011549 Ramco Publicis_Ramco Pte Ltd_Master Services Agreement _18th Nov_RS_copy_265.pdf,0.8237,5.3633,0.8224,0.0045
1187,011549 Ramco Publicis_Ramco Pte Ltd_Master Services Agreement _18th Nov_RS_copy_266.pdf,0.7705,5.3672,0.8223,0.0045
1188,011549 Ramco Publicis_Ramco Pte Ltd_Master Services Agreement _18th Nov_RS_copy_267.pdf,0.7868,5.3711,0.8223,0.0045
1189,011549 Ramco Publicis_Ramco Pte Ltd_Master Services Agreement _18th Nov_RS_copy_268.pdf,0.7892,5.375,0.8223,0.0045
1190,011549 Ramco Publicis_Ramco Pte Ltd_Master Services Agreement _18th Nov_RS_copy_269.pdf,0.8108,5.3789,0.8223,0.0045
1191,011549 Ramco Publicis_Ramco Pte Ltd_Master Services Agreement _18th Nov_RS_copy_27.pdf,0.7729,5.3828,0.8222,0.0045
1192,011549 Ramco Publicis_Ramco Pte Ltd_Master Services Agreement _18th Nov_RS_copy_270.pdf,0.7706,5.3867,0.8222,0.0045
1193,011549 Ramco Publicis_Ramco Pte Ltd_Master Services Agreement _18th Nov_RS_copy_271.pdf,0.8887,5.3945,0.8222,0.0045
1194,011549 Ramco Publicis_Ramco Pte Ltd_Master Services Agreement _18th Nov_RS_copy_272.pdf,0.7715,5.3984,0.8222,0.0045
1195,011549 Ramco Publicis_Ramco Pte Ltd_Master Services Agreement _18th Nov_RS_copy_273.pdf,0.7752,5.4023,0.8222,0.0045
1196,011549 Ramco Publicis_Ramco Pte Ltd_Master Services Agreement _18th Nov_RS_copy_274.pdf,0.8,5.4062,0.8221,0.0045
1197,011549 Ramco Publicis_Ramco Pte Ltd_Master Services Agreement _18th Nov_RS_copy_275.pdf,0.7581,5.4102,0.8221,0.0045
1198,011549 Ramco Publicis_Ramco Pte Ltd_Master Services Agreement _18th Nov_RS_copy_276.pdf,0.8452,5.4141,0.8221,0.0045
1199,011549 Ramco Publicis_Ramco Pte Ltd_Master Services Agreement _18th Nov_RS_copy_277.pdf,0.7998,5.418,0.8221,0.0045
1200,011549 Ramco Publicis_Ramco Pte Ltd_Master Services Agreement _18th Nov_RS_copy_278.pdf,0.8084,5.4219,0.8221,0.0045
1201,011549 Ramco Publicis_Ramco Pte Ltd_Master Services Agreement _18th Nov_RS_copy_279.pdf,0.7469,5.4297,0.822,0.0045
1202,011549 Ramco Publicis_Ramco Pte Ltd_Master Services Agreement _18th Nov_RS_copy_28.pdf,0.8342,5.4375,0.822,0.0045
1203,011549 Ramco Publicis_Ramco Pte Ltd_Master Services Agreement _18th Nov_RS_copy_280.pdf,0.7926,5.4414,0.822,0.0045
1204,011549 Ramco Publicis_Ramco Pte Ltd_Master Services Agreement _18th Nov_RS_copy_281.pdf,0.7681,5.4453,0.822,0.0045
1205,011549 Ramco Publicis_Ramco Pte Ltd_Master Services Agreement _18th Nov_RS_copy_282.pdf,0.7944,5.4492,0.8219,0.0045
1206,011549 Ramco Publicis_Ramco Pte Ltd_Master Services Agreement _18th Nov_RS_copy_283.pdf,0.795,5.4531,0.8219,0.0045
1207,011549 Ramco Publicis_Ramco Pte Ltd_Master Services Agreement _18th Nov_RS_copy_284.pdf,0.793,5.457,0.8219,0.0045
1208,011549 Ramco Publicis_Ramco Pte Ltd_Master Services Agreement _18th Nov_RS_copy_285.pdf,0.728,5.4609,0.8218,0.0045
1209,011549 Ramco Publicis_Ramco Pte Ltd_Master Services Agreement _18th Nov_RS_copy_286.pdf,0.77,5.4688,0.8218,0.0045
1210,011549 Ramco Publicis_Ramco Pte Ltd_Master Services Agreement _18th Nov_RS_copy_287.pdf,0.7928,5.4727,0.8217,0.0045
1211,011549 Ramco Publicis_Ramco Pte Ltd_Master Services Agreement _18th Nov_RS_copy_288.pdf,0.7985,5.4766,0.8217,0.0045
1212,011549 Ramco Publicis_Ramco Pte Ltd_Master Services Agreement _18th Nov_RS_copy_289.pdf,0.8085,5.4805,0.8217,0.0045
1213,011549 Ramco Publicis_Ramco Pte Ltd_Master Services Agreement _18th Nov_RS_copy_29.pdf,0.8084,5.4844,0.8217,0.0045
1214,011549 Ramco Publicis_Ramco Pte Ltd_Master Services Agreement _18th Nov_RS_copy_290.pdf,0.8291,5.4883,0.8217,0.0045
1215,011549 Ramco Publicis_Ramco Pte Ltd_Master Services Agreement _18th Nov_RS_copy_291.pdf,0.7874,5.4922,0.8217,0.0045
1216,011549 Ramco Publicis_Ramco Pte Ltd_Master Services Agreement _18th Nov_RS_copy_292.pdf,0.8122,5.4961,0.8217,0.0045
1217,011549 Ramco Publicis_Ramco Pte Ltd_Master Services Agreement _18th Nov_RS_copy_293.pdf,0.8238,5.5039,0.8217,0.0045
1218,011549 Ramco Publicis_Ramco Pte Ltd_Master Services Agreement _18th Nov_RS_copy_294.pdf,0.8054,5.5078,0.8217,0.0045
1219,011549 Ramco Publicis_Ramco Pte Ltd_Master Services Agreement _18th Nov_RS_copy_295.pdf,0.7621,5.5117,0.8216,0.0045
1220,011549 Ramco Publicis_Ramco Pte Ltd_Master Services Agreement _18th Nov_RS_copy_296.pdf,0.7759,5.5156,0.8216,0.0045
1221,011549 Ramco Publicis_Ramco Pte Ltd_Master Services Agreement _18th Nov_RS_copy_297.pdf,0.8068,5.5195,0.8216,0.0045
1222,011549 Ramco Publicis_Ramco Pte Ltd_Master Services Agreement _18th Nov_RS_copy_298.pdf,0.7577,5.5234,0.8215,0.0045
1223,011549 Ramco Publicis_Ramco Pte Ltd_Master Services Agreement _18th Nov_RS_copy_299.pdf,0.7823,5.5273,0.8215,0.0045
1224,011549 Ramco Publicis_Ramco Pte Ltd_Master Services Agreement _18th Nov_RS_copy_3.pdf,0.786,5.5312,0.8215,0.0045
1225,011549 Ramco Publicis_Ramco Pte Ltd_Master Services Agreement _18th Nov_RS_copy_30.pdf,0.7869,5.5391,0.8214,0.0045
1226,011549 Ramco Publicis_Ramco Pte Ltd_Master Services Agreement _18th Nov_RS_copy_300.pdf,0.7881,5.543,0.8214,0.0045
1227,011549 Ramco Publicis_Ramco Pte Ltd_Master Services Agreement _18th Nov_RS_copy_301.pdf,0.8276,5.5469,0.8214,0.0045
1228,011549 Ramco Publicis_Ramco Pte Ltd_Master Services Agreement _18th Nov_RS_copy_302.pdf,0.7555,5.5508,0.8213,0.0045
1229,011549 Ramco Publicis_Ramco Pte Ltd_Master Services Agreement _18th Nov_RS_copy_303.pdf,0.814,5.5547,0.8213,0.0045
1230,011549 Ramco Publicis_Ramco Pte Ltd_Master Services Agreement _18th Nov_RS_copy_304.pdf,0.8354,5.5586,0.8214,0.0045
1231,011549 Ramco Publicis_Ramco Pte Ltd_Master Services Agreement _18th Nov_RS_copy_305.pdf,0.7795,5.5625,0.8213,0.0045
1232,011549 Ramco Publicis_Ramco Pte Ltd_Master Services Agreement _18th Nov_RS_copy_306.pdf,0.7774,5.5664,0.8213,0.0045
1233,011549 Ramco Publicis_Ramco Pte Ltd_Master Services Agreement _18th Nov_RS_copy_307.pdf,0.7836,5.5742,0.8213,0.0045
1234,011549 Ramco Publicis_Ramco Pte Ltd_Master Services Agreement _18th Nov_RS_copy_308.pdf,0.8209,5.5781,0.8213,0.0045
1235,011549 Ramco Publicis_Ramco Pte Ltd_Master Services Agreement _18th Nov_RS_copy_309.pdf,0.7936,5.582,0.8212,0.0045
1236,011549 Ramco Publicis_Ramco Pte Ltd_Master Services Agreement _18th Nov_RS_copy_31.pdf,0.8043,5.5859,0.8212,0.0045
1237,011549 Ramco Publicis_Ramco Pte Ltd_Master Services Agreement _18th Nov_RS_copy_310.pdf,0.8101,5.5898,0.8212,0.0045
1238,011549 Ramco Publicis_Ramco Pte Ltd_Master Services Agreement _18th Nov_RS_copy_311.pdf,0.7955,5.5938,0.8212,0.0045
1239,011549 Ramco Publicis_Ramco Pte Ltd_Master Services Agreement _18th Nov_RS_copy_312.pdf,0.8112,5.5977,0.8212,0.0045
1240,011549 Ramco Publicis_Ramco Pte Ltd_Master Services Agreement _18th Nov_RS_copy_313.pdf,0.7869,5.6055,0.8212,0.0045
1241,011549 Ramco Publicis_Ramco Pte Ltd_Master Services Agreement _18th Nov_RS_copy_314.pdf,0.8131,5.6133,0.8211,0.0045
1242,011549 Ramco Publicis_Ramco Pte Ltd_Master Services Agreement _18th Nov_RS_copy_315.pdf,0.8046,5.6172,0.8211,0.0045
1243,011549 Ramco Publicis_Ramco Pte Ltd_Master Services Agreement _18th Nov_RS_copy_316.pdf,0.8246,5.6211,0.8211,0.0045
1244,011549 Ramco Publicis_Ramco Pte Ltd_Master Services Agreement _18th Nov_RS_copy_317.pdf,0.7776,5.625,0.8211,0.0045
1245,011549 Ramco Publicis_Ramco Pte Ltd_Master Services Agreement _18th Nov_RS_copy_318.pdf,0.7593,5.6289,0.821,0.0045
1246,011549 Ramco Publicis_Ramco Pte Ltd_Master Services Agreement _18th Nov_RS_copy_319.pdf,0.7628,5.6328,0.821,0.0045
1247,011549 Ramco Publicis_Ramco Pte Ltd_Master Services Agreement _18th Nov_RS_copy_32.pdf,0.7969,5.6367,0.821,0.0045
1248,011549 Ramco Publicis_Ramco Pte Ltd_Master Services Agreement _18th Nov_RS_copy_320.pdf,0.7973,5.6406,0.821,0.0045
1249,011549 Ramco Publicis_Ramco Pte Ltd_Master Services Agreement _18th Nov_RS_copy_321.pdf,0.8035,5.6484,0.8209,0.0045
1250,011549 Ramco Publicis_Ramco Pte Ltd_Master Services Agreement _18th Nov_RS_copy_322.pdf,0.7468,5.6523,0.8209,0.0045
1251,011549 Ramco Publicis_Ramco Pte Ltd_Master Services Agreement _18th Nov_RS_copy_323.pdf,0.7723,5.6562,0.8209,0.0045
1252,011549 Ramco Publicis_Ramco Pte Ltd_Master Services Agreement _18th Nov_RS_copy_324.pdf,0.7716,5.6602,0.8208,0.0045
1253,011549 Ramco Publicis_Ramco Pte Ltd_Master Services Agreement _18th Nov_RS_copy_325.pdf,0.7269,5.6641,0.8207,0.0045
1254,011549 Ramco Publicis_Ramco Pte Ltd_Master Services Agreement _18th Nov_RS_copy_326.pdf,0.7023,5.668,0.8206,0.0045
1255,011549 Ramco Publicis_Ramco Pte Ltd_Master Services Agreement _18th Nov_RS_copy_327.pdf,0.7323,5.6719,0.8206,0.0045
1256,011549 Ramco Publicis_Ramco Pte Ltd_Master Services Agreement _18th Nov_RS_copy_328.pdf,0.7616,5.6758,0.8205,0.0045
1257,011549 Ramco Publicis_Ramco Pte Ltd_Master Services Agreement _18th Nov_RS_copy_329.pdf,0.934,5.6836,0.8206,0.0045
1258,011549 Ramco Publicis_Ramco Pte Ltd_Master Services Agreement _18th Nov_RS_copy_33.pdf,0.7671,5.6875,0.8206,0.0045
1259,011549 Ramco Publicis_Ramco Pte Ltd_Master Services Agreement _18th Nov_RS_copy_330.pdf,0.8111,5.6914,0.8206,0.0045
1260,011549 Ramco Publicis_Ramco Pte Ltd_Master Services Agreement _18th Nov_RS_copy_331.pdf,0.8092,5.6953,0.8206,0.0045
1261,011549 Ramco Publicis_Ramco Pte Ltd_Master Services Agreement _18th Nov_RS_copy_332.pdf,0.7456,5.6992,0.8205,0.0045
1262,011549 Ramco Publicis_Ramco Pte Ltd_Master Services Agreement _18th Nov_RS_copy_333.pdf,0.8024,5.7031,0.8205,0.0045
1263,011549 Ramco Publicis_Ramco Pte Ltd_Master Services Agreement _18th Nov_RS_copy_334.pdf,0.7978,5.707,0.8205,0.0045
1264,011549 Ramco Publicis_Ramco Pte Ltd_Master Services Agreement _18th Nov_RS_copy_335.pdf,0.8025,5.7109,0.8205,0.0045
1265,011549 Ramco Publicis_Ramco Pte Ltd_Master Services Agreement _18th Nov_RS_copy_336.pdf,0.8115,5.7188,0.8204,0.0045
1266,011549 Ramco Publicis_Ramco Pte Ltd_Master Services Agreement _18th Nov_RS_copy_337.pdf,0.8088,5.7227,0.8204,0.0045
1267,011549 Ramco Publicis_Ramco Pte Ltd_Master Services Agreement _18th Nov_RS_copy_338.pdf,0.8039,5.7266,0.8204,0.0045
1268,011549 Ramco Publicis_Ramco Pte Ltd_Master Services Agreement _18th Nov_RS_copy_339.pdf,0.7965,5.7305,0.8204,0.0045
1269,011549 Ramco Publicis_Ramco Pte Ltd_Master Services Agreement _18th Nov_RS_copy_34.pdf,0.8083,5.7344,0.8204,0.0045
1270,011549 Ramco Publicis_Ramco Pte Ltd_Master Services Agreement _18th Nov_RS_copy_340.pdf,0.7807,5.7383,0.8204,0.0045
1271,011549 Ramco Publicis_Ramco Pte Ltd_Master Services Agreement _18th Nov_RS_copy_341.pdf,0.814,5.7422,0.8204,0.0045
1272,011549 Ramco Publicis_Ramco Pte Ltd_Master Services Agreement _18th Nov_RS_copy_342.pdf,0.8338,5.7461,0.8204,0.0045
1273,011549 Ramco Publicis_Ramco Pte Ltd_Master Services Agreement _18th Nov_RS_copy_343.pdf,0.8019,5.7539,0.8204,0.0045
1274,011549 Ramco Publicis_Ramco Pte Ltd_Master Services Agreement _18th Nov_RS_copy_344.pdf,0.7335,5.7578,0.8203,0.0045
1275,011549 Ramco Publicis_Ramco Pte Ltd_Master Services Agreement _18th Nov_RS_copy_345.pdf,0.7593,5.7617,0.8202,0.0045
1276,011549 Ramco Publicis_Ramco Pte Ltd_Master Services Agreement _18th Nov_RS_copy_346.pdf,0.7456,5.7656,0.8202,0.0045
1277,011549 Ramco Publicis_Ramco Pte Ltd_Master Services Agreement _18th Nov_RS_copy_347.pdf,0.7452,5.7695,0.8201,0.0045
1278,011549 Ramco Publicis_Ramco Pte Ltd_Master Services Agreement _18th Nov_RS_copy_348.pdf,0.7728,5.7734,0.8201,0.0045
1279,011549 Ramco Publicis_Ramco Pte Ltd_Master Services Agreement _18th Nov_RS_copy_349.pdf,0.7525,5.7812,0.82,0.0045
1280,011549 Ramco Publicis_Ramco Pte Ltd_Master Services Agreement _18th Nov_RS_copy_35.pdf,0.7371,5.7852,0.82,0.0045
1281,011549 Ramco Publicis_Ramco Pte Ltd_Master Services Agreement _18th Nov_RS_copy_350.pdf,0.7029,5.793,0.8199,0.0045
1282,011549 Ramco Publicis_Ramco Pte Ltd_Master Services Agreement _18th Nov_RS_copy_351.pdf,0.7481,5.7969,0.8198,0.0045
1283,011549 Ramco Publicis_Ramco Pte Ltd_Master Services Agreement _18th Nov_RS_copy_352.pdf,0.7451,5.8008,0.8198,0.0045
1284,011549 Ramco Publicis_Ramco Pte Ltd_Master Services Agreement _18th Nov_RS_copy_353.pdf,0.7485,5.8047,0.8197,0.0045
1285,011549 Ramco Publicis_Ramco Pte Ltd_Master Services Agreement _18th Nov_RS_copy_354.pdf,0.7344,5.8086,0.8196,0.0045
1286,011549 Ramco Publicis_Ramco Pte Ltd_Master Services Agreement _18th Nov_RS_copy_355.pdf,0.7685,5.8125,0.8196,0.0045
1287,011549 Ramco Publicis_Ramco Pte Ltd_Master Services Agreement _18th Nov_RS_copy_356.pdf,0.7395,5.8164,0.8195,0.0045
1288,011549 Ramco Publicis_Ramco Pte Ltd_Master Services Agreement _18th Nov_RS_copy_357.pdf,0.7688,5.8203,0.8195,0.0045
1289,011549 Ramco Publicis_Ramco Pte Ltd_Master Services Agreement _18th Nov_RS_copy_358.pdf,0.7424,5.8281,0.8194,0.0045
1290,011549 Ramco Publicis_Ramco Pte Ltd_Master Services Agreement _18th Nov_RS_copy_359.pdf,0.7755,5.832,0.8194,0.0045
1291,011549 Ramco Publicis_Ramco Pte Ltd_Master Services Agreement _18th Nov_RS_copy_36.pdf,0.7265,5.8359,0.8193,0.0045
1292,011549 Ramco Publicis_Ramco Pte Ltd_Master Services Agreement _18th Nov_RS_copy_360.pdf,0.7662,5.8398,0.8193,0.0045
1293,011549 Ramco Publicis_Ramco Pte Ltd_Master Services Agreement _18th Nov_RS_copy_361.pdf,0.7617,5.8438,0.8192,0.0045
1294,011549 Ramco Publicis_Ramco Pte Ltd_Master Services Agreement _18th Nov_RS_copy_362.pdf,0.7285,5.8477,0.8192,0.0045
1295,011549 Ramco Publicis_Ramco Pte Ltd_Master Services Agreement _18th Nov_RS_copy_363.pdf,0.7405,5.8516,0.8191,0.0045
1296,011549 Ramco Publicis_Ramco Pte Ltd_Master Services Agreement _18th Nov_RS_copy_364.pdf,0.7149,5.8555,0.819,0.0045
1297,011549 Ramco Publicis_Ramco Pte Ltd_Master Services Agreement _18th Nov_RS_copy_365.pdf,0.7587,5.8633,0.819,0.0045
1298,011549 Ramco Publicis_Ramco Pte Ltd_Master Services Agreement _18th Nov_RS_copy_366.pdf,0.7555,5.8672,0.8189,0.0045
1299,011549 Ramco Publicis_Ramco Pte Ltd_Master Services Agreement _18th Nov_RS_copy_367.pdf,0.7394,5.8711,0.8189,0.0045
1300,011549 Ramco Publicis_Ramco Pte Ltd_Master Services Agreement _18th Nov_RS_copy_368.pdf,0.7656,5.875,0.8188,0.0045
1301,011549 Ramco Publicis_Ramco Pte Ltd_Master Services Agreement _18th Nov_RS_copy_369.pdf,0.7533,5.8789,0.8188,0.0045
1302,011549 Ramco Publicis_Ramco Pte Ltd_Master Services Agreement _18th Nov_RS_copy_37.pdf,0.7747,5.8828,0.8188,0.0045
1303,011549 Ramco Publicis_Ramco Pte Ltd_Master Services Agreement _18th Nov_RS_copy_370.pdf,0.7341,5.8867,0.8187,0.0045
1304,011549 Ramco Publicis_Ramco Pte Ltd_Master Services Agreement _18th Nov_RS_copy_371.pdf,0.7146,5.8906,0.8186,0.0045
1305,011549 Ramco Publicis_Ramco Pte Ltd_Master Services Agreement _18th Nov_RS_copy_372.pdf,0.7568,5.8984,0.8186,0.0045
1306,011549 Ramco Publicis_Ramco Pte Ltd_Master Services Agreement _18th Nov_RS_copy_373.pdf,0.7296,5.9023,0.8185,0.0045
1307,011549 Ramco Publicis_Ramco Pte Ltd_Master Services Agreement _18th Nov_RS_copy_374.pdf,0.7473,5.9062,0.8184,0.0045
1308,011549 Ramco Publicis_Ramco Pte Ltd_Master Services Agreement _18th Nov_RS_copy_375.pdf,0.7274,5.9102,0.8184,0.0045
1309,011549 Ramco Publicis_Ramco Pte Ltd_Master Services Agreement _18th Nov_RS_copy_376.pdf,0.7477,5.9141,0.8183,0.0045
1310,011549 Ramco Publicis_Ramco Pte Ltd_Master Services Agreement _18th Nov_RS_copy_377.pdf,0.7617,5.918,0.8183,0.0045
1311,011549 Ramco Publicis_Ramco Pte Ltd_Master Services Agreement _18th Nov_RS_copy_378.pdf,0.7138,5.9219,0.8182,0.0045
1312,011549 Ramco Publicis_Ramco Pte Ltd_Master Services Agreement _18th Nov_RS_copy_379.pdf,0.7587,5.9258,0.8181,0.0045
1313,011549 Ramco Publicis_Ramco Pte Ltd_Master Services Agreement _18th Nov_RS_copy_38.pdf,0.7422,5.9336,0.8181,0.0045
1314,011549 Ramco Publicis_Ramco Pte Ltd_Master Services Agreement _18th Nov_RS_copy_380.pdf,0.7718,5.9375,0.8181,0.0045
1315,011549 Ramco Publicis_Ramco Pte Ltd_Master Services Agreement _18th Nov_RS_copy_381.pdf,0.7032,5.9414,0.818,0.0045
1316,011549 Ramco Publicis_Ramco Pte Ltd_Master Services Agreement _18th Nov_RS_copy_382.pdf,0.7436,5.9453,0.8179,0.0045
1317,011549 Ramco Publicis_Ramco Pte Ltd_Master Services Agreement _18th Nov_RS_copy_383.pdf,0.7487,5.9531,0.8179,0.0045
1318,011549 Ramco Publicis_Ramco Pte Ltd_Master Services Agreement _18th Nov_RS_copy_384.pdf,0.7758,5.957,0.8178,0.0045
1319,011549 Ramco Publicis_Ramco Pte Ltd_Master Services Agreement _18th Nov_RS_copy_385.pdf,0.7368,5.9609,0.8178,0.0045
1320,011549 Ramco Publicis_Ramco Pte Ltd_Master Services Agreement _18th Nov_RS_copy_386.pdf,0.7772,5.9648,0.8177,0.0045
1321,011549 Ramco Publicis_Ramco Pte Ltd_Master Services Agreement _18th Nov_RS_copy_387.pdf,0.7495,5.9727,0.8177,0.0045
1322,011549 Ramco Publicis_Ramco Pte Ltd_Master Services Agreement _18th Nov_RS_copy_388.pdf,0.7532,5.9766,0.8176,0.0045
1323,011549 Ramco Publicis_Ramco Pte Ltd_Master Services Agreement _18th Nov_RS_copy_389.pdf,0.7687,5.9805,0.8176,0.0045
1324,011549 Ramco Publicis_Ramco Pte Ltd_Master Services Agreement _18th Nov_RS_copy_39.pdf,0.7608,5.9844,0.8176,0.0045
1325,011549 Ramco Publicis_Ramco Pte Ltd_Master Services Agreement _18th Nov_RS_copy_390.pdf,0.7635,5.9883,0.8175,0.0045
1326,011549 Ramco Publicis_Ramco Pte Ltd_Master Services Agreement _18th Nov_RS_copy_391.pdf,0.7789,5.9922,0.8175,0.0045
1327,011549 Ramco Publicis_Ramco Pte Ltd_Master Services Agreement _18th Nov_RS_copy_392.pdf,0.7439,5.9961,0.8174,0.0045
1328,011549 Ramco Publicis_Ramco Pte Ltd_Master Services Agreement _18th Nov_RS_copy_393.pdf,0.7162,6.0,0.8173,0.0045
1329,011549 Ramco Publicis_Ramco Pte Ltd_Master Services Agreement _18th Nov_RS_copy_394.pdf,0.7713,6.0078,0.8173,0.0045
1330,011549 Ramco Publicis_Ramco Pte Ltd_Master Services Agreement _18th Nov_RS_copy_395.pdf,0.7642,6.0117,0.8173,0.0045
1331,011549 Ramco Publicis_Ramco Pte Ltd_Master Services Agreement _18th Nov_RS_copy_396.pdf,0.7422,6.0156,0.8172,0.0045
1332,011549 Ramco Publicis_Ramco Pte Ltd_Master Services Agreement _18th Nov_RS_copy_397.pdf,0.7108,6.0195,0.8171,0.0045
1333,011549 Ramco Publicis_Ramco Pte Ltd_Master Services Agreement _18th Nov_RS_copy_398.pdf,0.7486,6.0234,0.8171,0.0045
1334,011549 Ramco Publicis_Ramco Pte Ltd_Master Services Agreement _18th Nov_RS_copy_399.pdf,0.7649,6.0273,0.817,0.0045
1335,011549 Ramco Publicis_Ramco Pte Ltd_Master Services Agreement _18th Nov_RS_copy_4.pdf,0.7518,6.0312,0.817,0.0045
1336,011549 Ramco Publicis_Ramco Pte Ltd_Master Services Agreement _18th Nov_RS_copy_40.pdf,0.7722,6.0352,0.817,0.0045
1337,011549 Ramco Publicis_Ramco Pte Ltd_Master Services Agreement _18th Nov_RS_copy_400.pdf,0.7431,6.043,0.8169,0.0045
1338,011549 Ramco Publicis_Ramco Pte Ltd_Master Services Agreement _18th Nov_RS_copy_401.pdf,0.7427,6.0469,0.8169,0.0045
1339,011549 Ramco Publicis_Ramco Pte Ltd_Master Services Agreement _18th Nov_RS_copy_402.pdf,0.7484,6.0508,0.8168,0.0045
1340,011549 Ramco Publicis_Ramco Pte Ltd_Master Services Agreement _18th Nov_RS_copy_403.pdf,0.7628,6.0547,0.8168,0.0045
1341,011549 Ramco Publicis_Ramco Pte Ltd_Master Services Agreement _18th Nov_RS_copy_404.pdf,0.7476,6.0586,0.8167,0.0045
1342,011549 Ramco Publicis_Ramco Pte Ltd_Master Services Agreement _18th Nov_RS_copy_405.pdf,0.7771,6.0625,0.8167,0.0045
1343,011549 Ramco Publicis_Ramco Pte Ltd_Master Services Agreement _18th Nov_RS_copy_406.pdf,0.7591,6.0664,0.8166,0.0045
1344,011549 Ramco Publicis_Ramco Pte Ltd_Master Services Agreement _18th Nov_RS_copy_407.pdf,0.7612,6.0703,0.8166,0.0045
1345,011549 Ramco Publicis_Ramco Pte Ltd_Master Services Agreement _18th Nov_RS_copy_408.pdf,0.7483,6.0781,0.8165,0.0045
1346,011549 Ramco Publicis_Ramco Pte Ltd_Master Services Agreement _18th Nov_RS_copy_409.pdf,0.7567,6.082,0.8165,0.0045
1347,011549 Ramco Publicis_Ramco Pte Ltd_Master Services Agreement _18th Nov_RS_copy_41.pdf,0.7655,6.0859,0.8165,0.0045
1348,011549 Ramco Publicis_Ramco Pte Ltd_Master Services Agreement _18th Nov_RS_copy_410.pdf,0.7641,6.0898,0.8164,0.0045
1349,011549 Ramco Publicis_Ramco Pte Ltd_Master Services Agreement _18th Nov_RS_copy_411.pdf,0.754,6.0938,0.8164,0.0045
1350,011549 Ramco Publicis_Ramco Pte Ltd_Master Services Agreement _18th Nov_RS_copy_412.pdf,0.7262,6.0977,0.8163,0.0045
1351,011549 Ramco Publicis_Ramco Pte Ltd_Master Services Agreement _18th Nov_RS_copy_413.pdf,0.7918,6.1016,0.8163,0.0045
1352,011549 Ramco Publicis_Ramco Pte Ltd_Master Services Agreement _18th Nov_RS_copy_414.pdf,0.7666,6.1055,0.8163,0.0045
1353,011549 Ramco Publicis_Ramco Pte Ltd_Master Services Agreement _18th Nov_RS_copy_415.pdf,0.8055,6.1133,0.8163,0.0045
1354,011549 Ramco Publicis_Ramco Pte Ltd_Master Services Agreement _18th Nov_RS_copy_416.pdf,0.8004,6.1172,0.8162,0.0045
1355,011549 Ramco Publicis_Ramco Pte Ltd_Master Services Agreement _18th Nov_RS_copy_417.pdf,0.7899,6.1211,0.8162,0.0045
1356,011549 Ramco Publicis_Ramco Pte Ltd_Master Services Agreement _18th Nov_RS_copy_418.pdf,0.786,6.1289,0.8162,0.0045
1357,011549 Ramco Publicis_Ramco Pte Ltd_Master Services Agreement _18th Nov_RS_copy_419.pdf,0.7869,6.1328,0.8162,0.0045
1358,011549 Ramco Publicis_Ramco Pte Ltd_Master Services Agreement _18th Nov_RS_copy_42.pdf,0.8036,6.1367,0.8162,0.0045
1359,011549 Ramco Publicis_Ramco Pte Ltd_Master Services Agreement _18th Nov_RS_copy_420.pdf,0.8311,6.1406,0.8162,0.0045
1360,011549 Ramco Publicis_Ramco Pte Ltd_Master Services Agreement _18th Nov_RS_copy_421.pdf,0.8101,6.1445,0.8162,0.0045
1361,011549 Ramco Publicis_Ramco Pte Ltd_Master Services Agreement _18th Nov_RS_copy_422.pdf,0.8218,6.1523,0.8162,0.0045
1362,011549 Ramco Publicis_Ramco Pte Ltd_Master Services Agreement _18th Nov_RS_copy_423.pdf,0.8161,6.1562,0.8162,0.0045
1363,011549 Ramco Publicis_Ramco Pte Ltd_Master Services Agreement _18th Nov_RS_copy_424.pdf,0.7783,6.1602,0.8161,0.0045
1364,011549 Ramco Publicis_Ramco Pte Ltd_Master Services Agreement _18th Nov_RS_copy_425.pdf,0.7806,6.1641,0.8161,0.0045
1365,011549 Ramco Publicis_Ramco Pte Ltd_Master Services Agreement _18th Nov_RS_copy_426.pdf,0.8249,6.168,0.8161,0.0045
1366,011549 Ramco Publicis_Ramco Pte Ltd_Master Services Agreement _18th Nov_RS_copy_427.pdf,0.8134,6.1719,0.8161,0.0045
1367,011549 Ramco Publicis_Ramco Pte Ltd_Master Services Agreement _18th Nov_RS_copy_428.pdf,0.7452,6.1758,0.8161,0.0045
1368,011549 Ramco Publicis_Ramco Pte Ltd_Master Services Agreement _18th Nov_RS_copy_429.pdf,0.7816,6.1797,0.816,0.0045
1369,011549 Ramco Publicis_Ramco Pte Ltd_Master Services Agreement _18th Nov_RS_copy_43.pdf,0.8059,6.1875,0.816,0.0045
1370,011549 Ramco Publicis_Ramco Pte Ltd_Master Services Agreement _18th Nov_RS_copy_430.pdf,0.7935,6.1914,0.816,0.0045
1371,011549 Ramco Publicis_Ramco Pte Ltd_Master Services Agreement _18th Nov_RS_copy_431.pdf,0.8077,6.1953,0.816,0.0045
1372,011549 Ramco Publicis_Ramco Pte Ltd_Master Services Agreement _18th Nov_RS_copy_432.pdf,0.7979,6.1992,0.816,0.0045
1373,011549 Ramco Publicis_Ramco Pte Ltd_Master Services Agreement _18th Nov_RS_copy_433.pdf,0.7937,6.2031,0.816,0.0045
1374,011549 Ramco Publicis_Ramco Pte Ltd_Master Services Agreement _18th Nov_RS_copy_434.pdf,0.785,6.207,0.816,0.0045
1375,011549 Ramco Publicis_Ramco Pte Ltd_Master Services Agreement _18th Nov_RS_copy_435.pdf,0.7921,6.2109,0.816,0.0045
1376,011549 Ramco Publicis_Ramco Pte Ltd_Master Services Agreement _18th Nov_RS_copy_436.pdf,0.7994,6.2148,0.8159,0.0045
1377,011549 Ramco Publicis_Ramco Pte Ltd_Master Services Agreement _18th Nov_RS_copy_437.pdf,0.7903,6.2227,0.8159,0.0045
1378,011549 Ramco Publicis_Ramco Pte Ltd_Master Services Agreement _18th Nov_RS_copy_438.pdf,0.7797,6.2266,0.8159,0.0045
1379,011549 Ramco Publicis_Ramco Pte Ltd_Master Services Agreement _18th Nov_RS_copy_439.pdf,0.835,6.2305,0.8159,0.0045
1380,011549 Ramco Publicis_Ramco Pte Ltd_Master Services Agreement _18th Nov_RS_copy_44.pdf,0.8091,6.2344,0.8159,0.0045
1381,011549 Ramco Publicis_Ramco Pte Ltd_Master Services Agreement _18th Nov_RS_copy_440.pdf,0.8401,6.2383,0.8159,0.0045
1382,011549 Ramco Publicis_Ramco Pte Ltd_Master Services Agreement _18th Nov_RS_copy_441.pdf,0.7728,6.2422,0.8159,0.0045
1383,011549 Ramco Publicis_Ramco Pte Ltd_Master Services Agreement _18th Nov_RS_copy_442.pdf,0.7917,6.2461,0.8159,0.0045
1384,011549 Ramco Publicis_Ramco Pte Ltd_Master Services Agreement _18th Nov_RS_copy_443.pdf,0.8307,6.25,0.8159,0.0045
1385,011549 Ramco Publicis_Ramco Pte Ltd_Master Services Agreement _18th Nov_RS_copy_444.pdf,0.8438,6.2578,0.8159,0.0045
1386,011549 Ramco Publicis_Ramco Pte Ltd_Master Services Agreement _18th Nov_RS_copy_445.pdf,0.7948,6.2617,0.8159,0.0045
1387,011549 Ramco Publicis_Ramco Pte Ltd_Master Services Agreement _18th Nov_RS_copy_446.pdf,0.8561,6.2656,0.8159,0.0045
1388,011549 Ramco Publicis_Ramco Pte Ltd_Master Services Agreement _18th Nov_RS_copy_447.pdf,0.8009,6.2695,0.8159,0.0045
1389,011549 Ramco Publicis_Ramco Pte Ltd_Master Services Agreement _18th Nov_RS_copy_448.pdf,0.8013,6.2734,0.8159,0.0045
1390,011549 Ramco Publicis_Ramco Pte Ltd_Master Services Agreement _18th Nov_RS_copy_449.pdf,0.781,6.2773,0.8159,0.0045
1391,011549 Ramco Publicis_Ramco Pte Ltd_Master Services Agreement _18th Nov_RS_copy_45.pdf,0.7719,6.2812,0.8158,0.0045
1392,011549 Ramco Publicis_Ramco Pte Ltd_Master Services Agreement _18th Nov_RS_copy_450.pdf,0.7872,6.2852,0.8158,0.0045
1393,011549 Ramco Publicis_Ramco Pte Ltd_Master Services Agreement _18th Nov_RS_copy_451.pdf,0.8264,6.293,0.8158,0.0045
1394,011549 Ramco Publicis_Ramco Pte Ltd_Master Services Agreement _18th Nov_RS_copy_452.pdf,0.7884,6.3008,0.8158,0.0045
1395,011549 Ramco Publicis_Ramco Pte Ltd_Master Services Agreement _18th Nov_RS_copy_453.pdf,0.8112,6.3047,0.8158,0.0045
1396,011549 Ramco Publicis_Ramco Pte Ltd_Master Services Agreement _18th Nov_RS_copy_454.pdf,0.8129,6.3086,0.8158,0.0045
1397,011549 Ramco Publicis_Ramco Pte Ltd_Master Services Agreement _18th Nov_RS_copy_455.pdf,0.7659,6.3125,0.8158,0.0045
1398,011549 Ramco Publicis_Ramco Pte Ltd_Master Services Agreement _18th Nov_RS_copy_456.pdf,0.8077,6.3164,0.8158,0.0045
1399,011549 Ramco Publicis_Ramco Pte Ltd_Master Services Agreement _18th Nov_RS_copy_457.pdf,0.8057,6.3203,0.8158,0.0045
1400,011549 Ramco Publicis_Ramco Pte Ltd_Master Services Agreement _18th Nov_RS_copy_458.pdf,0.8262,6.3242,0.8158,0.0045
1401,011549 Ramco Publicis_Ramco Pte Ltd_Master Services Agreement _18th Nov_RS_copy_459.pdf,0.7428,6.332,0.8157,0.0045
1402,011549 Ramco Publicis_Ramco Pte Ltd_Master Services Agreement _18th Nov_RS_copy_46.pdf,0.8552,6.3359,0.8157,0.0045
1403,011549 Ramco Publicis_Ramco Pte Ltd_Master Services Agreement _18th Nov_RS_copy_460.pdf,0.7899,6.3398,0.8157,0.0045
1404,011549 Ramco Publicis_Ramco Pte Ltd_Master Services Agreement _18th Nov_RS_copy_461.pdf,0.7637,6.3438,0.8157,0.0045
1405,011549 Ramco Publicis_Ramco Pte Ltd_Master Services Agreement _18th Nov_RS_copy_462.pdf,0.7642,6.3477,0.8156,0.0045
1406,011549 Ramco Publicis_Ramco Pte Ltd_Master Services Agreement _18th Nov_RS_copy_463.pdf,0.7619,6.3516,0.8156,0.0045
1407,011549 Ramco Publicis_Ramco Pte Ltd_Master Services Agreement _18th Nov_RS_copy_464.pdf,0.7347,6.3555,0.8155,0.0045
1408,011549 Ramco Publicis_Ramco Pte Ltd_Master Services Agreement _18th Nov_RS_copy_465.pdf,0.7411,6.3594,0.8155,0.0045
1409,011549 Ramco Publicis_Ramco Pte Ltd_Master Services Agreement _18th Nov_RS_copy_466.pdf,0.8315,6.3672,0.8155,0.0045
1410,011549 Ramco Publicis_Ramco Pte Ltd_Master Services Agreement _18th Nov_RS_copy_467.pdf,0.7695,6.3711,0.8155,0.0045
1411,011549 Ramco Publicis_Ramco Pte Ltd_Master Services Agreement _18th Nov_RS_copy_468.pdf,0.8018,6.375,0.8155,0.0045
1412,011549 Ramco Publicis_Ramco Pte Ltd_Master Services Agreement _18th Nov_RS_copy_469.pdf,0.77,6.3789,0.8154,0.0045
1413,011549 Ramco Publicis_Ramco Pte Ltd_Master Services Agreement _18th Nov_RS_copy_47.pdf,0.8029,6.3828,0.8154,0.0045
1414,011549 Ramco Publicis_Ramco Pte Ltd_Master Services Agreement _18th Nov_RS_copy_470.pdf,0.8546,6.3867,0.8154,0.0045
1415,011549 Ramco Publicis_Ramco Pte Ltd_Master Services Agreement _18th Nov_RS_copy_471.pdf,0.7683,6.3906,0.8154,0.0045
1416,011549 Ramco Publicis_Ramco Pte Ltd_Master Services Agreement _18th Nov_RS_copy_472.pdf,0.7805,6.3945,0.8154,0.0045
1417,011549 Ramco Publicis_Ramco Pte Ltd_Master Services Agreement _18th Nov_RS_copy_473.pdf,0.8141,6.4023,0.8154,0.0045
1418,011549 Ramco Publicis_Ramco Pte Ltd_Master Services Agreement _18th Nov_RS_copy_474.pdf,0.7883,6.4062,0.8154,0.0045
1419,011549 Ramco Publicis_Ramco Pte Ltd_Master Services Agreement _18th Nov_RS_copy_475.pdf,0.7714,6.4102,0.8153,0.0045
1420,011549 Ramco Publicis_Ramco Pte Ltd_Master Services Agreement _18th Nov_RS_copy_476.pdf,0.7545,6.4141,0.8153,0.0045
1421,011549 Ramco Publicis_Ramco Pte Ltd_Master Services Agreement _18th Nov_RS_copy_477.pdf,0.761,6.418,0.8153,0.0045
1422,011549 Ramco Publicis_Ramco Pte Ltd_Master Services Agreement _18th Nov_RS_copy_478.pdf,0.8064,6.4219,0.8153,0.0045
1423,011549 Ramco Publicis_Ramco Pte Ltd_Master Services Agreement _18th Nov_RS_copy_479.pdf,0.8074,6.4258,0.8152,0.0045
1424,011549 Ramco Publicis_Ramco Pte Ltd_Master Services Agreement _18th Nov_RS_copy_48.pdf,0.7905,6.4297,0.8152,0.0045
1425,011549 Ramco Publicis_Ramco Pte Ltd_Master Services Agreement _18th Nov_RS_copy_480.pdf,0.7919,6.4375,0.8152,0.0045
1426,011549 Ramco Publicis_Ramco Pte Ltd_Master Services Agreement _18th Nov_RS_copy_481.pdf,0.8051,6.4414,0.8152,0.0045
1427,011549 Ramco Publicis_Ramco Pte Ltd_Master Services Agreement _18th Nov_RS_copy_482.pdf,0.8102,6.4453,0.8152,0.0045
1428,011549 Ramco Publicis_Ramco Pte Ltd_Master Services Agreement _18th Nov_RS_copy_483.pdf,0.7936,6.4492,0.8152,0.0045
1429,011549 Ramco Publicis_Ramco Pte Ltd_Master Services Agreement _18th Nov_RS_copy_484.pdf,0.8097,6.4531,0.8152,0.0045
1430,011549 Ramco Publicis_Ramco Pte Ltd_Master Services Agreement _18th Nov_RS_copy_485.pdf,0.7958,6.457,0.8152,0.0045
1431,011549 Ramco Publicis_Ramco Pte Ltd_Master Services Agreement _18th Nov_RS_copy_486.pdf,0.8517,6.4609,0.8152,0.0045
1432,011549 Ramco Publicis_Ramco Pte Ltd_Master Services Agreement _18th Nov_RS_copy_487.pdf,0.8032,6.4688,0.8152,0.0045
1433,011549 Ramco Publicis_Ramco Pte Ltd_Master Services Agreement _18th Nov_RS_copy_488.pdf,0.7995,6.4766,0.8152,0.0045
1434,011549 Ramco Publicis_Ramco Pte Ltd_Master Services Agreement _18th Nov_RS_copy_489.pdf,0.8229,6.4805,0.8152,0.0045
1435,011549 Ramco Publicis_Ramco Pte Ltd_Master Services Agreement _18th Nov_RS_copy_49.pdf,0.8143,6.4844,0.8152,0.0045
1436,011549 Ramco Publicis_Ramco Pte Ltd_Master Services Agreement _18th Nov_RS_copy_490.pdf,0.8241,6.4883,0.8152,0.0045
1437,011549 Ramco Publicis_Ramco Pte Ltd_Master Services Agreement _18th Nov_RS_copy_491.pdf,0.7715,6.4922,0.8152,0.0045
1438,011549 Ramco Publicis_Ramco Pte Ltd_Master Services Agreement _18th Nov_RS_copy_492.pdf,0.7705,6.4961,0.8151,0.0045
1439,011549 Ramco Publicis_Ramco Pte Ltd_Master Services Agreement _18th Nov_RS_copy_493.pdf,0.7814,6.5,0.8151,0.0045
1440,011549 Ramco Publicis_Ramco Pte Ltd_Master Services Agreement _18th Nov_RS_copy_494.pdf,0.8028,6.5039,0.8151,0.0045
1441,011549 Ramco Publicis_Ramco Pte Ltd_Master Services Agreement _18th Nov_RS_copy_495.pdf,0.8121,6.5117,0.8151,0.0045
1442,011549 Ramco Publicis_Ramco Pte Ltd_Master Services Agreement _18th Nov_RS_copy_496.pdf,0.8019,6.5156,0.8151,0.0045
1443,011549 Ramco Publicis_Ramco Pte Ltd_Master Services Agreement _18th Nov_RS_copy_497.pdf,0.8812,6.5195,0.8151,0.0045
1444,011549 Ramco Publicis_Ramco Pte Ltd_Master Services Agreement _18th Nov_RS_copy_498.pdf,0.7956,6.5234,0.8151,0.0045
1445,011549 Ramco Publicis_Ramco Pte Ltd_Master Services Agreement _18th Nov_RS_copy_499.pdf,0.8209,6.5273,0.8151,0.0045
1446,011549 Ramco Publicis_Ramco Pte Ltd_Master Services Agreement _18th Nov_RS_copy_5.pdf,0.7973,6.5312,0.8151,0.0045
1447,011549 Ramco Publicis_Ramco Pte Ltd_Master Services Agreement _18th Nov_RS_copy_50.pdf,0.8048,6.5352,0.8151,0.0045
1448,011549 Ramco Publicis_Ramco Pte Ltd_Master Services Agreement _18th Nov_RS_copy_500.pdf,0.8197,6.5391,0.8151,0.0045
1449,011549 Ramco Publicis_Ramco Pte Ltd_Master Services Agreement _18th Nov_RS_copy_501.pdf,0.7855,6.5469,0.8151,0.0045
1450,011549 Ramco Publicis_Ramco Pte Ltd_Master Services Agreement _18th Nov_RS_copy_502.pdf,0.8121,6.5508,0.8151,0.0045
1451,011549 Ramco Publicis_Ramco Pte Ltd_Master Services Agreement _18th Nov_RS_copy_503.pdf,0.8297,6.5547,0.8151,0.0045
1452,011549 Ramco Publicis_Ramco Pte Ltd_Master Services Agreement _18th Nov_RS_copy_504.pdf,0.8193,6.5586,0.8151,0.0045
1453,011549 Ramco Publicis_Ramco Pte Ltd_Master Services Agreement _18th Nov_RS_copy_505.pdf,0.7934,6.5625,0.8151,0.0045
1454,011549 Ramco Publicis_Ramco Pte Ltd_Master Services Agreement _18th Nov_RS_copy_506.pdf,0.8111,6.5664,0.8151,0.0045
1455,011549 Ramco Publicis_Ramco Pte Ltd_Master Services Agreement _18th Nov_RS_copy_507.pdf,0.7902,6.5703,0.8151,0.0045
1456,011549 Ramco Publicis_Ramco Pte Ltd_Master Services Agreement _18th Nov_RS_copy_508.pdf,0.8275,6.5742,0.8151,0.0045
1457,011549 Ramco Publicis_Ramco Pte Ltd_Master Services Agreement _18th Nov_RS_copy_509.pdf,0.8531,6.582,0.8151,0.0045
1458,011549 Ramco Publicis_Ramco Pte Ltd_Master Services Agreement _18th Nov_RS_copy_51.pdf,0.793,6.5859,0.8151,0.0045
1459,011549 Ramco Publicis_Ramco Pte Ltd_Master Services Agreement _18th Nov_RS_copy_510.pdf,0.7934,6.5898,0.8151,0.0045
1460,011549 Ramco Publicis_Ramco Pte Ltd_Master Services Agreement _18th Nov_RS_copy_511.pdf,0.794,6.5938,0.815,0.0045
1461,011549 Ramco Publicis_Ramco Pte Ltd_Master Services Agreement _18th Nov_RS_copy_512.pdf,0.8075,6.5977,0.815,0.0045
1462,011549 Ramco Publicis_Ramco Pte Ltd_Master Services Agreement _18th Nov_RS_copy_513.pdf,0.8055,6.6016,0.815,0.0045
1463,011549 Ramco Publicis_Ramco Pte Ltd_Master Services Agreement _18th Nov_RS_copy_514.pdf,0.8207,6.6055,0.815,0.0045
1464,011549 Ramco Publicis_Ramco Pte Ltd_Master Services Agreement _18th Nov_RS_copy_515.pdf,0.7923,6.6094,0.815,0.0045
1465,011549 Ramco Publicis_Ramco Pte Ltd_Master Services Agreement _18th Nov_RS_copy_516.pdf,0.9042,6.6172,0.8151,0.0045
1466,011549 Ramco Publicis_Ramco Pte Ltd_Master Services Agreement _18th Nov_RS_copy_517.pdf,0.7636,6.6211,0.8151,0.0045
1467,011549 Ramco Publicis_Ramco Pte Ltd_Master Services Agreement _18th Nov_RS_copy_518.pdf,0.832,6.625,0.8151,0.0045
1468,011549 Ramco Publicis_Ramco Pte Ltd_Master Services Agreement _18th Nov_RS_copy_519.pdf,0.8179,6.6289,0.8151,0.0045
1469,011549 Ramco Publicis_Ramco Pte Ltd_Master Services Agreement _18th Nov_RS_copy_52.pdf,0.8219,6.6328,0.8151,0.0045
1470,011549 Ramco Publicis_Ramco Pte Ltd_Master Services Agreement _18th Nov_RS_copy_520.pdf,0.8027,6.6367,0.8151,0.0045
1471,011549 Ramco Publicis_Ramco Pte Ltd_Master Services Agreement _18th Nov_RS_copy_521.pdf,0.8104,6.6445,0.8151,0.0045
1472,011549 Ramco Publicis_Ramco Pte Ltd_Master Services Agreement _18th Nov_RS_copy_522.pdf,0.8021,6.6484,0.815,0.0045
1473,011549 Ramco Publicis_Ramco Pte Ltd_Master Services Agreement _18th Nov_RS_copy_523.pdf,0.7567,6.6562,0.815,0.0045
1474,011549 Ramco Publicis_Ramco Pte Ltd_Master Services Agreement _18th Nov_RS_copy_524.pdf,0.7942,6.6602,0.815,0.0045
1475,011549 Ramco Publicis_Ramco Pte Ltd_Master Services Agreement _18th Nov_RS_copy_525.pdf,0.7999,6.6641,0.815,0.0045
1476,011549 Ramco Publicis_Ramco Pte Ltd_Master Services Agreement _18th Nov_RS_copy_526.pdf,0.7982,6.668,0.815,0.0045
1477,011549 Ramco Publicis_Ramco Pte Ltd_Master Services Agreement _18th Nov_RS_copy_527.pdf,0.7974,6.6719,0.815,0.0045
1478,011549 Ramco Publicis_Ramco Pte Ltd_Master Services Agreement _18th Nov_RS_copy_528.pdf,0.7946,6.6758,0.8149,0.0045
1479,011549 Ramco Publicis_Ramco Pte Ltd_Master Services Agreement _18th Nov_RS_copy_529.pdf,0.7988,6.6797,0.8149,0.0045
1480,011549 Ramco Publicis_Ramco Pte Ltd_Master Services Agreement _18th Nov_RS_copy_53.pdf,0.771,6.6836,0.8149,0.0045
1481,011549 Ramco Publicis_Ramco Pte Ltd_Master Services Agreement _18th Nov_RS_copy_530.pdf,0.7526,6.6914,0.8149,0.0045
1482,011549 Ramco Publicis_Ramco Pte Ltd_Master Services Agreement _18th Nov_RS_copy_531.pdf,0.7994,6.6953,0.8149,0.0045
1483,011549 Ramco Publicis_Ramco Pte Ltd_Master Services Agreement _18th Nov_RS_copy_532.pdf,0.8322,6.6992,0.8149,0.0045
1484,011549 Ramco Publicis_Ramco Pte Ltd_Master Services Agreement _18th Nov_RS_copy_533.pdf,0.8221,6.7031,0.8149,0.0045
1485,011549 Ramco Publicis_Ramco Pte Ltd_Master Services Agreement _18th Nov_RS_copy_534.pdf,0.7703,6.707,0.8148,0.0045
1486,011549 Ramco Publicis_Ramco Pte Ltd_Master Services Agreement _18th Nov_RS_copy_535.pdf,0.8335,6.7109,0.8149,0.0045
1487,011549 Ramco Publicis_Ramco Pte Ltd_Master Services Agreement _18th Nov_RS_copy_536.pdf,0.8059,6.7148,0.8148,0.0045
1488,011549 Ramco Publicis_Ramco Pte Ltd_Master Services Agreement _18th Nov_RS_copy_537.pdf,0.8168,6.7188,0.8148,0.0045
1489,011549 Ramco Publicis_Ramco Pte Ltd_Master Services Agreement _18th Nov_RS_copy_538.pdf,0.813,6.7266,0.8148,0.0045
1490,011549 Ramco Publicis_Ramco Pte Ltd_Master Services Agreement _18th Nov_RS_copy_539.pdf,0.789,6.7305,0.8148,0.0045
1491,011549 Ramco Publicis_Ramco Pte Ltd_Master Services Agreement _18th Nov_RS_copy_54.pdf,0.8318,6.7344,0.8148,0.0045
1492,011549 Ramco Publicis_Ramco Pte Ltd_Master Services Agreement _18th Nov_RS_copy_540.pdf,0.7494,6.7383,0.8148,0.0045
1493,011549 Ramco Publicis_Ramco Pte Ltd_Master Services Agreement _18th Nov_RS_copy_541.pdf,0.7908,6.7422,0.8148,0.0045
1494,011549 Ramco Publicis_Ramco Pte Ltd_Master Services Agreement _18th Nov_RS_copy_542.pdf,0.7924,6.7461,0.8148,0.0045
1495,011549 Ramco Publicis_Ramco Pte Ltd_Master Services Agreement _18th Nov_RS_copy_543.pdf,0.7582,6.75,0.8147,0.0045
1496,011549 Ramco Publicis_Ramco Pte Ltd_Master Services Agreement _18th Nov_RS_copy_544.pdf,0.7808,6.7539,0.8147,0.0045
1497,011549 Ramco Publicis_Ramco Pte Ltd_Master Services Agreement _18th Nov_RS_copy_545.pdf,0.7775,6.7617,0.8147,0.0045
1498,011549 Ramco Publicis_Ramco Pte Ltd_Master Services Agreement _18th Nov_RS_copy_546.pdf,0.7685,6.7656,0.8147,0.0045
1499,011549 Ramco Publicis_Ramco Pte Ltd_Master Services Agreement _18th Nov_RS_copy_547.pdf,0.7828,6.7695,0.8146,0.0045
1500,011549 Ramco Publicis_Ramco Pte Ltd_Master Services Agreement _18th Nov_RS_copy_548.pdf,0.8052,6.7734,0.8146,0.0045
1501,011549 Ramco Publicis_Ramco Pte Ltd_Master Services Agreement _18th Nov_RS_copy_549.pdf,0.8109,6.7773,0.8146,0.0045
1502,011549 Ramco Publicis_Ramco Pte Ltd_Master Services Agreement _18th Nov_RS_copy_55.pdf,0.8167,6.7812,0.8146,0.0045
1503,011549 Ramco Publicis_Ramco Pte Ltd_Master Services Agreement _18th Nov_RS_copy_550.pdf,0.81,6.7852,0.8146,0.0045
1504,011549 Ramco Publicis_Ramco Pte Ltd_Master Services Agreement _18th Nov_RS_copy_551.pdf,0.8192,6.7891,0.8146,0.0045
1505,011549 Ramco Publicis_Ramco Pte Ltd_Master Services Agreement _18th Nov_RS_copy_552.pdf,0.8071,6.7969,0.8146,0.0045
1506,011549 Ramco Publicis_Ramco Pte Ltd_Master Services Agreement _18th Nov_RS_copy_553.pdf,0.7614,6.8008,0.8146,0.0045
1507,011549 Ramco Publicis_Ramco Pte Ltd_Master Services Agreement _18th Nov_RS_copy_554.pdf,0.7629,6.8047,0.8145,0.0045
1508,011549 Ramco Publicis_Ramco Pte Ltd_Master Services Agreement _18th Nov_RS_copy_555.pdf,0.7496,6.8086,0.8145,0.0045
1509,011549 Ramco Publicis_Ramco Pte Ltd_Master Services Agreement _18th Nov_RS_copy_556.pdf,0.8134,6.8242,0.8145,0.0045
1510,011549 Ramco Publicis_Ramco Pte Ltd_Master Services Agreement _18th Nov_RS_copy_557.pdf,0.7966,6.8281,0.8145,0.0045
1511,011549 Ramco Publicis_Ramco Pte Ltd_Master Services Agreement _18th Nov_RS_copy_558.pdf,0.8047,6.832,0.8145,0.0045
1512,011549 Ramco Publicis_Ramco Pte Ltd_Master Services Agreement _18th Nov_RS_copy_559.pdf,0.8311,6.8359,0.8145,0.0045
1513,011549 Ramco Publicis_Ramco Pte Ltd_Master Services Agreement _18th Nov_RS_copy_56.pdf,0.842,6.8438,0.8145,0.0045
1514,011549 Ramco Publicis_Ramco Pte Ltd_Master Services Agreement _18th Nov_RS_copy_560.pdf,0.802,6.8477,0.8145,0.0045
1515,011549 Ramco Publicis_Ramco Pte Ltd_Master Services Agreement _18th Nov_RS_copy_561.pdf,0.7495,6.8516,0.8145,0.0045
1516,011549 Ramco Publicis_Ramco Pte Ltd_Master Services Agreement _18th Nov_RS_copy_562.pdf,0.7997,6.8555,0.8145,0.0045
1517,011549 Ramco Publicis_Ramco Pte Ltd_Master Services Agreement _18th Nov_RS_copy_563.pdf,0.7941,6.8594,0.8144,0.0045
1518,011549 Ramco Publicis_Ramco Pte Ltd_Master Services Agreement _18th Nov_RS_copy_564.pdf,0.8043,6.8633,0.8144,0.0045
1519,011549 Ramco Publicis_Ramco Pte Ltd_Master Services Agreement _18th Nov_RS_copy_565.pdf,0.8282,6.8672,0.8144,0.0045
1520,011549 Ramco Publicis_Ramco Pte Ltd_Master Services Agreement _18th Nov_RS_copy_566.pdf,0.7964,6.8711,0.8144,0.0045
1521,011549 Ramco Publicis_Ramco Pte Ltd_Master Services Agreement _18th Nov_RS_copy_567.pdf,0.7954,6.8789,0.8144,0.0045
1522,011549 Ramco Publicis_Ramco Pte Ltd_Master Services Agreement _18th Nov_RS_copy_568.pdf,0.7999,6.8828,0.8144,0.0045
1523,011549 Ramco Publicis_Ramco Pte Ltd_Master Services Agreement _18th Nov_RS_copy_569.pdf,0.8163,6.8867,0.8144,0.0045
1524,011549 Ramco Publicis_Ramco Pte Ltd_Master Services Agreement _18th Nov_RS_copy_57.pdf,0.8074,6.8906,0.8144,0.0045
1525,011549 Ramco Publicis_Ramco Pte Ltd_Master Services Agreement _18th Nov_RS_copy_570.pdf,0.8011,6.8945,0.8144,0.0045
1526,011549 Ramco Publicis_Ramco Pte Ltd_Master Services Agreement _18th Nov_RS_copy_571.pdf,0.8059,6.8984,0.8144,0.0045
1527,011549 Ramco Publicis_Ramco Pte Ltd_Master Services Agreement _18th Nov_RS_copy_572.pdf,0.77,6.9023,0.8144,0.0045
1528,011549 Ramco Publicis_Ramco Pte Ltd_Master Services Agreement _18th Nov_RS_copy_573.pdf,0.7829,6.9062,0.8143,0.0045
1529,011549 Ramco Publicis_Ramco Pte Ltd_Master Services Agreement _18th Nov_RS_copy_574.pdf,0.775,6.9141,0.8143,0.0045
1530,011549 Ramco Publicis_Ramco Pte Ltd_Master Services Agreement _18th Nov_RS_copy_575.pdf,0.7843,6.918,0.8143,0.0045
1531,011549 Ramco Publicis_Ramco Pte Ltd_Master Services Agreement _18th Nov_RS_copy_576.pdf,0.8166,6.9219,0.8143,0.0045
1532,011549 Ramco Publicis_Ramco Pte Ltd_Master Services Agreement _18th Nov_RS_copy_577.pdf,0.8315,6.9258,0.8143,0.0045
1533,011549 Ramco Publicis_Ramco Pte Ltd_Master Services Agreement _18th Nov_RS_copy_578.pdf,0.7945,6.9297,0.8143,0.0045
1534,011549 Ramco Publicis_Ramco Pte Ltd_Master Services Agreement _18th Nov_RS_copy_579.pdf,0.781,6.9336,0.8143,0.0045
1535,011549 Ramco Publicis_Ramco Pte Ltd_Master Services Agreement _18th Nov_RS_copy_58.pdf,0.7614,6.9375,0.8142,0.0045
1536,011549 Ramco Publicis_Ramco Pte Ltd_Master Services Agreement _18th Nov_RS_copy_580.pdf,0.8219,6.9414,0.8142,0.0045
1537,011549 Ramco Publicis_Ramco Pte Ltd_Master Services Agreement _18th Nov_RS_copy_581.pdf,0.7687,6.9492,0.8142,0.0045
1538,011549 Ramco Publicis_Ramco Pte Ltd_Master Services Agreement _18th Nov_RS_copy_582.pdf,0.7751,6.9531,0.8142,0.0045
1539,011549 Ramco Publicis_Ramco Pte Ltd_Master Services Agreement _18th Nov_RS_copy_583.pdf,0.7942,6.957,0.8142,0.0045
1540,011549 Ramco Publicis_Ramco Pte Ltd_Master Services Agreement _18th Nov_RS_copy_584.pdf,0.805,6.9609,0.8142,0.0045
1541,011549 Ramco Publicis_Ramco Pte Ltd_Master Services Agreement _18th Nov_RS_copy_585.pdf,0.7921,6.9648,0.8142,0.0045
1542,011549 Ramco Publicis_Ramco Pte Ltd_Master Services Agreement _18th Nov_RS_copy_586.pdf,0.7964,6.9688,0.8141,0.0045
1543,011549 Ramco Publicis_Ramco Pte Ltd_Master Services Agreement _18th Nov_RS_copy_587.pdf,0.8031,6.9727,0.8141,0.0045
1544,011549 Ramco Publicis_Ramco Pte Ltd_Master Services Agreement _18th Nov_RS_copy_588.pdf,0.83,6.9766,0.8141,0.0045
1545,011549 Ramco Publicis_Ramco Pte Ltd_Master Services Agreement _18th Nov_RS_copy_589.pdf,0.8288,6.9844,0.8142,0.0045
1546,011549 Ramco Publicis_Ramco Pte Ltd_Master Services Agreement _18th Nov_RS_copy_59.pdf,0.8022,6.9883,0.8142,0.0045
1547,011549 Ramco Publicis_Ramco Pte Ltd_Master Services Agreement _18th Nov_RS_copy_590.pdf,0.8282,6.9961,0.8142,0.0045
1548,011549 Ramco Publicis_Ramco Pte Ltd_Master Services Agreement _18th Nov_RS_copy_591.pdf,0.8047,7.0,0.8142,0.0045
1549,011549 Ramco Publicis_Ramco Pte Ltd_Master Services Agreement _18th Nov_RS_copy_592.pdf,0.7932,7.0039,0.8141,0.0045
1550,011549 Ramco Publicis_Ramco Pte Ltd_Master Services Agreement _18th Nov_RS_copy_593.pdf,0.7928,7.0078,0.8141,0.0045
1551,011549 Ramco Publicis_Ramco Pte Ltd_Master Services Agreement _18th Nov_RS_copy_594.pdf,0.8033,7.0117,0.8141,0.0045
1552,011549 Ramco Publicis_Ramco Pte Ltd_Master Services Agreement _18th Nov_RS_copy_595.pdf,0.8197,7.0156,0.8141,0.0045
1553,011549 Ramco Publicis_Ramco Pte Ltd_Master Services Agreement _18th Nov_RS_copy_596.pdf,0.7976,7.0234,0.8141,0.0045
1554,011549 Ramco Publicis_Ramco Pte Ltd_Master Services Agreement _18th Nov_RS_copy_597.pdf,0.8032,7.0273,0.8141,0.0045
1555,011549 Ramco Publicis_Ramco Pte Ltd_Master Services Agreement _18th Nov_RS_copy_598.pdf,0.8067,7.0312,0.8141,0.0045
1556,011549 Ramco Publicis_Ramco Pte Ltd_Master Services Agreement _18th Nov_RS_copy_599.pdf,0.7501,7.0352,0.8141,0.0045
1557,011549 Ramco Publicis_Ramco Pte Ltd_Master Services Agreement _18th Nov_RS_copy_6.pdf,0.8124,7.0391,0.8141,0.0045
1558,011549 Ramco Publicis_Ramco Pte Ltd_Master Services Agreement _18th Nov_RS_copy_60.pdf,0.8036,7.043,0.8141,0.0045
1559,011549 Ramco Publicis_Ramco Pte Ltd_Master Services Agreement _18th Nov_RS_copy_600.pdf,0.8136,7.0469,0.8141,0.0045
1560,011549 Ramco Publicis_Ramco Pte Ltd_Master Services Agreement _18th Nov_RS_copy_601.pdf,0.8077,7.0508,0.814,0.0045
1561,011549 Ramco Publicis_Ramco Pte Ltd_Master Services Agreement _18th Nov_RS_copy_602.pdf,0.8004,7.0586,0.814,0.0045
1562,011549 Ramco Publicis_Ramco Pte Ltd_Master Services Agreement _18th Nov_RS_copy_603.pdf,0.8012,7.0625,0.814,0.0045
1563,011549 Ramco Publicis_Ramco Pte Ltd_Master Services Agreement _18th Nov_RS_copy_604.pdf,0.7994,7.0664,0.814,0.0045
1564,011549 Ramco Publicis_Ramco Pte Ltd_Master Services Agreement _18th Nov_RS_copy_605.pdf,0.7928,7.0703,0.814,0.0045
1565,011549 Ramco Publicis_Ramco Pte Ltd_Master Services Agreement _18th Nov_RS_copy_606.pdf,0.748,7.0742,0.814,0.0045
1566,011549 Ramco Publicis_Ramco Pte Ltd_Master Services Agreement _18th Nov_RS_copy_607.pdf,0.7464,7.0781,0.8139,0.0045
1567,011549 Ramco Publicis_Ramco Pte Ltd_Master Services Agreement _18th Nov_RS_copy_608.pdf,0.7869,7.082,0.8139,0.0045
1568,011549 Ramco Publicis_Ramco Pte Ltd_Master Services Agreement _18th Nov_RS_copy_609.pdf,0.878,7.0859,0.8139,0.0045
1569,011549 Ramco Publicis_Ramco Pte Ltd_Master Services Agreement _18th Nov_RS_copy_61.pdf,0.8025,7.0938,0.8139,0.0045
1570,011549 Ramco Publicis_Ramco Pte Ltd_Master Services Agreement _18th Nov_RS_copy_610.pdf,0.8248,7.0977,0.8139,0.0045
1571,011549 Ramco Publicis_Ramco Pte Ltd_Master Services Agreement _18th Nov_RS_copy_611.pdf,0.8276,7.1016,0.814,0.0045
1572,011549 Ramco Publicis_Ramco Pte Ltd_Master Services Agreement _18th Nov_RS_copy_612.pdf,0.8296,7.1055,0.814,0.0045
1573,011549 Ramco Publicis_Ramco Pte Ltd_Master Services Agreement _18th Nov_RS_copy_613.pdf,0.8097,7.1094,0.814,0.0045
1574,011549 Ramco Publicis_Ramco Pte Ltd_Master Services Agreement _18th Nov_RS_copy_614.pdf,0.8363,7.1133,0.814,0.0045
1575,011549 Ramco Publicis_Ramco Pte Ltd_Master Services Agreement _18th Nov_RS_copy_615.pdf,0.8044,7.1172,0.814,0.0045
1576,011549 Ramco Publicis_Ramco Pte Ltd_Master Services Agreement _18th Nov_RS_copy_616.pdf,0.781,7.1211,0.8139,0.0045
1577,011549 Ramco Publicis_Ramco Pte Ltd_Master Services Agreement _18th Nov_RS_copy_617.pdf,0.7782,7.1289,0.8139,0.0045
1578,011549 Ramco Publicis_Ramco Pte Ltd_Master Services Agreement _18th Nov_RS_copy_618.pdf,0.8033,7.1328,0.8139,0.0045
1579,011549 Ramco Publicis_Ramco Pte Ltd_Master Services Agreement _18th Nov_RS_copy_619.pdf,0.7992,7.1367,0.8139,0.0045
1580,011549 Ramco Publicis_Ramco Pte Ltd_Master Services Agreement _18th Nov_RS_copy_62.pdf,0.8127,7.1406,0.8139,0.0045
1581,011549 Ramco Publicis_Ramco Pte Ltd_Master Services Agreement _18th Nov_RS_copy_620.pdf,0.8121,7.1445,0.8139,0.0045
1582,011549 Ramco Publicis_Ramco Pte Ltd_Master Services Agreement _18th Nov_RS_copy_621.pdf,0.7679,7.1484,0.8139,0.0045
1583,011549 Ramco Publicis_Ramco Pte Ltd_Master Services Agreement _18th Nov_RS_copy_622.pdf,0.8178,7.1523,0.8139,0.0045
1584,011549 Ramco Publicis_Ramco Pte Ltd_Master Services Agreement _18th Nov_RS_copy_623.pdf,0.8059,7.1562,0.8139,0.0045
1585,011549 Ramco Publicis_Ramco Pte Ltd_Master Services Agreement _18th Nov_RS_copy_624.pdf,0.826,7.1641,0.8139,0.0045
1586,011549 Ramco Publicis_Ramco Pte Ltd_Master Services Agreement _18th Nov_RS_copy_625.pdf,0.8044,7.1719,0.8139,0.0045
1587,011549 Ramco Publicis_Ramco Pte Ltd_Master Services Agreement _18th Nov_RS_copy_626.pdf,0.803,7.1758,0.8139,0.0045
1588,011549 Ramco Publicis_Ramco Pte Ltd_Master Services Agreement _18th Nov_RS_copy_627.pdf,0.7987,7.1797,0.8139,0.0045
1589,011549 Ramco Publicis_Ramco Pte Ltd_Master Services Agreement _18th Nov_RS_copy_628.pdf,0.7993,7.1836,0.8139,0.0045
1590,011549 Ramco Publicis_Ramco Pte Ltd_Master Services Agreement _18th Nov_RS_copy_629.pdf,0.7858,7.1875,0.8138,0.0045
1591,011549 Ramco Publicis_Ramco Pte Ltd_Master Services Agreement _18th Nov_RS_copy_63.pdf,0.807,7.1914,0.8138,0.0045
1592,011549 Ramco Publicis_Ramco Pte Ltd_Master Services Agreement _18th Nov_RS_copy_630.pdf,0.8131,7.1953,0.8138,0.0045
1593,011549 Ramco Publicis_Ramco Pte Ltd_Master Services Agreement _18th Nov_RS_copy_631.pdf,0.8237,7.2031,0.8138,0.0045
1594,011549 Ramco Publicis_Ramco Pte Ltd_Master Services Agreement _18th Nov_RS_copy_632.pdf,0.7799,7.207,0.8138,0.0045
1595,011549 Ramco Publicis_Ramco Pte Ltd_Master Services Agreement _18th Nov_RS_copy_633.pdf,0.8128,7.2109,0.8138,0.0045
1596,011549 Ramco Publicis_Ramco Pte Ltd_Master Services Agreement _18th Nov_RS_copy_634.pdf,0.8017,7.2148,0.8138,0.0045
1597,011549 Ramco Publicis_Ramco Pte Ltd_Master Services Agreement _18th Nov_RS_copy_635.pdf,0.8154,7.2188,0.8138,0.0045
1598,011549 Ramco Publicis_Ramco Pte Ltd_Master Services Agreement _18th Nov_RS_copy_636.pdf,0.7817,7.2227,0.8138,0.0045
1599,011549 Ramco Publicis_Ramco Pte Ltd_Master Services Agreement _18th Nov_RS_copy_637.pdf,0.7608,7.2266,0.8138,0.0045
1600,011549 Ramco Publicis_Ramco Pte Ltd_Master Services Agreement _18th Nov_RS_copy_638.pdf,0.7956,7.2305,0.8137,0.0045
1601,011549 Ramco Publicis_Ramco Pte Ltd_Master Services Agreement _18th Nov_RS_copy_639.pdf,0.7453,7.2383,0.8137,0.0045
1602,011549 Ramco Publicis_Ramco Pte Ltd_Master Services Agreement _18th Nov_RS_copy_64.pdf,0.7592,7.2422,0.8137,0.0045
1603,011549 Ramco Publicis_Ramco Pte Ltd_Master Services Agreement _18th Nov_RS_copy_640.pdf,0.8663,7.2461,0.8137,0.0045
1604,011549 Ramco Publicis_Ramco Pte Ltd_Master Services Agreement _18th Nov_RS_copy_641.pdf,0.8051,7.25,0.8137,0.0045
1605,011549 Ramco Publicis_Ramco Pte Ltd_Master Services Agreement _18th Nov_RS_copy_642.pdf,0.8111,7.2539,0.8137,0.0045
1606,011549 Ramco Publicis_Ramco Pte Ltd_Master Services Agreement _18th Nov_RS_copy_643.pdf,0.813,7.2578,0.8137,0.0045
1607,011549 Ramco Publicis_Ramco Pte Ltd_Master Services Agreement _18th Nov_RS_copy_644.pdf,0.7856,7.2617,0.8137,0.0045
1608,011549 Ramco Publicis_Ramco Pte Ltd_Master Services Agreement _18th Nov_RS_copy_645.pdf,0.7841,7.2656,0.8137,0.0045
1609,011549 Ramco Publicis_Ramco Pte Ltd_Master Services Agreement _18th Nov_RS_copy_646.pdf,0.7805,7.2734,0.8136,0.0045
1610,011549 Ramco Publicis_Ramco Pte Ltd_Master Services Agreement _18th Nov_RS_copy_647.pdf,0.7768,7.2773,0.8136,0.0045
1611,011549 Ramco Publicis_Ramco Pte Ltd_Master Services Agreement _18th Nov_RS_copy_648.pdf,0.8014,7.2812,0.8136,0.0045
1612,011549 Ramco Publicis_Ramco Pte Ltd_Master Services Agreement _18th Nov_RS_copy_649.pdf,0.8046,7.2852,0.8136,0.0045
1613,011549 Ramco Publicis_Ramco Pte Ltd_Master Services Agreement _18th Nov_RS_copy_65.pdf,0.8031,7.2891,0.8136,0.0045
1614,011549 Ramco Publicis_Ramco Pte Ltd_Master Services Agreement _18th Nov_RS_copy_650.pdf,0.8185,7.293,0.8136,0.0045
1615,011549 Ramco Publicis_Ramco Pte Ltd_Master Services Agreement _18th Nov_RS_copy_651.pdf,0.8154,7.2969,0.8136,0.0045
1616,011549 Ramco Publicis_Ramco Pte Ltd_Master Services Agreement _18th Nov_RS_copy_652.pdf,0.8293,7.3008,0.8136,0.0045
1617,011549 Ramco Publicis_Ramco Pte Ltd_Master Services Agreement _18th Nov_RS_copy_653.pdf,0.7577,7.3086,0.8136,0.0045
1618,011549 Ramco Publicis_Ramco Pte Ltd_Master Services Agreement _18th Nov_RS_copy_654.pdf,0.7988,7.3125,0.8136,0.0045
1619,011549 Ramco Publicis_Ramco Pte Ltd_Master Services Agreement _18th Nov_RS_copy_655.pdf,0.8034,7.3164,0.8136,0.0045
1620,011549 Ramco Publicis_Ramco Pte Ltd_Master Services Agreement _18th Nov_RS_copy_656.pdf,0.7567,7.3203,0.8135,0.0045
1621,011549 Ramco Publicis_Ramco Pte Ltd_Master Services Agreement _18th Nov_RS_copy_657.pdf,0.8003,7.3242,0.8135,0.0045
1622,011549 Ramco Publicis_Ramco Pte Ltd_Master Services Agreement _18th Nov_RS_copy_658.pdf,0.8421,7.3281,0.8135,0.0045
1623,011549 Ramco Publicis_Ramco Pte Ltd_Master Services Agreement _18th Nov_RS_copy_659.pdf,0.7942,7.332,0.8135,0.0045
1624,011549 Ramco Publicis_Ramco Pte Ltd_Master Services Agreement _18th Nov_RS_copy_66.pdf,0.788,7.3359,0.8135,0.0045
1625,011549 Ramco Publicis_Ramco Pte Ltd_Master Services Agreement _18th Nov_RS_copy_660.pdf,0.8017,7.3477,0.8135,0.0045
1626,011549 Ramco Publicis_Ramco Pte Ltd_Master Services Agreement _18th Nov_RS_copy_661.pdf,0.797,7.3516,0.8135,0.0045
1627,011549 Ramco Publicis_Ramco Pte Ltd_Master Services Agreement _18th Nov_RS_copy_662.pdf,0.7788,7.3555,0.8135,0.0045
1628,011549 Ramco Publicis_Ramco Pte Ltd_Master Services Agreement _18th Nov_RS_copy_663.pdf,0.8284,7.3594,0.8135,0.0045
1629,011549 Ramco Publicis_Ramco Pte Ltd_Master Services Agreement _18th Nov_RS_copy_664.pdf,0.8176,7.3633,0.8135,0.0045
1630,011549 Ramco Publicis_Ramco Pte Ltd_Master Services Agreement _18th Nov_RS_copy_665.pdf,0.8033,7.3672,0.8135,0.0045
1631,011549 Ramco Publicis_Ramco Pte Ltd_Master Services Agreement _18th Nov_RS_copy_666.pdf,0.7843,7.3711,0.8135,0.0045
1632,011549 Ramco Publicis_Ramco Pte Ltd_Master Services Agreement _18th Nov_RS_copy_667.pdf,0.7957,7.375,0.8134,0.0045
1633,011549 Ramco Publicis_Ramco Pte Ltd_Master Services Agreement _18th Nov_RS_copy_668.pdf,0.8057,7.3828,0.8134,0.0045
1634,011549 Ramco Publicis_Ramco Pte Ltd_Master Services Agreement _18th Nov_RS_copy_669.pdf,0.7922,7.3867,0.8134,0.0045
1635,011549 Ramco Publicis_Ramco Pte Ltd_Master Services Agreement _18th Nov_RS_copy_67.pdf,0.786,7.3906,0.8134,0.0045
1636,011549 Ramco Publicis_Ramco Pte Ltd_Master Services Agreement _18th Nov_RS_copy_670.pdf,0.803,7.3945,0.8134,0.0045
1637,011549 Ramco Publicis_Ramco Pte Ltd_Master Services Agreement _18th Nov_RS_copy_671.pdf,0.7867,7.3984,0.8134,0.0045
1638,011549 Ramco Publicis_Ramco Pte Ltd_Master Services Agreement _18th Nov_RS_copy_672.pdf,0.7864,7.4023,0.8134,0.0045
1639,011549 Ramco Publicis_Ramco Pte Ltd_Master Services Agreement _18th Nov_RS_copy_673.pdf,0.7795,7.4062,0.8133,0.0045
1640,011549 Ramco Publicis_Ramco Pte Ltd_Master Services Agreement _18th Nov_RS_copy_674.pdf,0.7327,7.4102,0.8133,0.0045
1641,011549 Ramco Publicis_Ramco Pte Ltd_Master Services Agreement _18th Nov_RS_copy_675.pdf,0.7547,7.418,0.8133,0.0045
1642,011549 Ramco Publicis_Ramco Pte Ltd_Master Services Agreement _18th Nov_RS_copy_676.pdf,0.8336,7.4219,0.8133,0.0045
1643,011549 Ramco Publicis_Ramco Pte Ltd_Master Services Agreement _18th Nov_RS_copy_677.pdf,0.7664,7.4258,0.8132,0.0045
1644,011549 Ramco Publicis_Ramco Pte Ltd_Master Services Agreement _18th Nov_RS_copy_678.pdf,0.7826,7.4297,0.8132,0.0045
1645,011549 Ramco Publicis_Ramco Pte Ltd_Master Services Agreement _18th Nov_RS_copy_679.pdf,0.7727,7.4336,0.8132,0.0045
1646,011549 Ramco Publicis_Ramco Pte Ltd_Master Services Agreement _18th Nov_RS_copy_68.pdf,0.791,7.4375,0.8132,0.0045
1647,011549 Ramco Publicis_Ramco Pte Ltd_Master Services Agreement _18th Nov_RS_copy_680.pdf,0.818,7.4414,0.8132,0.0045
1648,011549 Ramco Publicis_Ramco Pte Ltd_Master Services Agreement _18th Nov_RS_copy_681.pdf,0.7772,7.4453,0.8132,0.0045
1649,011549 Ramco Publicis_Ramco Pte Ltd_Master Services Agreement _18th Nov_RS_copy_682.pdf,0.8217,7.4531,0.8132,0.0045
1650,011549 Ramco Publicis_Ramco Pte Ltd_Master Services Agreement _18th Nov_RS_copy_683.pdf,0.7915,7.457,0.8132,0.0045
1651,011549 Ramco Publicis_Ramco Pte Ltd_Master Services Agreement _18th Nov_RS_copy_684.pdf,0.7469,7.4609,0.8131,0.0045
1652,011549 Ramco Publicis_Ramco Pte Ltd_Master Services Agreement _18th Nov_RS_copy_685.pdf,0.7662,7.4648,0.8131,0.0045
1653,011549 Ramco Publicis_Ramco Pte Ltd_Master Services Agreement _18th Nov_RS_copy_686.pdf,0.8091,7.4688,0.8131,0.0045
1654,011549 Ramco Publicis_Ramco Pte Ltd_Master Services Agreement _18th Nov_RS_copy_687.pdf,0.7883,7.4727,0.8131,0.0045
1655,011549 Ramco Publicis_Ramco Pte Ltd_Master Services Agreement _18th Nov_RS_copy_688.pdf,0.7686,7.4766,0.813,0.0045
1656,011549 Ramco Publicis_Ramco Pte Ltd_Master Services Agreement _18th Nov_RS_copy_689.pdf,0.7865,7.4805,0.813,0.0045
1657,011549 Ramco Publicis_Ramco Pte Ltd_Master Services Agreement _18th Nov_RS_copy_69.pdf,0.7724,7.4883,0.813,0.0045
1658,011549 Ramco Publicis_Ramco Pte Ltd_Master Services Agreement _18th Nov_RS_copy_690.pdf,0.7997,7.4922,0.813,0.0045
1659,011549 Ramco Publicis_Ramco Pte Ltd_Master Services Agreement _18th Nov_RS_copy_691.pdf,0.7955,7.4961,0.813,0.0045
1660,011549 Ramco Publicis_Ramco Pte Ltd_Master Services Agreement _18th Nov_RS_copy_692.pdf,0.8039,7.5,0.813,0.0045
1661,011549 Ramco Publicis_Ramco Pte Ltd_Master Services Agreement _18th Nov_RS_copy_693.pdf,0.8043,7.5039,0.813,0.0045
1662,011549 Ramco Publicis_Ramco Pte Ltd_Master Services Agreement _18th Nov_RS_copy_694.pdf,0.8198,7.5078,0.813,0.0045
1663,011549 Ramco Publicis_Ramco Pte Ltd_Master Services Agreement _18th Nov_RS_copy_695.pdf,0.8018,7.5156,0.813,0.0045
1664,011549 Ramco Publicis_Ramco Pte Ltd_Master Services Agreement _18th Nov_RS_copy_696.pdf,0.7695,7.5195,0.813,0.0045
1665,011549 Ramco Publicis_Ramco Pte Ltd_Master Services Agreement _18th Nov_RS_copy_697.pdf,0.7734,7.5273,0.8129,0.0045
1666,011549 Ramco Publicis_Ramco Pte Ltd_Master Services Agreement _18th Nov_RS_copy_698.pdf,0.7853,7.5312,0.8129,0.0045
1667,011549 Ramco Publicis_Ramco Pte Ltd_Master Services Agreement _18th Nov_RS_copy_699.pdf,0.7942,7.5352,0.8129,0.0045
1668,011549 Ramco Publicis_Ramco Pte Ltd_Master Services Agreement _18th Nov_RS_copy_7.pdf,0.7785,7.5391,0.8129,0.0045
1669,011549 Ramco Publicis_Ramco Pte Ltd_Master Services Agreement _18th Nov_RS_copy_70.pdf,0.7969,7.543,0.8129,0.0045
1670,011549 Ramco Publicis_Ramco Pte Ltd_Master Services Agreement _18th Nov_RS_copy_700.pdf,0.7768,7.5469,0.8128,0.0045
1671,011549 Ramco Publicis_Ramco Pte Ltd_Master Services Agreement _18th Nov_RS_copy_701.pdf,0.7632,7.5508,0.8128,0.0045
1672,011549 Ramco Publicis_Ramco Pte Ltd_Master Services Agreement _18th Nov_RS_copy_702.pdf,0.7299,7.5547,0.8128,0.0045
1673,011549 Ramco Publicis_Ramco Pte Ltd_Master Services Agreement _18th Nov_RS_copy_703.pdf,0.8053,7.5625,0.8128,0.0045
1674,011549 Ramco Publicis_Ramco Pte Ltd_Master Services Agreement _18th Nov_RS_copy_704.pdf,0.8064,7.5664,0.8128,0.0045
1675,011549 Ramco Publicis_Ramco Pte Ltd_Master Services Agreement _18th Nov_RS_copy_705.pdf,0.7951,7.5703,0.8127,0.0045
1676,011549 Ramco Publicis_Ramco Pte Ltd_Master Services Agreement _18th Nov_RS_copy_706.pdf,0.7927,7.5742,0.8127,0.0045
1677,011549 Ramco Publicis_Ramco Pte Ltd_Master Services Agreement _18th Nov_RS_copy_707.pdf,0.7577,7.5781,0.8127,0.0045
1678,011549 Ramco Publicis_Ramco Pte Ltd_Master Services Agreement _18th Nov_RS_copy_708.pdf,0.7876,7.582,0.8127,0.0045
1679,011549 Ramco Publicis_Ramco Pte Ltd_Master Services Agreement _18th Nov_RS_copy_709.pdf,0.7719,7.5859,0.8127,0.0045
1680,011549 Ramco Publicis_Ramco Pte Ltd_Master Services Agreement _18th Nov_RS_copy_71.pdf,0.805,7.5898,0.8127,0.0045
1681,011549 Ramco Publicis_Ramco Pte Ltd_Master Services Agreement _18th Nov_RS_copy_710.pdf,0.8694,7.5977,0.8127,0.0045
1682,011549 Ramco Publicis_Ramco Pte Ltd_Master Services Agreement _18th Nov_RS_copy_711.pdf,0.8009,7.6016,0.8127,0.0045
1683,011549 Ramco Publicis_Ramco Pte Ltd_Master Services Agreement _18th Nov_RS_copy_712.pdf,0.7923,7.6055,0.8127,0.0045
1684,011549 Ramco Publicis_Ramco Pte Ltd_Master Services Agreement _18th Nov_RS_copy_713.pdf,0.8081,7.6094,0.8127,0.0045
1685,011549 Ramco Publicis_Ramco Pte Ltd_Master Services Agreement _18th Nov_RS_copy_714.pdf,0.7992,7.6133,0.8127,0.0045
1686,011549 Ramco Publicis_Ramco Pte Ltd_Master Services Agreement _18th Nov_RS_copy_715.pdf,0.7978,7.6172,0.8127,0.0045
1687,011549 Ramco Publicis_Ramco Pte Ltd_Master Services Agreement _18th Nov_RS_copy_716.pdf,0.8279,7.6211,0.8127,0.0045
1688,011549 Ramco Publicis_Ramco Pte Ltd_Master Services Agreement _18th Nov_RS_copy_717.pdf,0.7775,7.625,0.8126,0.0045
1689,011549 Ramco Publicis_Ramco Pte Ltd_Master Services Agreement _18th Nov_RS_copy_718.pdf,0.7795,7.6328,0.8126,0.0045
1690,011549 Ramco Publicis_Ramco Pte Ltd_Master Services Agreement _18th Nov_RS_copy_719.pdf,0.7846,7.6367,0.8126,0.0045
1691,011549 Ramco Publicis_Ramco Pte Ltd_Master Services Agreement _18th Nov_RS_copy_72.pdf,0.8286,7.6406,0.8126,0.0045
1692,011549 Ramco Publicis_Ramco Pte Ltd_Master Services Agreement _18th Nov_RS_copy_720.pdf,0.82,7.6445,0.8126,0.0045
1693,011549 Ramco Publicis_Ramco Pte Ltd_Master Services Agreement _18th Nov_RS_copy_721.pdf,0.7729,7.6484,0.8126,0.0045
1694,011549 Ramco Publicis_Ramco Pte Ltd_Master Services Agreement _18th Nov_RS_copy_722.pdf,0.8743,7.6523,0.8126,0.0045
1695,011549 Ramco Publicis_Ramco Pte Ltd_Master Services Agreement _18th Nov_RS_copy_723.pdf,0.8947,7.6562,0.8127,0.0045
1696,011549 Ramco Publicis_Ramco Pte Ltd_Master Services Agreement _18th Nov_RS_copy_724.pdf,0.9036,7.6602,0.8127,0.0045
1697,011549 Ramco Publicis_Ramco Pte Ltd_Master Services Agreement _18th Nov_RS_copy_725.pdf,0.8556,7.668,0.8128,0.0045
1698,011549 Ramco Publicis_Ramco Pte Ltd_Master Services Agreement _18th Nov_RS_copy_726.pdf,0.8456,7.6719,0.8128,0.0045
1699,011549 Ramco Publicis_Ramco Pte Ltd_Master Services Agreement _18th Nov_RS_copy_727.pdf,0.8041,7.6758,0.8128,0.0045
1700,011549 Ramco Publicis_Ramco Pte Ltd_Master Services Agreement _18th Nov_RS_copy_728.pdf,0.9232,7.6797,0.8128,0.0045
1701,011549 Ramco Publicis_Ramco Pte Ltd_Master Services Agreement _18th Nov_RS_copy_729.pdf,0.9268,7.6836,0.8129,0.0045
1702,011549 Ramco Publicis_Ramco Pte Ltd_Master Services Agreement _18th Nov_RS_copy_73.pdf,0.9028,7.6914,0.813,0.0045
1703,011549 Ramco Publicis_Ramco Pte Ltd_Master Services Agreement _18th Nov_RS_copy_730.pdf,0.8659,7.6953,0.813,0.0045
1704,011549 Ramco Publicis_Ramco Pte Ltd_Master Services Agreement _18th Nov_RS_copy_731.pdf,0.8936,7.6992,0.813,0.0045
1705,011549 Ramco Publicis_Ramco Pte Ltd_Master Services Agreement _18th Nov_RS_copy_732.pdf,0.8706,7.707,0.8131,0.0045
1706,011549 Ramco Publicis_Ramco Pte Ltd_Master Services Agreement _18th Nov_RS_copy_733.pdf,0.8018,7.7109,0.8131,0.0045
1707,011549 Ramco Publicis_Ramco Pte Ltd_Master Services Agreement _18th Nov_RS_copy_734.pdf,0.7749,7.7148,0.813,0.0045
1708,011549 Ramco Publicis_Ramco Pte Ltd_Master Services Agreement _18th Nov_RS_copy_735.pdf,0.8253,7.7188,0.8131,0.0045
1709,011549 Ramco Publicis_Ramco Pte Ltd_Master Services Agreement _18th Nov_RS_copy_736.pdf,0.806,7.7227,0.813,0.0045
1710,011549 Ramco Publicis_Ramco Pte Ltd_Master Services Agreement _18th Nov_RS_copy_737.pdf,0.8558,7.7266,0.8131,0.0045
1711,011549 Ramco Publicis_Ramco Pte Ltd_Master Services Agreement _18th Nov_RS_copy_738.pdf,0.8038,7.7305,0.8131,0.0045
1712,011549 Ramco Publicis_Ramco Pte Ltd_Master Services Agreement _18th Nov_RS_copy_739.pdf,0.7958,7.7344,0.8131,0.0045
1713,011549 Ramco Publicis_Ramco Pte Ltd_Master Services Agreement _18th Nov_RS_copy_74.pdf,0.7419,7.7422,0.813,0.0045
1714,011549 Ramco Publicis_Ramco Pte Ltd_Master Services Agreement _18th Nov_RS_copy_740.pdf,0.7427,7.7461,0.813,0.0045
1715,011549 Ramco Publicis_Ramco Pte Ltd_Master Services Agreement _18th Nov_RS_copy_741.pdf,0.7566,7.75,0.8129,0.0045
1716,011549 Ramco Publicis_Ramco Pte Ltd_Master Services Agreement _18th Nov_RS_copy_742.pdf,0.7594,7.7539,0.8129,0.0045
1717,011549 Ramco Publicis_Ramco Pte Ltd_Master Services Agreement _18th Nov_RS_copy_743.pdf,0.7765,7.7578,0.8129,0.0045
1718,011549 Ramco Publicis_Ramco Pte Ltd_Master Services Agreement _18th Nov_RS_copy_744.pdf,0.8903,7.7617,0.8129,0.0045
1719,011549 Ramco Publicis_Ramco Pte Ltd_Master Services Agreement _18th Nov_RS_copy_745.pdf,0.8615,7.7656,0.813,0.0045
1720,011549 Ramco Publicis_Ramco Pte Ltd_Master Services Agreement _18th Nov_RS_copy_746.pdf,0.8571,7.7695,0.813,0.0045
1721,011549 Ramco Publicis_Ramco Pte Ltd_Master Services Agreement _18th Nov_RS_copy_747.pdf,0.8762,7.7773,0.813,0.0045
1722,011549 Ramco Publicis_Ramco Pte Ltd_Master Services Agreement _18th Nov_RS_copy_748.pdf,0.8493,7.7812,0.813,0.0045
1723,011549 Ramco Publicis_Ramco Pte Ltd_Master Services Agreement _18th Nov_RS_copy_749.pdf,0.8589,7.7852,0.8131,0.0045
1724,011549 Ramco Publicis_Ramco Pte Ltd_Master Services Agreement _18th Nov_RS_copy_75.pdf,0.8706,7.7891,0.8131,0.0045
1725,011549 Ramco Publicis_Ramco Pte Ltd_Master Services Agreement _18th Nov_RS_copy_750.pdf,0.8935,7.793,0.8132,0.0045
1726,011549 Ramco Publicis_Ramco Pte Ltd_Master Services Agreement _18th Nov_RS_copy_751.pdf,0.8289,7.7969,0.8132,0.0045
1727,011549 Ramco Publicis_Ramco Pte Ltd_Master Services Agreement _18th Nov_RS_copy_752.pdf,0.8633,7.8008,0.8132,0.0045
1728,011549 Ramco Publicis_Ramco Pte Ltd_Master Services Agreement _18th Nov_RS_copy_753.pdf,0.9102,7.8047,0.8132,0.0045
1729,011549 Ramco Publicis_Ramco Pte Ltd_Master Services Agreement _18th Nov_RS_copy_754.pdf,0.8763,7.8125,0.8133,0.0045
1730,011549 Ramco Publicis_Ramco Pte Ltd_Master Services Agreement _18th Nov_RS_copy_755.pdf,0.8628,7.8164,0.8133,0.0045
1731,011549 Ramco Publicis_Ramco Pte Ltd_Master Services Agreement _18th Nov_RS_copy_756.pdf,0.8706,7.8203,0.8133,0.0045
1732,011549 Ramco Publicis_Ramco Pte Ltd_Master Services Agreement _18th Nov_RS_copy_757.pdf,0.8447,7.8242,0.8134,0.0045
1733,011549 Ramco Publicis_Ramco Pte Ltd_Master Services Agreement _18th Nov_RS_copy_758.pdf,0.8984,7.8281,0.8134,0.0045
1734,011549 Ramco Publicis_Ramco Pte Ltd_Master Services Agreement _18th Nov_RS_copy_759.pdf,0.8468,7.832,0.8134,0.0045
1735,011549 Ramco Publicis_Ramco Pte Ltd_Master Services Agreement _18th Nov_RS_copy_76.pdf,0.8814,7.8359,0.8135,0.0045
1736,011549 Ramco Publicis_Ramco Pte Ltd_Master Services Agreement _18th Nov_RS_copy_760.pdf,0.8273,7.8398,0.8135,0.0045
1737,011549 Ramco Publicis_Ramco Pte Ltd_Master Services Agreement _18th Nov_RS_copy_761.pdf,0.8833,7.8477,0.8135,0.0045
1738,011549 Ramco Publicis_Ramco Pte Ltd_Master Services Agreement _18th Nov_RS_copy_762.pdf,0.8037,7.8516,0.8135,0.0045
1739,011549 Ramco Publicis_Ramco Pte Ltd_Master Services Agreement _18th Nov_RS_copy_763.pdf,0.8838,7.8555,0.8136,0.0045
1740,011549 Ramco Publicis_Ramco Pte Ltd_Master Services Agreement _18th Nov_RS_copy_764.pdf,0.8315,7.8633,0.8136,0.0045
1741,011549 Ramco Publicis_Ramco Pte Ltd_Master Services Agreement _18th Nov_RS_copy_765.pdf,0.8196,7.8672,0.8136,0.0045
1742,011549 Ramco Publicis_Ramco Pte Ltd_Master Services Agreement _18th Nov_RS_copy_766.pdf,0.7532,7.8711,0.8135,0.0045
1743,011549 Ramco Publicis_Ramco Pte Ltd_Master Services Agreement _18th Nov_RS_copy_767.pdf,0.7899,7.875,0.8135,0.0045
1744,011549 Ramco Publicis_Ramco Pte Ltd_Master Services Agreement _18th Nov_RS_copy_768.pdf,0.8586,7.8789,0.8135,0.0045
1745,011549 Ramco Publicis_Ramco Pte Ltd_Master Services Agreement _18th Nov_RS_copy_769.pdf,0.8799,7.8867,0.8136,0.0045
1746,011549 Ramco Publicis_Ramco Pte Ltd_Master Services Agreement _18th Nov_RS_copy_77.pdf,0.9246,7.8906,0.8136,0.0045
1747,011549 Ramco Publicis_Ramco Pte Ltd_Master Services Agreement _18th Nov_RS_copy_770.pdf,0.8487,7.8945,0.8137,0.0045
1748,011549 Ramco Publicis_Ramco Pte Ltd_Master Services Agreement _18th Nov_RS_copy_771.pdf,0.9018,7.8984,0.8137,0.0045
1749,011549 Ramco Publicis_Ramco Pte Ltd_Master Services Agreement _18th Nov_RS_copy_772.pdf,0.8723,7.9023,0.8138,0.0045
1750,011549 Ramco Publicis_Ramco Pte Ltd_Master Services Agreement _18th Nov_RS_copy_773.pdf,0.8691,7.9062,0.8138,0.0045
1751,011549 Ramco Publicis_Ramco Pte Ltd_Master Services Agreement _18th Nov_RS_copy_774.pdf,0.8732,7.9102,0.8138,0.0045
1752,011549 Ramco Publicis_Ramco Pte Ltd_Master Services Agreement _18th Nov_RS_copy_775.pdf,0.8848,7.9141,0.8139,0.0045
1753,011549 Ramco Publicis_Ramco Pte Ltd_Master Services Agreement _18th Nov_RS_copy_776.pdf,0.9221,7.9219,0.8139,0.0045
1754,011549 Ramco Publicis_Ramco Pte Ltd_Master Services Agreement _18th Nov_RS_copy_777.pdf,0.8989,7.9258,0.814,0.0045
1755,011549 Ramco Publicis_Ramco Pte Ltd_Master Services Agreement _18th Nov_RS_copy_778.pdf,0.8951,7.9297,0.814,0.0045
1756,011549 Ramco Publicis_Ramco Pte Ltd_Master Services Agreement _18th Nov_RS_copy_779.pdf,0.8679,7.9336,0.814,0.0045
1757,011549 Ramco Publicis_Ramco Pte Ltd_Master Services Agreement _18th Nov_RS_copy_78.pdf,0.8775,7.9375,0.8141,0.0045
1758,011549 Ramco Publicis_Ramco Pte Ltd_Master Services Agreement _18th Nov_RS_copy_780.pdf,0.8365,7.9414,0.8141,0.0045
1759,011549 Ramco Publicis_Ramco Pte Ltd_Master Services Agreement _18th Nov_RS_copy_781.pdf,0.8692,7.9453,0.8141,0.0045
1760,011549 Ramco Publicis_Ramco Pte Ltd_Master Services Agreement _18th Nov_RS_copy_782.pdf,0.887,7.9492,0.8142,0.0045
1761,011549 Ramco Publicis_Ramco Pte Ltd_Master Services Agreement _18th Nov_RS_copy_783.pdf,0.8681,7.957,0.8142,0.0045
1762,011549 Ramco Publicis_Ramco Pte Ltd_Master Services Agreement _18th Nov_RS_copy_784.pdf,0.8689,7.9609,0.8142,0.0045
1763,011549 Ramco Publicis_Ramco Pte Ltd_Master Services Agreement _18th Nov_RS_copy_785.pdf,0.8821,7.9648,0.8143,0.0045
1764,011549 Ramco Publicis_Ramco Pte Ltd_Master Services Agreement _18th Nov_RS_copy_786.pdf,0.8724,7.9688,0.8143,0.0045
1765,011549 Ramco Publicis_Ramco Pte Ltd_Master Services Agreement _18th Nov_RS_copy_787.pdf,0.8816,7.9727,0.8143,0.0045
1766,011549 Ramco Publicis_Ramco Pte Ltd_Master Services Agreement _18th Nov_RS_copy_788.pdf,0.8798,7.9766,0.8144,0.0045
1767,011549 Ramco Publicis_Ramco Pte Ltd_Master Services Agreement _18th Nov_RS_copy_789.pdf,0.8159,7.9805,0.8144,0.0045
1768,011549 Ramco Publicis_Ramco Pte Ltd_Master Services Agreement _18th Nov_RS_copy_79.pdf,0.858,7.9844,0.8144,0.0045
1769,011549 Ramco Publicis_Ramco Pte Ltd_Master Services Agreement _18th Nov_RS_copy_790.pdf,0.8453,7.9922,0.8144,0.0045
1770,011549 Ramco Publicis_Ramco Pte Ltd_Master Services Agreement _18th Nov_RS_copy_791.pdf,0.8599,7.9961,0.8144,0.0045
1771,011549 Ramco Publicis_Ramco Pte Ltd_Master Services Agreement _18th Nov_RS_copy_792.pdf,0.8892,8.0,0.8145,0.0045
1772,011549 Ramco Publicis_Ramco Pte Ltd_Master Services Agreement _18th Nov_RS_copy_793.pdf,0.8134,8.0039,0.8145,0.0045
1773,011549 Ramco Publicis_Ramco Pte Ltd_Master Services Agreement _18th Nov_RS_copy_794.pdf,0.8719,8.0078,0.8145,0.0045
1774,011549 Ramco Publicis_Ramco Pte Ltd_Master Services Agreement _18th Nov_RS_copy_795.pdf,0.8423,8.0117,0.8145,0.0045
1775,011549 Ramco Publicis_Ramco Pte Ltd_Master Services Agreement _18th Nov_RS_copy_796.pdf,0.8787,8.0156,0.8146,0.0045
1776,011549 Ramco Publicis_Ramco Pte Ltd_Master Services Agreement _18th Nov_RS_copy_797.pdf,0.8287,8.0195,0.8146,0.0045
1777,011549 Ramco Publicis_Ramco Pte Ltd_Master Services Agreement _18th Nov_RS_copy_798.pdf,0.8847,8.0273,0.8146,0.0045
1778,011549 Ramco Publicis_Ramco Pte Ltd_Master Services Agreement _18th Nov_RS_copy_799.pdf,0.9195,8.0352,0.8147,0.0045
1779,011549 Ramco Publicis_Ramco Pte Ltd_Master Services Agreement _18th Nov_RS_copy_8.pdf,0.8778,8.0391,0.8147,0.0045
1780,011549 Ramco Publicis_Ramco Pte Ltd_Master Services Agreement _18th Nov_RS_copy_80.pdf,0.852,8.043,0.8147,0.0045
1781,011549 Ramco Publicis_Ramco Pte Ltd_Master Services Agreement _18th Nov_RS_copy_800.pdf,0.8837,8.0469,0.8148,0.0045
1782,011549 Ramco Publicis_Ramco Pte Ltd_Master Services Agreement _18th Nov_RS_copy_801.pdf,0.7548,8.0508,0.8147,0.0045
1783,011549 Ramco Publicis_Ramco Pte Ltd_Master Services Agreement _18th Nov_RS_copy_802.pdf,0.8122,8.0547,0.8147,0.0045
1784,011549 Ramco Publicis_Ramco Pte Ltd_Master Services Agreement _18th Nov_RS_copy_803.pdf,0.8414,8.0586,0.8147,0.0045
1785,011549 Ramco Publicis_Ramco Pte Ltd_Master Services Agreement _18th Nov_RS_copy_804.pdf,0.8499,8.0664,0.8148,0.0045
1786,011549 Ramco Publicis_Ramco Pte Ltd_Master Services Agreement _18th Nov_RS_copy_805.pdf,0.8272,8.0703,0.8148,0.0045
1787,011549 Ramco Publicis_Ramco Pte Ltd_Master Services Agreement _18th Nov_RS_copy_806.pdf,0.8192,8.0742,0.8148,0.0045
1788,011549 Ramco Publicis_Ramco Pte Ltd_Master Services Agreement _18th Nov_RS_copy_807.pdf,0.8364,8.0781,0.8148,0.0045
1789,011549 Ramco Publicis_Ramco Pte Ltd_Master Services Agreement _18th Nov_RS_copy_808.pdf,0.8696,8.082,0.8148,0.0045
1790,011549 Ramco Publicis_Ramco Pte Ltd_Master Services Agreement _18th Nov_RS_copy_809.pdf,0.8472,8.0859,0.8148,0.0045
1791,011549 Ramco Publicis_Ramco Pte Ltd_Master Services Agreement _18th Nov_RS_copy_81.pdf,0.9271,8.0898,0.8149,0.0045
1792,011549 Ramco Publicis_Ramco Pte Ltd_Master Services Agreement _18th Nov_RS_copy_810.pdf,0.8526,8.0938,0.8149,0.0045
1793,011549 Ramco Publicis_Ramco Pte Ltd_Master Services Agreement _18th Nov_RS_copy_811.pdf,0.8349,8.1016,0.8149,0.0045
1794,011549 Ramco Publicis_Ramco Pte Ltd_Master Services Agreement _18th Nov_RS_copy_812.pdf,0.884,8.1055,0.815,0.0045
1795,011549 Ramco Publicis_Ramco Pte Ltd_Master Services Agreement _18th Nov_RS_copy_813.pdf,0.8572,8.1094,0.815,0.0045
1796,011549 Ramco Publicis_Ramco Pte Ltd_Master Services Agreement _18th Nov_RS_copy_814.pdf,0.8067,8.1133,0.815,0.0045
1797,011549 Ramco Publicis_Ramco Pte Ltd_Master Services Agreement _18th Nov_RS_copy_815.pdf,0.8012,8.1172,0.815,0.0045
1798,011549 Ramco Publicis_Ramco Pte Ltd_Master Services Agreement _18th Nov_RS_copy_816.pdf,0.7913,8.1211,0.815,0.0045
1799,011549 Ramco Publicis_Ramco Pte Ltd_Master Services Agreement _18th Nov_RS_copy_817.pdf,0.8171,8.125,0.815,0.0045
1800,011549 Ramco Publicis_Ramco Pte Ltd_Master Services Agreement _18th Nov_RS_copy_818.pdf,0.9868,8.1289,0.8151,0.0045
1801,011549 Ramco Publicis_Ramco Pte Ltd_Master Services Agreement _18th Nov_RS_copy_819.pdf,0.8404,8.1367,0.8151,0.0045
1802,011549 Ramco Publicis_Ramco Pte Ltd_Master Services Agreement _18th Nov_RS_copy_82.pdf,0.8127,8.1406,0.8151,0.0045
1803,011549 Ramco Publicis_Ramco Pte Ltd_Master Services Agreement _18th Nov_RS_copy_820.pdf,0.8018,8.1445,0.8151,0.0045
1804,011549 Ramco Publicis_Ramco Pte Ltd_Master Services Agreement _18th Nov_RS_copy_821.pdf,0.7969,8.1484,0.8151,0.0045
1805,011549 Ramco Publicis_Ramco Pte Ltd_Master Services Agreement _18th Nov_RS_copy_822.pdf,0.7894,8.1523,0.815,0.0045
1806,011549 Ramco Publicis_Ramco Pte Ltd_Master Services Agreement _18th Nov_RS_copy_823.pdf,0.906,8.1562,0.8151,0.0045
1807,011549 Ramco Publicis_Ramco Pte Ltd_Master Services Agreement _18th Nov_RS_copy_824.pdf,0.7895,8.1602,0.8151,0.0045
1808,011549 Ramco Publicis_Ramco Pte Ltd_Master Services Agreement _18th Nov_RS_copy_825.pdf,0.895,8.1641,0.8151,0.0045
1809,011549 Ramco Publicis_Ramco Pte Ltd_Master Services Agreement _18th Nov_RS_copy_826.pdf,0.7788,8.1719,0.8151,0.0045
1810,011549 Ramco Publicis_Ramco Pte Ltd_Master Services Agreement _18th Nov_RS_copy_827.pdf,0.7889,8.1758,0.8151,0.0045
1811,011549 Ramco Publicis_Ramco Pte Ltd_Master Services Agreement _18th Nov_RS_copy_828.pdf,0.8931,8.1797,0.8151,0.0045
1812,011549 Ramco Publicis_Ramco Pte Ltd_Master Services Agreement _18th Nov_RS_copy_829.pdf,0.8467,8.1836,0.8152,0.0045
1813,011549 Ramco Publicis_Ramco Pte Ltd_Master Services Agreement _18th Nov_RS_copy_83.pdf,0.859,8.1875,0.8152,0.0045
1814,011549 Ramco Publicis_Ramco Pte Ltd_Master Services Agreement _18th Nov_RS_copy_830.pdf,0.882,8.1914,0.8152,0.0045
1815,011549 Ramco Publicis_Ramco Pte Ltd_Master Services Agreement _18th Nov_RS_copy_831.pdf,0.8741,8.1953,0.8152,0.0045
1816,011549 Ramco Publicis_Ramco Pte Ltd_Master Services Agreement _18th Nov_RS_copy_832.pdf,0.8548,8.1992,0.8153,0.0045
1817,011549 Ramco Publicis_Ramco Pte Ltd_Master Services Agreement _18th Nov_RS_copy_833.pdf,0.8908,8.2109,0.8153,0.0045
1818,011549 Ramco Publicis_Ramco Pte Ltd_Master Services Agreement _18th Nov_RS_copy_834.pdf,0.8606,8.2148,0.8153,0.0045
1819,011549 Ramco Publicis_Ramco Pte Ltd_Master Services Agreement _18th Nov_RS_copy_835.pdf,0.9047,8.2188,0.8154,0.0045
1820,011549 Ramco Publicis_Ramco Pte Ltd_Master Services Agreement _18th Nov_RS_copy_836.pdf,0.8699,8.2227,0.8154,0.0045
1821,011549 Ramco Publicis_Ramco Pte Ltd_Master Services Agreement _18th Nov_RS_copy_837.pdf,0.8834,8.2266,0.8155,0.0045
1822,011549 Ramco Publicis_Ramco Pte Ltd_Master Services Agreement _18th Nov_RS_copy_838.pdf,0.8521,8.2305,0.8155,0.0045
1823,011549 Ramco Publicis_Ramco Pte Ltd_Master Services Agreement _18th Nov_RS_copy_839.pdf,0.872,8.2344,0.8155,0.0045
1824,011549 Ramco Publicis_Ramco Pte Ltd_Master Services Agreement _18th Nov_RS_copy_84.pdf,0.8569,8.2383,0.8155,0.0045
1825,011549 Ramco Publicis_Ramco Pte Ltd_Master Services Agreement _18th Nov_RS_copy_840.pdf,0.895,8.2461,0.8156,0.0045
1826,011549 Ramco Publicis_Ramco Pte Ltd_Master Services Agreement _18th Nov_RS_copy_841.pdf,0.8544,8.25,0.8156,0.0045
1827,011549 Ramco Publicis_Ramco Pte Ltd_Master Services Agreement _18th Nov_RS_copy_842.pdf,0.8682,8.2539,0.8156,0.0045
1828,011549 Ramco Publicis_Ramco Pte Ltd_Master Services Agreement _18th Nov_RS_copy_843.pdf,0.8511,8.2578,0.8156,0.0045
1829,011549 Ramco Publicis_Ramco Pte Ltd_Master Services Agreement _18th Nov_RS_copy_844.pdf,0.9265,8.2617,0.8157,0.0045
1830,011549 Ramco Publicis_Ramco Pte Ltd_Master Services Agreement _18th Nov_RS_copy_845.pdf,0.8618,8.2656,0.8157,0.0045
1831,011549 Ramco Publicis_Ramco Pte Ltd_Master Services Agreement _18th Nov_RS_copy_846.pdf,0.8705,8.2695,0.8158,0.0045
1832,011549 Ramco Publicis_Ramco Pte Ltd_Master Services Agreement _18th Nov_RS_copy_847.pdf,0.9873,8.2734,0.8158,0.0045
1833,011549 Ramco Publicis_Ramco Pte Ltd_Master Services Agreement _18th Nov_RS_copy_848.pdf,0.8862,8.2812,0.8159,0.0045
1834,011549 Ramco Publicis_Ramco Pte Ltd_Master Services Agreement _18th Nov_RS_copy_849.pdf,0.8657,8.2852,0.8159,0.0045
1835,011549 Ramco Publicis_Ramco Pte Ltd_Master Services Agreement _18th Nov_RS_copy_85.pdf,0.8927,8.2891,0.816,0.0045
1836,011549 Ramco Publicis_Ramco Pte Ltd_Master Services Agreement _18th Nov_RS_copy_850.pdf,0.8663,8.293,0.816,0.0045
1837,011549 Ramco Publicis_Ramco Pte Ltd_Master Services Agreement _18th Nov_RS_copy_851.pdf,0.8596,8.2969,0.816,0.0045
1838,011549 Ramco Publicis_Ramco Pte Ltd_Master Services Agreement _18th Nov_RS_copy_852.pdf,0.8472,8.3008,0.816,0.0045
1839,011549 Ramco Publicis_Ramco Pte Ltd_Master Services Agreement _18th Nov_RS_copy_853.pdf,0.901,8.3047,0.8161,0.0045
1840,011549 Ramco Publicis_Ramco Pte Ltd_Master Services Agreement _18th Nov_RS_copy_854.pdf,0.8938,8.3086,0.8161,0.0045
1841,011549 Ramco Publicis_Ramco Pte Ltd_Master Services Agreement _18th Nov_RS_copy_855.pdf,0.8598,8.3164,0.8161,0.0045
1842,011549 Ramco Publicis_Ramco Pte Ltd_Master Services Agreement _18th Nov_RS_copy_856.pdf,0.8224,8.3203,0.8161,0.0045
1843,011549 Ramco Publicis_Ramco Pte Ltd_Master Services Agreement _18th Nov_RS_copy_857.pdf,0.8905,8.3242,0.8162,0.0045
1844,011549 Ramco Publicis_Ramco Pte Ltd_Master Services Agreement _18th Nov_RS_copy_858.pdf,0.871,8.3281,0.8162,0.0045
1845,011549 Ramco Publicis_Ramco Pte Ltd_Master Services Agreement _18th Nov_RS_copy_859.pdf,0.8698,8.332,0.8162,0.0045
1846,011549 Ramco Publicis_Ramco Pte Ltd_Master Services Agreement _18th Nov_RS_copy_86.pdf,0.8729,8.3359,0.8163,0.0045
1847,011549 Ramco Publicis_Ramco Pte Ltd_Master Services Agreement _18th Nov_RS_copy_860.pdf,0.8879,8.3398,0.8163,0.0045
1848,011549 Ramco Publicis_Ramco Pte Ltd_Master Services Agreement _18th Nov_RS_copy_861.pdf,0.8823,8.3438,0.8163,0.0045
1849,011549 Ramco Publicis_Ramco Pte Ltd_Master Services Agreement _18th Nov_RS_copy_862.pdf,0.9446,8.3516,0.8164,0.0045
1850,011549 Ramco Publicis_Ramco Pte Ltd_Master Services Agreement _18th Nov_RS_copy_863.pdf,0.8424,8.3555,0.8164,0.0045
1851,011549 Ramco Publicis_Ramco Pte Ltd_Master Services Agreement _18th Nov_RS_copy_864.pdf,0.9664,8.3594,0.8165,0.0045
1852,011549 Ramco Publicis_Ramco Pte Ltd_Master Services Agreement _18th Nov_RS_copy_865.pdf,0.8357,8.3633,0.8165,0.0045
1853,011549 Ramco Publicis_Ramco Pte Ltd_Master Services Agreement _18th Nov_RS_copy_866.pdf,0.8806,8.3672,0.8166,0.0045
1854,011549 Ramco Publicis_Ramco Pte Ltd_Master Services Agreement _18th Nov_RS_copy_867.pdf,0.8451,8.3711,0.8166,0.0045
1855,011549 Ramco Publicis_Ramco Pte Ltd_Master Services Agreement _18th Nov_RS_copy_868.pdf,0.8018,8.375,0.8166,0.0045
1856,011549 Ramco Publicis_Ramco Pte Ltd_Master Services Agreement _18th Nov_RS_copy_869.pdf,0.8349,8.3828,0.8166,0.0045
1857,011549 Ramco Publicis_Ramco Pte Ltd_Master Services Agreement _18th Nov_RS_copy_87.pdf,0.8295,8.3906,0.8166,0.0045
1858,011549 Ramco Publicis_Ramco Pte Ltd_Master Services Agreement _18th Nov_RS_copy_870.pdf,0.8628,8.3945,0.8166,0.0045
1859,011549 Ramco Publicis_Ramco Pte Ltd_Master Services Agreement _18th Nov_RS_copy_871.pdf,0.8102,8.3984,0.8166,0.0045
1860,011549 Ramco Publicis_Ramco Pte Ltd_Master Services Agreement _18th Nov_RS_copy_872.pdf,0.7885,8.4023,0.8166,0.0045
1861,011549 Ramco Publicis_Ramco Pte Ltd_Master Services Agreement _18th Nov_RS_copy_873.pdf,0.8211,8.4062,0.8166,0.0045
1862,011549 Ramco Publicis_Ramco Pte Ltd_Master Services Agreement _18th Nov_RS_copy_874.pdf,0.854,8.4102,0.8166,0.0045
1863,011549 Ramco Publicis_Ramco Pte Ltd_Master Services Agreement _18th Nov_RS_copy_875.pdf,0.8176,8.4141,0.8166,0.0045
1864,011549 Ramco Publicis_Ramco Pte Ltd_Master Services Agreement _18th Nov_RS_copy_876.pdf,0.8298,8.418,0.8166,0.0045
1865,011549 Ramco Publicis_Ramco Pte Ltd_Master Services Agreement _18th Nov_RS_copy_877.pdf,0.8198,8.4258,0.8166,0.0045
1866,011549 Ramco Publicis_Ramco Pte Ltd_Master Services Agreement _18th Nov_RS_copy_878.pdf,0.8449,8.4297,0.8166,0.0045
1867,011549 Ramco Publicis_Ramco Pte Ltd_Master Services Agreement _18th Nov_RS_copy_879.pdf,0.8136,8.4336,0.8166,0.0045
1868,011549 Ramco Publicis_Ramco Pte Ltd_Master Services Agreement _18th Nov_RS_copy_88.pdf,0.8191,8.4375,0.8166,0.0045
1869,011549 Ramco Publicis_Ramco Pte Ltd_Master Services Agreement _18th Nov_RS_copy_880.pdf,0.8419,8.4414,0.8166,0.0045
1870,011549 Ramco Publicis_Ramco Pte Ltd_Master Services Agreement _18th Nov_RS_copy_881.pdf,0.8426,8.4453,0.8167,0.0045
1871,011549 Ramco Publicis_Ramco Pte Ltd_Master Services Agreement _18th Nov_RS_copy_882.pdf,0.8324,8.4492,0.8167,0.0045
1872,011549 Ramco Publicis_Ramco Pte Ltd_Master Services Agreement _18th Nov_RS_copy_883.pdf,0.8212,8.4531,0.8167,0.0045
1873,011549 Ramco Publicis_Ramco Pte Ltd_Master Services Agreement _18th Nov_RS_copy_884.pdf,0.8203,8.4609,0.8167,0.0045
1874,011549 Ramco Publicis_Ramco Pte Ltd_Master Services Agreement _18th Nov_RS_copy_885.pdf,0.8014,8.4648,0.8167,0.0045
1875,011549 Ramco Publicis_Ramco Pte Ltd_Master Services Agreement _18th Nov_RS_copy_886.pdf,0.8249,8.4688,0.8167,0.0045
1876,011549 Ramco Publicis_Ramco Pte Ltd_Master Services Agreement _18th Nov_RS_copy_887.pdf,0.8541,8.4727,0.8167,0.0045
1877,011549 Ramco Publicis_Ramco Pte Ltd_Master Services Agreement _18th Nov_RS_copy_888.pdf,0.8218,8.4766,0.8167,0.0045
1878,011549 Ramco Publicis_Ramco Pte Ltd_Master Services Agreement _18th Nov_RS_copy_889.pdf,0.8278,8.4805,0.8167,0.0045
1879,011549 Ramco Publicis_Ramco Pte Ltd_Master Services Agreement _18th Nov_RS_copy_89.pdf,0.8198,8.4844,0.8167,0.0045
1880,011549 Ramco Publicis_Ramco Pte Ltd_Master Services Agreement _18th Nov_RS_copy_890.pdf,0.8128,8.4883,0.8167,0.0045
1881,011549 Ramco Publicis_Ramco Pte Ltd_Master Services Agreement _18th Nov_RS_copy_891.pdf,0.8291,8.4961,0.8167,0.0045
1882,011549 Ramco Publicis_Ramco Pte Ltd_Master Services Agreement _18th Nov_RS_copy_892.pdf,0.8082,8.5,0.8167,0.0045
1883,011549 Ramco Publicis_Ramco Pte Ltd_Master Services Agreement _18th Nov_RS_copy_893.pdf,0.8013,8.5039,0.8167,0.0045
1884,011549 Ramco Publicis_Ramco Pte Ltd_Master Services Agreement _18th Nov_RS_copy_894.pdf,0.824,8.5078,0.8167,0.0045
1885,011549 Ramco Publicis_Ramco Pte Ltd_Master Services Agreement _18th Nov_RS_copy_895.pdf,0.8229,8.5117,0.8167,0.0045
1886,011549 Ramco Publicis_Ramco Pte Ltd_Master Services Agreement _18th Nov_RS_copy_896.pdf,0.7928,8.5156,0.8167,0.0045
1887,011549 Ramco Publicis_Ramco Pte Ltd_Master Services Agreement _18th Nov_RS_copy_897.pdf,0.8096,8.5195,0.8167,0.0045
1888,011549 Ramco Publicis_Ramco Pte Ltd_Master Services Agreement _18th Nov_RS_copy_898.pdf,0.8136,8.5234,0.8167,0.0045
1889,011549 Ramco Publicis_Ramco Pte Ltd_Master Services Agreement _18th Nov_RS_copy_899.pdf,0.819,8.5312,0.8167,0.0045
1890,011549 Ramco Publicis_Ramco Pte Ltd_Master Services Agreement _18th Nov_RS_copy_9.pdf,0.8294,8.5352,0.8167,0.0045
1891,011549 Ramco Publicis_Ramco Pte Ltd_Master Services Agreement _18th Nov_RS_copy_90.pdf,0.817,8.5391,0.8167,0.0045
1892,011549 Ramco Publicis_Ramco Pte Ltd_Master Services Agreement _18th Nov_RS_copy_900.pdf,0.8117,8.543,0.8167,0.0045
1893,011549 Ramco Publicis_Ramco Pte Ltd_Master Services Agreement _18th Nov_RS_copy_901.pdf,0.8184,8.5469,0.8167,0.0045
1894,011549 Ramco Publicis_Ramco Pte Ltd_Master Services Agreement _18th Nov_RS_copy_902.pdf,0.8206,8.5547,0.8167,0.0045
1895,011549 Ramco Publicis_Ramco Pte Ltd_Master Services Agreement _18th Nov_RS_copy_903.pdf,0.7954,8.5586,0.8167,0.0045
1896,011549 Ramco Publicis_Ramco Pte Ltd_Master Services Agreement _18th Nov_RS_copy_904.pdf,0.8268,8.5625,0.8167,0.0045
1897,011549 Ramco Publicis_Ramco Pte Ltd_Master Services Agreement _18th Nov_RS_copy_905.pdf,0.8231,8.5703,0.8167,0.0045
1898,011549 Ramco Publicis_Ramco Pte Ltd_Master Services Agreement _18th Nov_RS_copy_906.pdf,0.7993,8.5742,0.8167,0.0045
1899,011549 Ramco Publicis_Ramco Pte Ltd_Master Services Agreement _18th Nov_RS_copy_907.pdf,0.8266,8.5781,0.8167,0.0045
1900,011549 Ramco Publicis_Ramco Pte Ltd_Master Services Agreement _18th Nov_RS_copy_908.pdf,0.8324,8.582,0.8167,0.0045
1901,011549 Ramco Publicis_Ramco Pte Ltd_Master Services Agreement _18th Nov_RS_copy_909.pdf,0.8199,8.5859,0.8167,0.0045
1902,011549 Ramco Publicis_Ramco Pte Ltd_Master Services Agreement _18th Nov_RS_copy_91.pdf,0.812,8.5898,0.8167,0.0045
1903,011549 Ramco Publicis_Ramco Pte Ltd_Master Services Agreement _18th Nov_RS_copy_910.pdf,0.8177,8.5938,0.8167,0.0045
1904,011549 Ramco Publicis_Ramco Pte Ltd_Master Services Agreement _18th Nov_RS_copy_911.pdf,0.8412,8.5977,0.8167,0.0045
1905,011549 Ramco Publicis_Ramco Pte Ltd_Master Services Agreement _18th Nov_RS_copy_912.pdf,0.8179,8.6055,0.8167,0.0045
1906,011549 Ramco Publicis_Ramco Pte Ltd_Master Services Agreement _18th Nov_RS_copy_913.pdf,0.8348,8.6094,0.8167,0.0045
1907,011549 Ramco Publicis_Ramco Pte Ltd_Master Services Agreement _18th Nov_RS_copy_914.pdf,0.8411,8.6133,0.8167,0.0045
1908,011549 Ramco Publicis_Ramco Pte Ltd_Master Services Agreement _18th Nov_RS_copy_915.pdf,0.9242,8.6172,0.8168,0.0045
1909,011549 Ramco Publicis_Ramco Pte Ltd_Master Services Agreement _18th Nov_RS_copy_916.pdf,0.8263,8.6211,0.8168,0.0045
1910,011549 Ramco Publicis_Ramco Pte Ltd_Master Services Agreement _18th Nov_RS_copy_917.pdf,0.8062,8.625,0.8168,0.0045
1911,011549 Ramco Publicis_Ramco Pte Ltd_Master Services Agreement _18th Nov_RS_copy_918.pdf,0.8319,8.6289,0.8168,0.0045
1912,011549 Ramco Publicis_Ramco Pte Ltd_Master Services Agreement _18th Nov_RS_copy_919.pdf,0.8556,8.6328,0.8168,0.0045
1913,011549 Ramco Publicis_Ramco Pte Ltd_Master Services Agreement _18th Nov_RS_copy_92.pdf,0.8174,8.6406,0.8168,0.0045
1914,011549 Ramco Publicis_Ramco Pte Ltd_Master Services Agreement _18th Nov_RS_copy_920.pdf,0.8233,8.6445,0.8168,0.0045
1915,011549 Ramco Publicis_Ramco Pte Ltd_Master Services Agreement _18th Nov_RS_copy_921.pdf,0.832,8.6484,0.8168,0.0045
1916,011549 Ramco Publicis_Ramco Pte Ltd_Master Services Agreement _18th Nov_RS_copy_922.pdf,0.8309,8.6523,0.8168,0.0045
1917,011549 Ramco Publicis_Ramco Pte Ltd_Master Services Agreement _18th Nov_RS_copy_923.pdf,0.8237,8.6562,0.8168,0.0045
1918,011549 Ramco Publicis_Ramco Pte Ltd_Master Services Agreement _18th Nov_RS_copy_924.pdf,0.847,8.6602,0.8168,0.0045
1919,011549 Ramco Publicis_Ramco Pte Ltd_Master Services Agreement _18th Nov_RS_copy_925.pdf,0.8406,8.6641,0.8169,0.0045
1920,011549 Ramco Publicis_Ramco Pte Ltd_Master Services Agreement _18th Nov_RS_copy_926.pdf,0.8542,8.668,0.8169,0.0045
1921,011549 Ramco Publicis_Ramco Pte Ltd_Master Services Agreement _18th Nov_RS_copy_927.pdf,0.821,8.6758,0.8169,0.0045
1922,011549 Ramco Publicis_Ramco Pte Ltd_Master Services Agreement _18th Nov_RS_copy_928.pdf,0.8274,8.6797,0.8169,0.0045
1923,011549 Ramco Publicis_Ramco Pte Ltd_Master Services Agreement _18th Nov_RS_copy_929.pdf,0.8172,8.6836,0.8169,0.0045
1924,011549 Ramco Publicis_Ramco Pte Ltd_Master Services Agreement _18th Nov_RS_copy_93.pdf,0.8536,8.6875,0.8169,0.0045
1925,011549 Ramco Publicis_Ramco Pte Ltd_Master Services Agreement _18th Nov_RS_copy_930.pdf,0.817,8.6914,0.8169,0.0045
1926,011549 Ramco Publicis_Ramco Pte Ltd_Master Services Agreement _18th Nov_RS_copy_931.pdf,0.8584,8.6953,0.8169,0.0045
1927,011549 Ramco Publicis_Ramco Pte Ltd_Master Services Agreement _18th Nov_RS_copy_932.pdf,0.8285,8.6992,0.8169,0.0045
1928,011549 Ramco Publicis_Ramco Pte Ltd_Master Services Agreement _18th Nov_RS_copy_933.pdf,0.8216,8.7031,0.8169,0.0045
1929,011549 Ramco Publicis_Ramco Pte Ltd_Master Services Agreement _18th Nov_RS_copy_934.pdf,0.8273,8.7109,0.8169,0.0045
1930,011549 Ramco Publicis_Ramco Pte Ltd_Master Services Agreement _18th Nov_RS_copy_935.pdf,0.845,8.7148,0.817,0.0045
1931,011549 Ramco Publicis_Ramco Pte Ltd_Master Services Agreement _18th Nov_RS_copy_936.pdf,0.8122,8.7188,0.817,0.0045
1932,011549 Ramco Publicis_Ramco Pte Ltd_Master Services Agreement _18th Nov_RS_copy_937.pdf,0.8474,8.7227,0.817,0.0045
1933,011549 Ramco Publicis_Ramco Pte Ltd_Master Services Agreement _18th Nov_RS_copy_938.pdf,0.831,8.7305,0.817,0.0045
1934,011549 Ramco Publicis_Ramco Pte Ltd_Master Services Agreement _18th Nov_RS_copy_939.pdf,0.8452,8.7344,0.817,0.0045
1935,011549 Ramco Publicis_Ramco Pte Ltd_Master Services Agreement _18th Nov_RS_copy_94.pdf,0.8075,8.7383,0.817,0.0045
1936,011549 Ramco Publicis_Ramco Pte Ltd_Master Services Agreement _18th Nov_RS_copy_940.pdf,0.8052,8.7422,0.817,0.0045
1937,011549 Ramco Publicis_Ramco Pte Ltd_Master Services Agreement _18th Nov_RS_copy_941.pdf,0.7874,8.75,0.817,0.0045
1938,011549 Ramco Publicis_Ramco Pte Ltd_Master Services Agreement _18th Nov_RS_copy_942.pdf,0.793,8.7539,0.817,0.0045
1939,011549 Ramco Publicis_Ramco Pte Ltd_Master Services Agreement _18th Nov_RS_copy_943.pdf,0.8004,8.7578,0.8169,0.0045
1940,011549 Ramco Publicis_Ramco Pte Ltd_Master Services Agreement _18th Nov_RS_copy_944.pdf,0.753,8.7617,0.8169,0.0045
1941,011549 Ramco Publicis_Ramco Pte Ltd_Master Services Agreement _18th Nov_RS_copy_945.pdf,0.9166,8.7656,0.817,0.0045
1942,011549 Ramco Publicis_Ramco Pte Ltd_Master Services Agreement _18th Nov_RS_copy_946.pdf,0.7858,8.7695,0.8169,0.0045
1943,011549 Ramco Publicis_Ramco Pte Ltd_Master Services Agreement _18th Nov_RS_copy_947.pdf,0.8353,8.7734,0.817,0.0045
1944,011549 Ramco Publicis_Ramco Pte Ltd_Master Services Agreement _18th Nov_RS_copy_948.pdf,0.8264,8.7773,0.817,0.0045
1945,011549 Ramco Publicis_Ramco Pte Ltd_Master Services Agreement _18th Nov_RS_copy_949.pdf,0.7576,8.7852,0.8169,0.0045
1946,011549 Ramco Publicis_Ramco Pte Ltd_Master Services Agreement _18th Nov_RS_copy_95.pdf,0.8379,8.7891,0.8169,0.0045
1947,011549 Ramco Publicis_Ramco Pte Ltd_Master Services Agreement _18th Nov_RS_copy_950.pdf,0.8296,8.793,0.8169,0.0045
1948,011549 Ramco Publicis_Ramco Pte Ltd_Master Services Agreement _18th Nov_RS_copy_951.pdf,0.8387,8.7969,0.817,0.0045
1949,011549 Ramco Publicis_Ramco Pte Ltd_Master Services Agreement _18th Nov_RS_copy_952.pdf,0.8188,8.8008,0.817,0.0045
1950,011549 Ramco Publicis_Ramco Pte Ltd_Master Services Agreement _18th Nov_RS_copy_953.pdf,0.8377,8.8047,0.817,0.0045
1951,011549 Ramco Publicis_Ramco Pte Ltd_Master Services Agreement _18th Nov_RS_copy_954.pdf,0.8574,8.8086,0.817,0.0045
1952,011549 Ramco Publicis_Ramco Pte Ltd_Master Services Agreement _18th Nov_RS_copy_955.pdf,0.8573,8.8125,0.817,0.0045
1953,011549 Ramco Publicis_Ramco Pte Ltd_Master Services Agreement _18th Nov_RS_copy_956.pdf,0.8014,8.8203,0.817,0.0045
1954,011549 Ramco Publicis_Ramco Pte Ltd_Master Services Agreement _18th Nov_RS_copy_957.pdf,0.829,8.8242,0.817,0.0045
1955,011549 Ramco Publicis_Ramco Pte Ltd_Master Services Agreement _18th Nov_RS_copy_958.pdf,0.8236,8.8281,0.817,0.0045
1956,011549 Ramco Publicis_Ramco Pte Ltd_Master Services Agreement _18th Nov_RS_copy_959.pdf,0.8239,8.832,0.817,0.0045
1957,011549 Ramco Publicis_Ramco Pte Ltd_Master Services Agreement _18th Nov_RS_copy_96.pdf,0.8729,8.8359,0.817,0.0045
1958,011549 Ramco Publicis_Ramco Pte Ltd_Master Services Agreement _18th Nov_RS_copy_960.pdf,0.8829,8.8398,0.8171,0.0045
1959,011549 Ramco Publicis_Ramco Pte Ltd_Master Services Agreement _18th Nov_RS_copy_961.pdf,0.8238,8.8438,0.8171,0.0045
1960,011549 Ramco Publicis_Ramco Pte Ltd_Master Services Agreement _18th Nov_RS_copy_962.pdf,0.8057,8.8477,0.8171,0.0045
1961,011549 Ramco Publicis_Ramco Pte Ltd_Master Services Agreement _18th Nov_RS_copy_963.pdf,0.8341,8.8555,0.8171,0.0045
1962,011549 Ramco Publicis_Ramco Pte Ltd_Master Services Agreement _18th Nov_RS_copy_964.pdf,0.7791,8.8594,0.8171,0.0045
1963,011549 Ramco Publicis_Ramco Pte Ltd_Master Services Agreement _18th Nov_RS_copy_965.pdf,0.8102,8.8633,0.8171,0.0045
1964,011549 Ramco Publicis_Ramco Pte Ltd_Master Services Agreement _18th Nov_RS_copy_966.pdf,0.8509,8.8672,0.8171,0.0045
1965,011549 Ramco Publicis_Ramco Pte Ltd_Master Services Agreement _18th Nov_RS_copy_967.pdf,0.8445,8.8711,0.8171,0.0045
1966,011549 Ramco Publicis_Ramco Pte Ltd_Master Services Agreement _18th Nov_RS_copy_968.pdf,0.8186,8.875,0.8171,0.0045
1967,011549 Ramco Publicis_Ramco Pte Ltd_Master Services Agreement _18th Nov_RS_copy_969.pdf,0.8309,8.8789,0.8171,0.0045
1968,011549 Ramco Publicis_Ramco Pte Ltd_Master Services Agreement _18th Nov_RS_copy_97.pdf,0.8229,8.8828,0.8171,0.0045
1969,011549 Ramco Publicis_Ramco Pte Ltd_Master Services Agreement _18th Nov_RS_copy_970.pdf,0.8075,8.8906,0.8171,0.0045
1970,011549 Ramco Publicis_Ramco Pte Ltd_Master Services Agreement _18th Nov_RS_copy_971.pdf,0.8256,8.8945,0.8171,0.0045
1971,011549 Ramco Publicis_Ramco Pte Ltd_Master Services Agreement _18th Nov_RS_copy_972.pdf,0.836,8.9023,0.8171,0.0045
1972,011549 Ramco Publicis_Ramco Pte Ltd_Master Services Agreement _18th Nov_RS_copy_973.pdf,0.8352,8.9062,0.8171,0.0045
1973,011549 Ramco Publicis_Ramco Pte Ltd_Master Services Agreement _18th Nov_RS_copy_974.pdf,0.8444,8.9102,0.8171,0.0045
1974,011549 Ramco Publicis_Ramco Pte Ltd_Master Services Agreement _18th Nov_RS_copy_975.pdf,0.8225,8.9141,0.8171,0.0045
1975,011549 Ramco Publicis_Ramco Pte Ltd_Master Services Agreement _18th Nov_RS_copy_976.pdf,0.8174,8.918,0.8171,0.0045
1976,011549 Ramco Publicis_Ramco Pte Ltd_Master Services Agreement _18th Nov_RS_copy_977.pdf,0.7968,8.9219,0.8171,0.0045
1977,011549 Ramco Publicis_Ramco Pte Ltd_Master Services Agreement _18th Nov_RS_copy_978.pdf,0.8275,8.9297,0.8171,0.0045
1978,011549 Ramco Publicis_Ramco Pte Ltd_Master Services Agreement _18th Nov_RS_copy_979.pdf,0.8305,8.9336,0.8171,0.0045
1979,011549 Ramco Publicis_Ramco Pte Ltd_Master Services Agreement _18th Nov_RS_copy_98.pdf,0.8293,8.9375,0.8171,0.0045
1980,011549 Ramco Publicis_Ramco Pte Ltd_Master Services Agreement _18th Nov_RS_copy_980.pdf,0.8944,8.9414,0.8172,0.0045
1981,011549 Ramco Publicis_Ramco Pte Ltd_Master Services Agreement _18th Nov_RS_copy_981.pdf,0.8005,8.9453,0.8172,0.0045
1982,011549 Ramco Publicis_Ramco Pte Ltd_Master Services Agreement _18th Nov_RS_copy_982.pdf,0.8201,8.9492,0.8172,0.0045
1983,011549 Ramco Publicis_Ramco Pte Ltd_Master Services Agreement _18th Nov_RS_copy_983.pdf,0.8212,8.9531,0.8172,0.0045
1984,011549 Ramco Publicis_Ramco Pte Ltd_Master Services Agreement _18th Nov_RS_copy_984.pdf,0.8378,8.957,0.8172,0.0045
1985,011549 Ramco Publicis_Ramco Pte Ltd_Master Services Agreement _18th Nov_RS_copy_985.pdf,0.8292,8.9648,0.8172,0.0045
1986,011549 Ramco Publicis_Ramco Pte Ltd_Master Services Agreement _18th Nov_RS_copy_986.pdf,0.8423,8.9688,0.8172,0.0045
1987,011549 Ramco Publicis_Ramco Pte Ltd_Master Services Agreement _18th Nov_RS_copy_987.pdf,0.8273,8.9727,0.8172,0.0045
1988,011549 Ramco Publicis_Ramco Pte Ltd_Master Services Agreement _18th Nov_RS_copy_988.pdf,0.8098,8.9766,0.8172,0.0045
1989,011549 Ramco Publicis_Ramco Pte Ltd_Master Services Agreement _18th Nov_RS_copy_989.pdf,0.834,8.9805,0.8172,0.0045
1990,011549 Ramco Publicis_Ramco Pte Ltd_Master Services Agreement _18th Nov_RS_copy_99.pdf,0.8306,8.9844,0.8172,0.0045
1991,011549 Ramco Publicis_Ramco Pte Ltd_Master Services Agreement _18th Nov_RS_copy_990.pdf,0.805,8.9883,0.8172,0.0045
1992,011549 Ramco Publicis_Ramco Pte Ltd_Master Services Agreement _18th Nov_RS_copy_991.pdf,0.8444,8.9922,0.8172,0.0045
1993,011549 Ramco Publicis_Ramco Pte Ltd_Master Services Agreement _18th Nov_RS_copy_992.pdf,0.8202,9.0,0.8172,0.0045
1994,011549 Ramco Publicis_Ramco Pte Ltd_Master Services Agreement _18th Nov_RS_copy_993.pdf,0.8268,9.0039,0.8172,0.0045
1995,011549 Ramco Publicis_Ramco Pte Ltd_Master Services Agreement _18th Nov_RS_copy_994.pdf,0.8052,9.0078,0.8172,0.0045
1996,011549 Ramco Publicis_Ramco Pte Ltd_Master Services Agreement _18th Nov_RS_copy_995.pdf,0.8167,9.0117,0.8172,0.0045
1997,011549 Ramco Publicis_Ramco Pte Ltd_Master Services Agreement _18th Nov_RS_copy_996.pdf,0.8359,9.0156,0.8172,0.0045
1998,011549 Ramco Publicis_Ramco Pte Ltd_Master Services Agreement _18th Nov_RS_copy_997.pdf,0.7746,9.0195,0.8172,0.0045
1999,011549 Ramco Publicis_Ramco Pte Ltd_Master Services Agreement _18th Nov_RS_copy_998.pdf,0.7925,9.0234,0.8172,0.0045
2000,011549 Ramco Publicis_Ramco Pte Ltd_Master Services Agreement _18th Nov_RS_copy_999.pdf,0.8047,9.0273,0.8172,0.0045
2001,20982 Esec Forte SCTASK7649659_Amendment Agreement (2)_copy_1.pdf,0.1138,9.0352,0.8169,0.0045
2002,20982 Esec Forte SCTASK7649659_Amendment Agreement (2)_copy_10.pdf,0.1244,9.0391,0.8165,0.0045
2003,20982 Esec Forte SCTASK7649659_Amendment Agreement (2)_copy_100.pdf,0.1105,9.043,0.8162,0.0045
2004,20982 Esec Forte SCTASK7649659_Amendment Agreement (2)_copy_1000.pdf,0.1171,9.0469,0.8158,0.0045
2005,20982 Esec Forte SCTASK7649659_Amendment Agreement (2)_copy_101.pdf,0.0861,9.0508,0.8154,0.0045
2006,20982 Esec Forte SCTASK7649659_Amendment Agreement (2)_copy_102.pdf,0.1212,9.0547,0.8151,0.0045
2007,20982 Esec Forte SCTASK7649659_Amendment Agreement (2)_copy_103.pdf,0.1051,9.0586,0.8147,0.0045
2008,20982 Esec Forte SCTASK7649659_Amendment Agreement (2)_copy_104.pdf,0.0735,9.0625,0.8144,0.0045
2009,20982 Esec Forte SCTASK7649659_Amendment Agreement (2)_copy_105.pdf,0.0996,9.0703,0.814,0.0045
2010,20982 Esec Forte SCTASK7649659_Amendment Agreement (2)_copy_106.pdf,0.0785,9.0742,0.8136,0.0045
2011,20982 Esec Forte SCTASK7649659_Amendment Agreement (2)_copy_107.pdf,0.066,9.082,0.8133,0.0045
2012,20982 Esec Forte SCTASK7649659_Amendment Agreement (2)_copy_108.pdf,0.1124,9.0859,0.8129,0.0045
2013,20982 Esec Forte SCTASK7649659_Amendment Agreement (2)_copy_109.pdf,0.0984,9.0898,0.8126,0.0045
2014,20982 Esec Forte SCTASK7649659_Amendment Agreement (2)_copy_11.pdf,0.113,9.0938,0.8122,0.0045
2015,20982 Esec Forte SCTASK7649659_Amendment Agreement (2)_copy_110.pdf,0.0896,9.0977,0.8119,0.0045
2016,20982 Esec Forte SCTASK7649659_Amendment Agreement (2)_copy_111.pdf,0.0604,9.1016,0.8115,0.0045
2017,20982 Esec Forte SCTASK7649659_Amendment Agreement (2)_copy_112.pdf,0.0941,9.1094,0.8111,0.0045
2018,20982 Esec Forte SCTASK7649659_Amendment Agreement (2)_copy_113.pdf,0.0813,9.1133,0.8108,0.0045
2019,20982 Esec Forte SCTASK7649659_Amendment Agreement (2)_copy_114.pdf,0.1102,9.1172,0.8104,0.0045
2020,20982 Esec Forte SCTASK7649659_Amendment Agreement (2)_copy_115.pdf,0.1209,9.1211,0.8101,0.0045
2021,20982 Esec Forte SCTASK7649659_Amendment Agreement (2)_copy_116.pdf,0.0928,9.125,0.8097,0.0045
2022,20982 Esec Forte SCTASK7649659_Amendment Agreement (2)_copy_117.pdf,0.0902,9.1289,0.8094,0.0045
2023,20982 Esec Forte SCTASK7649659_Amendment Agreement (2)_copy_118.pdf,0.0624,9.1328,0.809,0.0045
2024,20982 Esec Forte SCTASK7649659_Amendment Agreement (2)_copy_119.pdf,0.0873,9.1367,0.8087,0.0045
2025,20982 Esec Forte SCTASK7649659_Amendment Agreement (2)_copy_12.pdf,0.0872,9.1445,0.8083,0.0045
2026,20982 Esec Forte SCTASK7649659_Amendment Agreement (2)_copy_120.pdf,0.094,9.1484,0.8079,0.0045
2027,20982 Esec Forte SCTASK7649659_Amendment Agreement (2)_copy_121.pdf,0.0901,9.1523,0.8076,0.0045
2028,20982 Esec Forte SCTASK7649659_Amendment Agreement (2)_copy_122.pdf,0.0638,9.1562,0.8072,0.0045
2029,20982 Esec Forte SCTASK7649659_Amendment Agreement (2)_copy_123.pdf,0.0942,9.1602,0.8069,0.0045
2030,20982 Esec Forte SCTASK7649659_Amendment Agreement (2)_copy_124.pdf,0.1034,9.1641,0.8065,0.0045
2031,20982 Esec Forte SCTASK7649659_Amendment Agreement (2)_copy_125.pdf,0.0918,9.168,0.8062,0.0045
2032,20982 Esec Forte SCTASK7649659_Amendment Agreement (2)_copy_126.pdf,0.0805,9.1719,0.8058,0.0045
2033,20982 Esec Forte SCTASK7649659_Amendment Agreement (2)_copy_127.pdf,0.0772,9.1797,0.8055,0.0045
2034,20982 Esec Forte SCTASK7649659_Amendment Agreement (2)_copy_128.pdf,0.067,9.1836,0.8051,0.0045
2035,20982 Esec Forte SCTASK7649659_Amendment Agreement (2)_copy_129.pdf,0.0692,9.1875,0.8047,0.0045
2036,20982 Esec Forte SCTASK7649659_Amendment Agreement (2)_copy_13.pdf,0.0928,9.1914,0.8044,0.0045
2037,20982 Esec Forte SCTASK7649659_Amendment Agreement (2)_copy_130.pdf,0.0949,9.1953,0.804,0.0045
2038,20982 Esec Forte SCTASK7649659_Amendment Agreement (2)_copy_131.pdf,0.0959,9.1992,0.8037,0.0045
2039,20982 Esec Forte SCTASK7649659_Amendment Agreement (2)_copy_132.pdf,0.1037,9.2031,0.8033,0.0045
2040,20982 Esec Forte SCTASK7649659_Amendment Agreement (2)_copy_133.pdf,0.0772,9.207,0.803,0.0045
2041,20982 Esec Forte SCTASK7649659_Amendment Agreement (2)_copy_134.pdf,0.1064,9.2148,0.8026,0.0045
2042,20982 Esec Forte SCTASK7649659_Amendment Agreement (2)_copy_135.pdf,0.0945,9.2188,0.8023,0.0045
2043,20982 Esec Forte SCTASK7649659_Amendment Agreement (2)_copy_136.pdf,0.1224,9.2227,0.802,0.0045
2044,20982 Esec Forte SCTASK7649659_Amendment Agreement (2)_copy_137.pdf,0.0752,9.2266,0.8016,0.0045
2045,20982 Esec Forte SCTASK7649659_Amendment Agreement (2)_copy_138.pdf,0.0719,9.2305,0.8013,0.0045
2046,20982 Esec Forte SCTASK7649659_Amendment Agreement (2)_copy_139.pdf,0.1026,9.2344,0.8009,0.0045
2047,20982 Esec Forte SCTASK7649659_Amendment Agreement (2)_copy_14.pdf,0.126,9.2383,0.8006,0.0045
2048,20982 Esec Forte SCTASK7649659_Amendment Agreement (2)_copy_140.pdf,0.1302,9.2422,0.8003,0.0045
2049,20982 Esec Forte SCTASK7649659_Amendment Agreement (2)_copy_141.pdf,0.1002,9.25,0.7999,0.0045
2050,20982 Esec Forte SCTASK7649659_Amendment Agreement (2)_copy_142.pdf,0.0852,9.2539,0.7996,0.0045
2051,20982 Esec Forte SCTASK7649659_Amendment Agreement (2)_copy_143.pdf,0.1016,9.2578,0.7992,0.0045
2052,20982 Esec Forte SCTASK7649659_Amendment Agreement (2)_copy_144.pdf,0.1124,9.2617,0.7989,0.0045
2053,20982 Esec Forte SCTASK7649659_Amendment Agreement (2)_copy_145.pdf,0.1292,9.2656,0.7986,0.0045
2054,20982 Esec Forte SCTASK7649659_Amendment Agreement (2)_copy_146.pdf,0.1034,9.2695,0.7982,0.0045
2055,20982 Esec Forte SCTASK7649659_Amendment Agreement (2)_copy_147.pdf,0.0881,9.2734,0.7979,0.0045
2056,20982 Esec Forte SCTASK7649659_Amendment Agreement (2)_copy_148.pdf,0.1233,9.2773,0.7976,0.0045
2057,20982 Esec Forte SCTASK7649659_Amendment Agreement (2)_copy_149.pdf,0.1037,9.2852,0.7972,0.0045
2058,20982 Esec Forte SCTASK7649659_Amendment Agreement (2)_copy_15.pdf,0.1214,9.2891,0.7969,0.0045
2059,20982 Esec Forte SCTASK7649659_Amendment Agreement (2)_copy_150.pdf,0.1362,9.293,0.7966,0.0045
2060,20982 Esec Forte SCTASK7649659_Amendment Agreement (2)_copy_151.pdf,0.1417,9.3008,0.7962,0.0045
2061,20982 Esec Forte SCTASK7649659_Amendment Agreement (2)_copy_152.pdf,0.1194,9.3047,0.7959,0.0045
2062,20982 Esec Forte SCTASK7649659_Amendment Agreement (2)_copy_153.pdf,0.1589,9.3086,0.7956,0.0045
2063,20982 Esec Forte SCTASK7649659_Amendment Agreement (2)_copy_154.pdf,0.141,9.3125,0.7953,0.0045
2064,20982 Esec Forte SCTASK7649659_Amendment Agreement (2)_copy_155.pdf,0.1737,9.3164,0.795,0.0045
2065,20982 Esec Forte SCTASK7649659_Amendment Agreement (2)_copy_156.pdf,0.1797,9.3242,0.7947,0.0045
2066,20982 Esec Forte SCTASK7649659_Amendment Agreement (2)_copy_157.pdf,0.1683,9.3281,0.7944,0.0045
2067,20982 Esec Forte SCTASK7649659_Amendment Agreement (2)_copy_158.pdf,0.1651,9.332,0.7941,0.0045
2068,20982 Esec Forte SCTASK7649659_Amendment Agreement (2)_copy_159.pdf,0.1819,9.3359,0.7938,0.0045
2069,20982 Esec Forte SCTASK7649659_Amendment Agreement (2)_copy_16.pdf,0.1863,9.3398,0.7935,0.0045
2070,20982 Esec Forte SCTASK7649659_Amendment Agreement (2)_copy_160.pdf,0.1739,9.3438,0.7932,0.0045
2071,20982 Esec Forte SCTASK7649659_Amendment Agreement (2)_copy_161.pdf,0.185,9.3477,0.7929,0.0045
2072,20982 Esec Forte SCTASK7649659_Amendment Agreement (2)_copy_162.pdf,0.1898,9.3516,0.7926,0.0045
2073,20982 Esec Forte SCTASK7649659_Amendment Agreement (2)_copy_163.pdf,0.1826,9.3594,0.7923,0.0045
2074,20982 Esec Forte SCTASK7649659_Amendment Agreement (2)_copy_164.pdf,0.1907,9.3633,0.792,0.0045
2075,20982 Esec Forte SCTASK7649659_Amendment Agreement (2)_copy_165.pdf,0.1853,9.3672,0.7917,0.0045
2076,20982 Esec Forte SCTASK7649659_Amendment Agreement (2)_copy_166.pdf,0.1913,9.3711,0.7914,0.0045
2077,20982 Esec Forte SCTASK7649659_Amendment Agreement (2)_copy_167.pdf,0.1838,9.375,0.7912,0.0045
2078,20982 Esec Forte SCTASK7649659_Amendment Agreement (2)_copy_168.pdf,0.1537,9.3789,0.7908,0.0045
2079,20982 Esec Forte SCTASK7649659_Amendment Agreement (2)_copy_169.pdf,0.1667,9.3828,0.7905,0.0045
2080,20982 Esec Forte SCTASK7649659_Amendment Agreement (2)_copy_17.pdf,0.1638,9.3867,0.7902,0.0045
2081,20982 Esec Forte SCTASK7649659_Amendment Agreement (2)_copy_170.pdf,0.1699,9.3945,0.7899,0.0045
2082,20982 Esec Forte SCTASK7649659_Amendment Agreement (2)_copy_171.pdf,0.1881,9.3984,0.7897,0.0045
2083,20982 Esec Forte SCTASK7649659_Amendment Agreement (2)_copy_172.pdf,0.1523,9.4023,0.7894,0.0045
2084,20982 Esec Forte SCTASK7649659_Amendment Agreement (2)_copy_173.pdf,0.1339,9.4062,0.789,0.0045
2085,20982 Esec Forte SCTASK7649659_Amendment Agreement (2)_copy_174.pdf,0.1307,9.4102,0.7887,0.0045
2086,20982 Esec Forte SCTASK7649659_Amendment Agreement (2)_copy_175.pdf,0.1067,9.4141,0.7884,0.0045
2087,20982 Esec Forte SCTASK7649659_Amendment Agreement (2)_copy_176.pdf,0.1069,9.418,0.7881,0.0045
2088,20982 Esec Forte SCTASK7649659_Amendment Agreement (2)_copy_177.pdf,0.1369,9.4219,0.7878,0.0045
2089,20982 Esec Forte SCTASK7649659_Amendment Agreement (2)_copy_178.pdf,0.1136,9.4297,0.7874,0.0045
2090,20982 Esec Forte SCTASK7649659_Amendment Agreement (2)_copy_179.pdf,0.1525,9.4336,0.7871,0.0045
2091,20982 Esec Forte SCTASK7649659_Amendment Agreement (2)_copy_18.pdf,0.1316,9.4375,0.7868,0.0045
2092,20982 Esec Forte SCTASK7649659_Amendment Agreement (2)_copy_180.pdf,0.1284,9.4414,0.7865,0.0045
2093,20982 Esec Forte SCTASK7649659_Amendment Agreement (2)_copy_181.pdf,0.1362,9.4453,0.7862,0.0045
2094,20982 Esec Forte SCTASK7649659_Amendment Agreement (2)_copy_182.pdf,0.1429,9.4492,0.7859,0.0045
2095,20982 Esec Forte SCTASK7649659_Amendment Agreement (2)_copy_183.pdf,0.1586,9.4531,0.7856,0.0045
2096,20982 Esec Forte SCTASK7649659_Amendment Agreement (2)_copy_184.pdf,0.1212,9.457,0.7853,0.0045
2097,20982 Esec Forte SCTASK7649659_Amendment Agreement (2)_copy_185.pdf,0.1049,9.4648,0.7849,0.0045
2098,20982 Esec Forte SCTASK7649659_Amendment Agreement (2)_copy_186.pdf,0.1116,9.4688,0.7846,0.0045
2099,20982 Esec Forte SCTASK7649659_Amendment Agreement (2)_copy_187.pdf,0.143,9.4727,0.7843,0.0045
2100,20982 Esec Forte SCTASK7649659_Amendment Agreement (2)_copy_188.pdf,0.112,9.4766,0.784,0.0045
2101,20982 Esec Forte SCTASK7649659_Amendment Agreement (2)_copy_189.pdf,0.1469,9.4805,0.7837,0.0045
2102,20982 Esec Forte SCTASK7649659_Amendment Agreement (2)_copy_19.pdf,0.1551,9.4844,0.7834,0.0045
2103,20982 Esec Forte SCTASK7649659_Amendment Agreement (2)_copy_190.pdf,0.1687,9.4883,0.7831,0.0045
2104,20982 Esec Forte SCTASK7649659_Amendment Agreement (2)_copy_191.pdf,0.1594,9.4922,0.7828,0.0045
2105,20982 Esec Forte SCTASK7649659_Amendment Agreement (2)_copy_192.pdf,0.1661,9.5,0.7825,0.0045
2106,20982 Esec Forte SCTASK7649659_Amendment Agreement (2)_copy_193.pdf,0.1809,9.5039,0.7822,0.0045
2107,20982 Esec Forte SCTASK7649659_Amendment Agreement (2)_copy_194.pdf,0.1443,9.5078,0.7819,0.0045
2108,20982 Esec Forte SCTASK7649659_Amendment Agreement (2)_copy_195.pdf,0.1618,9.5156,0.7816,0.0045
2109,20982 Esec Forte SCTASK7649659_Amendment Agreement (2)_copy_196.pdf,0.1707,9.5195,0.7813,0.0045
2110,20982 Esec Forte SCTASK7649659_Amendment Agreement (2)_copy_197.pdf,0.1913,9.5234,0.7811,0.0045
2111,20982 Esec Forte SCTASK7649659_Amendment Agreement (2)_copy_198.pdf,0.179,9.5273,0.7808,0.0045
2112,20982 Esec Forte SCTASK7649659_Amendment Agreement (2)_copy_199.pdf,0.1706,9.5312,0.7805,0.0045
2113,20982 Esec Forte SCTASK7649659_Amendment Agreement (2)_copy_2.pdf,0.1546,9.5391,0.7802,0.0045
2114,20982 Esec Forte SCTASK7649659_Amendment Agreement (2)_copy_20.pdf,0.1687,9.543,0.7799,0.0045
2115,20982 Esec Forte SCTASK7649659_Amendment Agreement (2)_copy_200.pdf,0.1846,9.5469,0.7796,0.0045
2116,20982 Esec Forte SCTASK7649659_Amendment Agreement (2)_copy_201.pdf,0.1687,9.5508,0.7793,0.0045
2117,20982 Esec Forte SCTASK7649659_Amendment Agreement (2)_copy_202.pdf,0.1779,9.5547,0.779,0.0045
2118,20982 Esec Forte SCTASK7649659_Amendment Agreement (2)_copy_203.pdf,0.1923,9.5586,0.7788,0.0045
2119,20982 Esec Forte SCTASK7649659_Amendment Agreement (2)_copy_204.pdf,0.1499,9.5625,0.7785,0.0045
2120,20982 Esec Forte SCTASK7649659_Amendment Agreement (2)_copy_205.pdf,0.174,9.5664,0.7782,0.0045
2121,20982 Esec Forte SCTASK7649659_Amendment Agreement (2)_copy_206.pdf,0.1783,9.5742,0.7779,0.0045
2122,20982 Esec Forte SCTASK7649659_Amendment Agreement (2)_copy_207.pdf,0.1517,9.5781,0.7776,0.0045
2123,20982 Esec Forte SCTASK7649659_Amendment Agreement (2)_copy_208.pdf,0.1494,9.582,0.7773,0.0045
2124,20982 Esec Forte SCTASK7649659_Amendment Agreement (2)_copy_209.pdf,0.1395,9.5859,0.777,0.0045
2125,20982 Esec Forte SCTASK7649659_Amendment Agreement (2)_copy_21.pdf,0.1388,9.5898,0.7767,0.0045
2126,20982 Esec Forte SCTASK7649659_Amendment Agreement (2)_copy_210.pdf,0.1166,9.5938,0.7764,0.0045
2127,20982 Esec Forte SCTASK7649659_Amendment Agreement (2)_copy_211.pdf,0.0972,9.5977,0.7761,0.0045
2128,20982 Esec Forte SCTASK7649659_Amendment Agreement (2)_copy_212.pdf,0.1034,9.6016,0.7758,0.0045
2129,20982 Esec Forte SCTASK7649659_Amendment Agreement (2)_copy_213.pdf,0.1125,9.6094,0.7755,0.0045
2130,20982 Esec Forte SCTASK7649659_Amendment Agreement (2)_copy_214.pdf,0.1552,9.6133,0.7752,0.0045
2131,20982 Esec Forte SCTASK7649659_Amendment Agreement (2)_copy_215.pdf,0.1128,9.6172,0.7749,0.0045
2132,20982 Esec Forte SCTASK7649659_Amendment Agreement (2)_copy_216.pdf,0.1087,9.6211,0.7745,0.0045
2133,20982 Esec Forte SCTASK7649659_Amendment Agreement (2)_copy_217.pdf,0.1401,9.625,0.7742,0.0045
2134,20982 Esec Forte SCTASK7649659_Amendment Agreement (2)_copy_218.pdf,0.1279,9.6289,0.7739,0.0045
2135,20982 Esec Forte SCTASK7649659_Amendment Agreement (2)_copy_219.pdf,0.15,9.6328,0.7736,0.0045
2136,20982 Esec Forte SCTASK7649659_Amendment Agreement (2)_copy_22.pdf,0.1731,9.6367,0.7734,0.0045
2137,20982 Esec Forte SCTASK7649659_Amendment Agreement (2)_copy_220.pdf,0.1886,9.6445,0.7731,0.0045
2138,20982 Esec Forte SCTASK7649659_Amendment Agreement (2)_copy_221.pdf,0.1614,9.6484,0.7728,0.0045
2139,20982 Esec Forte SCTASK7649659_Amendment Agreement (2)_copy_222.pdf,0.1701,9.6523,0.7725,0.0045
2140,20982 Esec Forte SCTASK7649659_Amendment Agreement (2)_copy_223.pdf,0.1806,9.6562,0.7723,0.0045
2141,20982 Esec Forte SCTASK7649659_Amendment Agreement (2)_copy_224.pdf,0.1699,9.6602,0.772,0.0045
2142,20982 Esec Forte SCTASK7649659_Amendment Agreement (2)_copy_225.pdf,0.1883,9.6641,0.7717,0.0045
2143,20982 Esec Forte SCTASK7649659_Amendment Agreement (2)_copy_226.pdf,0.1907,9.668,0.7714,0.0045
2144,20982 Esec Forte SCTASK7649659_Amendment Agreement (2)_copy_227.pdf,0.1761,9.6719,0.7711,0.0045
2145,20982 Esec Forte SCTASK7649659_Amendment Agreement (2)_copy_228.pdf,0.1919,9.6797,0.7709,0.0045
2146,20982 Esec Forte SCTASK7649659_Amendment Agreement (2)_copy_229.pdf,0.1757,9.6836,0.7706,0.0045
2147,20982 Esec Forte SCTASK7649659_Amendment Agreement (2)_copy_23.pdf,0.1883,9.6875,0.7703,0.0045
2148,20982 Esec Forte SCTASK7649659_Amendment Agreement (2)_copy_230.pdf,0.1851,9.6914,0.7701,0.0045
2149,20982 Esec Forte SCTASK7649659_Amendment Agreement (2)_copy_231.pdf,0.1544,9.6953,0.7698,0.0045
2150,20982 Esec Forte SCTASK7649659_Amendment Agreement (2)_copy_232.pdf,0.1665,9.6992,0.7695,0.0045
2151,20982 Esec Forte SCTASK7649659_Amendment Agreement (2)_copy_233.pdf,0.1886,9.7031,0.7692,0.0045
2152,20982 Esec Forte SCTASK7649659_Amendment Agreement (2)_copy_234.pdf,0.1949,9.707,0.769,0.0045
2153,20982 Esec Forte SCTASK7649659_Amendment Agreement (2)_copy_235.pdf,0.1923,9.7148,0.7687,0.0045
2154,20982 Esec Forte SCTASK7649659_Amendment Agreement (2)_copy_236.pdf,0.1895,9.7188,0.7684,0.0045
2155,20982 Esec Forte SCTASK7649659_Amendment Agreement (2)_copy_237.pdf,0.1894,9.7227,0.7681,0.0045
2156,20982 Esec Forte SCTASK7649659_Amendment Agreement (2)_copy_238.pdf,0.1453,9.7266,0.7679,0.0045
2157,20982 Esec Forte SCTASK7649659_Amendment Agreement (2)_copy_239.pdf,0.1047,9.7344,0.7676,0.0045
2158,20982 Esec Forte SCTASK7649659_Amendment Agreement (2)_copy_24.pdf,0.061,9.7383,0.7672,0.0045
2159,20982 Esec Forte SCTASK7649659_Amendment Agreement (2)_copy_240.pdf,0.0542,9.7422,0.7669,0.0045
2160,20982 Esec Forte SCTASK7649659_Amendment Agreement (2)_copy_241.pdf,0.0552,9.7461,0.7666,0.0045
2161,20982 Esec Forte SCTASK7649659_Amendment Agreement (2)_copy_242.pdf,0.0555,9.7539,0.7662,0.0045
2162,20982 Esec Forte SCTASK7649659_Amendment Agreement (2)_copy_243.pdf,0.0552,9.7578,0.7659,0.0045
2163,20982 Esec Forte SCTASK7649659_Amendment Agreement (2)_copy_244.pdf,0.0531,9.7617,0.7656,0.0045
2164,20982 Esec Forte SCTASK7649659_Amendment Agreement (2)_copy_245.pdf,0.0546,9.7656,0.7652,0.0045
2165,20982 Esec Forte SCTASK7649659_Amendment Agreement (2)_copy_246.pdf,0.0532,9.7695,0.7649,0.0045
2166,20982 Esec Forte SCTASK7649659_Amendment Agreement (2)_copy_247.pdf,0.0519,9.7734,0.7646,0.0045
2167,20982 Esec Forte SCTASK7649659_Amendment Agreement (2)_copy_248.pdf,0.0565,9.7773,0.7643,0.0045
2168,20982 Esec Forte SCTASK7649659_Amendment Agreement (2)_copy_249.pdf,0.0554,9.7812,0.7639,0.0045
2169,20982 Esec Forte SCTASK7649659_Amendment Agreement (2)_copy_25.pdf,0.0535,9.7891,0.7636,0.0045
2170,20982 Esec Forte SCTASK7649659_Amendment Agreement (2)_copy_250.pdf,0.0532,9.793,0.7633,0.0045
2171,20982 Esec Forte SCTASK7649659_Amendment Agreement (2)_copy_251.pdf,0.0543,9.7969,0.763,0.0045
2172,20982 Esec Forte SCTASK7649659_Amendment Agreement (2)_copy_252.pdf,0.0534,9.8008,0.7626,0.0045
2173,20982 Esec Forte SCTASK7649659_Amendment Agreement (2)_copy_253.pdf,0.0501,9.8047,0.7623,0.0045
2174,20982 Esec Forte SCTASK7649659_Amendment Agreement (2)_copy_254.pdf,0.0516,9.8086,0.762,0.0045
2175,20982 Esec Forte SCTASK7649659_Amendment Agreement (2)_copy_255.pdf,0.052,9.8125,0.7616,0.0045
2176,20982 Esec Forte SCTASK7649659_Amendment Agreement (2)_copy_256.pdf,0.0514,9.8164,0.7613,0.0045
2177,20982 Esec Forte SCTASK7649659_Amendment Agreement (2)_copy_257.pdf,0.0532,9.8242,0.761,0.0045
2178,20982 Esec Forte SCTASK7649659_Amendment Agreement (2)_copy_258.pdf,0.0491,9.8281,0.7607,0.0045
2179,20982 Esec Forte SCTASK7649659_Amendment Agreement (2)_copy_259.pdf,0.052,9.832,0.7603,0.0045
2180,20982 Esec Forte SCTASK7649659_Amendment Agreement (2)_copy_26.pdf,0.051,9.8359,0.76,0.0045
2181,20982 Esec Forte SCTASK7649659_Amendment Agreement (2)_copy_260.pdf,0.0506,9.8398,0.7597,0.0045
2182,20982 Esec Forte SCTASK7649659_Amendment Agreement (2)_copy_261.pdf,0.0515,9.8438,0.7594,0.0045
2183,20982 Esec Forte SCTASK7649659_Amendment Agreement (2)_copy_262.pdf,0.065,9.8477,0.759,0.0045
2184,20982 Esec Forte SCTASK7649659_Amendment Agreement (2)_copy_263.pdf,0.0523,9.8516,0.7587,0.0045
2185,20982 Esec Forte SCTASK7649659_Amendment Agreement (2)_copy_264.pdf,0.0525,9.8594,0.7584,0.0045
2186,20982 Esec Forte SCTASK7649659_Amendment Agreement (2)_copy_265.pdf,0.0514,9.8633,0.7581,0.0045
2187,20982 Esec Forte SCTASK7649659_Amendment Agreement (2)_copy_266.pdf,0.0524,9.8672,0.7578,0.0045
2188,20982 Esec Forte SCTASK7649659_Amendment Agreement (2)_copy_267.pdf,0.0509,9.8711,0.7574,0.0045
2189,20982 Esec Forte SCTASK7649659_Amendment Agreement (2)_copy_268.pdf,0.0558,9.875,0.7571,0.0045
2190,20982 Esec Forte SCTASK7649659_Amendment Agreement (2)_copy_269.pdf,0.0531,9.8789,0.7568,0.0045
2191,20982 Esec Forte SCTASK7649659_Amendment Agreement (2)_copy_27.pdf,0.0535,9.8828,0.7565,0.0045
2192,20982 Esec Forte SCTASK7649659_Amendment Agreement (2)_copy_270.pdf,0.0519,9.8867,0.7561,0.0045
2193,20982 Esec Forte SCTASK7649659_Amendment Agreement (2)_copy_271.pdf,0.0517,9.8945,0.7558,0.0045
2194,20982 Esec Forte SCTASK7649659_Amendment Agreement (2)_copy_272.pdf,0.0524,9.8984,0.7555,0.0045
2195,20982 Esec Forte SCTASK7649659_Amendment Agreement (2)_copy_273.pdf,0.0531,9.9023,0.7552,0.0045
2196,20982 Esec Forte SCTASK7649659_Amendment Agreement (2)_copy_274.pdf,0.0528,9.9062,0.7549,0.0045
2197,20982 Esec Forte SCTASK7649659_Amendment Agreement (2)_copy_275.pdf,0.0546,9.9102,0.7545,0.0045
2198,20982 Esec Forte SCTASK7649659_Amendment Agreement (2)_copy_276.pdf,0.0552,9.9141,0.7542,0.0045
2199,20982 Esec Forte SCTASK7649659_Amendment Agreement (2)_copy_277.pdf,0.0542,9.918,0.7539,0.0045
2200,20982 Esec Forte SCTASK7649659_Amendment Agreement (2)_copy_278.pdf,0.0682,9.9219,0.7536,0.0045
2201,20982 Esec Forte SCTASK7649659_Amendment Agreement (2)_copy_279.pdf,0.0532,9.9297,0.7533,0.0045
2202,20982 Esec Forte SCTASK7649659_Amendment Agreement (2)_copy_28.pdf,0.0538,9.9336,0.753,0.0045
2203,20982 Esec Forte SCTASK7649659_Amendment Agreement (2)_copy_280.pdf,0.0542,9.9375,0.7526,0.0045
2204,20982 Esec Forte SCTASK7649659_Amendment Agreement (2)_copy_281.pdf,0.054,9.9414,0.7523,0.0045
2205,20982 Esec Forte SCTASK7649659_Amendment Agreement (2)_copy_282.pdf,0.0599,9.9492,0.752,0.0045
2206,20982 Esec Forte SCTASK7649659_Amendment Agreement (2)_copy_283.pdf,0.0577,9.9531,0.7517,0.0045
2207,20982 Esec Forte SCTASK7649659_Amendment Agreement (2)_copy_284.pdf,0.0559,9.957,0.7514,0.0045
2208,20982 Esec Forte SCTASK7649659_Amendment Agreement (2)_copy_285.pdf,0.0545,9.9609,0.7511,0.0045
2209,20982 Esec Forte SCTASK7649659_Amendment Agreement (2)_copy_286.pdf,0.0553,9.9688,0.7508,0.0045
2210,20982 Esec Forte SCTASK7649659_Amendment Agreement (2)_copy_287.pdf,0.0565,9.9727,0.7504,0.0045
2211,20982 Esec Forte SCTASK7649659_Amendment Agreement (2)_copy_288.pdf,0.0549,9.9766,0.7501,0.0045
2212,20982 Esec Forte SCTASK7649659_Amendment Agreement (2)_copy_289.pdf,0.0557,9.9805,0.7498,0.0045
2213,20982 Esec Forte SCTASK7649659_Amendment Agreement (2)_copy_29.pdf,0.0543,9.9844,0.7495,0.0045
2214,20982 Esec Forte SCTASK7649659_Amendment Agreement (2)_copy_290.pdf,0.057,9.9883,0.7492,0.0045
2215,20982 Esec Forte SCTASK7649659_Amendment Agreement (2)_copy_291.pdf,0.0845,9.9922,0.7489,0.0045
2216,20982 Esec Forte SCTASK7649659_Amendment Agreement (2)_copy_292.pdf,0.0578,9.9961,0.7486,0.0045
2217,20982 Esec Forte SCTASK7649659_Amendment Agreement (2)_copy_293.pdf,0.0556,10.0039,0.7483,0.0045
2218,20982 Esec Forte SCTASK7649659_Amendment Agreement (2)_copy_294.pdf,0.0552,10.0078,0.7479,0.0045
2219,20982 Esec Forte SCTASK7649659_Amendment Agreement (2)_copy_295.pdf,0.0567,10.0117,0.7476,0.0045
2220,20982 Esec Forte SCTASK7649659_Amendment Agreement (2)_copy_296.pdf,0.0558,10.0156,0.7473,0.0045
2221,20982 Esec Forte SCTASK7649659_Amendment Agreement (2)_copy_297.pdf,0.0553,10.0195,0.747,0.0045
2222,20982 Esec Forte SCTASK7649659_Amendment Agreement (2)_copy_298.pdf,0.0567,10.0234,0.7467,0.0045
2223,20982 Esec Forte SCTASK7649659_Amendment Agreement (2)_copy_299.pdf,0.0588,10.0273,0.7464,0.0045
2224,20982 Esec Forte SCTASK7649659_Amendment Agreement (2)_copy_3.pdf,0.0564,10.0312,0.7461,0.0045
2225,20982 Esec Forte SCTASK7649659_Amendment Agreement (2)_copy_30.pdf,0.0557,10.0391,0.7458,0.0045
2226,20982 Esec Forte SCTASK7649659_Amendment Agreement (2)_copy_300.pdf,0.0558,10.043,0.7455,0.0045
2227,20982 Esec Forte SCTASK7649659_Amendment Agreement (2)_copy_301.pdf,0.0548,10.0469,0.7452,0.0045
2228,20982 Esec Forte SCTASK7649659_Amendment Agreement (2)_copy_302.pdf,0.0571,10.0508,0.7448,0.0045
2229,20982 Esec Forte SCTASK7649659_Amendment Agreement (2)_copy_303.pdf,0.0526,10.0547,0.7445,0.0045
2230,20982 Esec Forte SCTASK7649659_Amendment Agreement (2)_copy_304.pdf,0.0562,10.0586,0.7442,0.0045
2231,20982 Esec Forte SCTASK7649659_Amendment Agreement (2)_copy_305.pdf,0.0563,10.0625,0.7439,0.0045
2232,20982 Esec Forte SCTASK7649659_Amendment Agreement (2)_copy_306.pdf,0.0575,10.0664,0.7436,0.0045
2233,20982 Esec Forte SCTASK7649659_Amendment Agreement (2)_copy_307.pdf,0.0573,10.0742,0.7433,0.0045
2234,20982 Esec Forte SCTASK7649659_Amendment Agreement (2)_copy_308.pdf,0.0561,10.0781,0.743,0.0045
2235,20982 Esec Forte SCTASK7649659_Amendment Agreement (2)_copy_309.pdf,0.0554,10.082,0.7427,0.0045
2236,20982 Esec Forte SCTASK7649659_Amendment Agreement (2)_copy_31.pdf,0.0563,10.0859,0.7424,0.0045
2237,20982 Esec Forte SCTASK7649659_Amendment Agreement (2)_copy_310.pdf,0.0557,10.0898,0.7421,0.0045
2238,20982 Esec Forte SCTASK7649659_Amendment Agreement (2)_copy_311.pdf,0.0566,10.0938,0.7418,0.0045
2239,20982 Esec Forte SCTASK7649659_Amendment Agreement (2)_copy_312.pdf,0.056,10.0977,0.7415,0.0045
2240,20982 Esec Forte SCTASK7649659_Amendment Agreement (2)_copy_313.pdf,0.0569,10.1016,0.7412,0.0045
2241,20982 Esec Forte SCTASK7649659_Amendment Agreement (2)_copy_314.pdf,0.0604,10.1094,0.7409,0.0045
2242,20982 Esec Forte SCTASK7649659_Amendment Agreement (2)_copy_315.pdf,0.0603,10.1133,0.7405,0.0045
2243,20982 Esec Forte SCTASK7649659_Amendment Agreement (2)_copy_316.pdf,0.0564,10.1172,0.7402,0.0045
2244,20982 Esec Forte SCTASK7649659_Amendment Agreement (2)_copy_317.pdf,0.0574,10.1211,0.7399,0.0045
2245,20982 Esec Forte SCTASK7649659_Amendment Agreement (2)_copy_318.pdf,0.059,10.125,0.7396,0.0045
2246,20982 Esec Forte SCTASK7649659_Amendment Agreement (2)_copy_319.pdf,0.0869,10.1289,0.7393,0.0045
2247,20982 Esec Forte SCTASK7649659_Amendment Agreement (2)_copy_32.pdf,0.0579,10.1328,0.739,0.0045
2248,20982 Esec Forte SCTASK7649659_Amendment Agreement (2)_copy_320.pdf,0.0574,10.1367,0.7387,0.0045
2249,20982 Esec Forte SCTASK7649659_Amendment Agreement (2)_copy_321.pdf,0.0582,10.1445,0.7384,0.0045
2250,20982 Esec Forte SCTASK7649659_Amendment Agreement (2)_copy_322.pdf,0.0743,10.1484,0.7381,0.0045
2251,20982 Esec Forte SCTASK7649659_Amendment Agreement (2)_copy_323.pdf,0.067,10.1523,0.7378,0.0045
2252,20982 Esec Forte SCTASK7649659_Amendment Agreement (2)_copy_324.pdf,0.0683,10.1562,0.7375,0.0045
2253,20982 Esec Forte SCTASK7649659_Amendment Agreement (2)_copy_325.pdf,0.0681,10.1641,0.7372,0.0045
2254,20982 Esec Forte SCTASK7649659_Amendment Agreement (2)_copy_326.pdf,0.0687,10.168,0.737,0.0045
2255,20982 Esec Forte SCTASK7649659_Amendment Agreement (2)_copy_327.pdf,0.0678,10.1719,0.7367,0.0045
2256,20982 Esec Forte SCTASK7649659_Amendment Agreement (2)_copy_328.pdf,0.0877,10.1758,0.7364,0.0045
2257,20982 Esec Forte SCTASK7649659_Amendment Agreement (2)_copy_329.pdf,0.0875,10.1836,0.7361,0.0045
2258,20982 Esec Forte SCTASK7649659_Amendment Agreement (2)_copy_33.pdf,0.0827,10.1875,0.7358,0.0045
2259,20982 Esec Forte SCTASK7649659_Amendment Agreement (2)_copy_330.pdf,0.0805,10.1914,0.7355,0.0045
2260,20982 Esec Forte SCTASK7649659_Amendment Agreement (2)_copy_331.pdf,0.0982,10.1953,0.7352,0.0045
2261,20982 Esec Forte SCTASK7649659_Amendment Agreement (2)_copy_332.pdf,0.1031,10.1992,0.7349,0.0045
2262,20982 Esec Forte SCTASK7649659_Amendment Agreement (2)_copy_333.pdf,0.0958,10.2031,0.7347,0.0045
2263,20982 Esec Forte SCTASK7649659_Amendment Agreement (2)_copy_334.pdf,0.0914,10.207,0.7344,0.0045
2264,20982 Esec Forte SCTASK7649659_Amendment Agreement (2)_copy_335.pdf,0.0895,10.2109,0.7341,0.0045
2265,20982 Esec Forte SCTASK7649659_Amendment Agreement (2)_copy_336.pdf,0.087,10.2188,0.7338,0.0045
2266,20982 Esec Forte SCTASK7649659_Amendment Agreement (2)_copy_337.pdf,0.0871,10.2227,0.7335,0.0045
2267,20982 Esec Forte SCTASK7649659_Amendment Agreement (2)_copy_338.pdf,0.0822,10.2266,0.7332,0.0045
2268,20982 Esec Forte SCTASK7649659_Amendment Agreement (2)_copy_339.pdf,0.0853,10.2305,0.7329,0.0045
2269,20982 Esec Forte SCTASK7649659_Amendment Agreement (2)_copy_34.pdf,0.0863,10.2344,0.7327,0.0045
2270,20982 Esec Forte SCTASK7649659_Amendment Agreement (2)_copy_340.pdf,0.0875,10.2383,0.7324,0.0045
2271,20982 Esec Forte SCTASK7649659_Amendment Agreement (2)_copy_341.pdf,0.0966,10.2422,0.7321,0.0045
2272,20982 Esec Forte SCTASK7649659_Amendment Agreement (2)_copy_342.pdf,0.0991,10.2461,0.7318,0.0045
2273,20982 Esec Forte SCTASK7649659_Amendment Agreement (2)_copy_343.pdf,0.0938,10.2539,0.7315,0.0045
2274,20982 Esec Forte SCTASK7649659_Amendment Agreement (2)_copy_344.pdf,0.0951,10.2578,0.7313,0.0045
2275,20982 Esec Forte SCTASK7649659_Amendment Agreement (2)_copy_345.pdf,0.09,10.2617,0.731,0.0045
2276,20982 Esec Forte SCTASK7649659_Amendment Agreement (2)_copy_346.pdf,0.0958,10.2656,0.7307,0.0045
2277,20982 Esec Forte SCTASK7649659_Amendment Agreement (2)_copy_347.pdf,0.0891,10.2695,0.7304,0.0045
2278,20982 Esec Forte SCTASK7649659_Amendment Agreement (2)_copy_348.pdf,0.0861,10.2734,0.7301,0.0045
2279,20982 Esec Forte SCTASK7649659_Amendment Agreement (2)_copy_349.pdf,0.0866,10.2773,0.7298,0.0045
2280,20982 Esec Forte SCTASK7649659_Amendment Agreement (2)_copy_35.pdf,0.0824,10.2812,0.7296,0.0045
2281,20982 Esec Forte SCTASK7649659_Amendment Agreement (2)_copy_350.pdf,0.0835,10.2891,0.7293,0.0045
2282,20982 Esec Forte SCTASK7649659_Amendment Agreement (2)_copy_351.pdf,0.1026,10.293,0.729,0.0045
2283,20982 Esec Forte SCTASK7649659_Amendment Agreement (2)_copy_352.pdf,0.1018,10.2969,0.7287,0.0045
2284,20982 Esec Forte SCTASK7649659_Amendment Agreement (2)_copy_353.pdf,0.0953,10.3008,0.7285,0.0045
2285,20982 Esec Forte SCTASK7649659_Amendment Agreement (2)_copy_354.pdf,0.0922,10.3047,0.7282,0.0045
2286,20982 Esec Forte SCTASK7649659_Amendment Agreement (2)_copy_355.pdf,0.0969,10.3086,0.7279,0.0045
2287,20982 Esec Forte SCTASK7649659_Amendment Agreement (2)_copy_356.pdf,0.095,10.3125,0.7276,0.0045
2288,20982 Esec Forte SCTASK7649659_Amendment Agreement (2)_copy_357.pdf,0.0893,10.3164,0.7273,0.0045
2289,20982 Esec Forte SCTASK7649659_Amendment Agreement (2)_copy_358.pdf,0.0883,10.3242,0.7271,0.0045
2290,20982 Esec Forte SCTASK7649659_Amendment Agreement (2)_copy_359.pdf,0.0844,10.3281,0.7268,0.0045
2291,20982 Esec Forte SCTASK7649659_Amendment Agreement (2)_copy_36.pdf,0.0829,10.332,0.7265,0.0045
2292,20982 Esec Forte SCTASK7649659_Amendment Agreement (2)_copy_360.pdf,0.0842,10.3359,0.7262,0.0045
2293,20982 Esec Forte SCTASK7649659_Amendment Agreement (2)_copy_361.pdf,0.0878,10.3398,0.7259,0.0045
2294,20982 Esec Forte SCTASK7649659_Amendment Agreement (2)_copy_362.pdf,0.086,10.3438,0.7257,0.0045
2295,20982 Esec Forte SCTASK7649659_Amendment Agreement (2)_copy_363.pdf,0.0896,10.3477,0.7254,0.0045
2296,20982 Esec Forte SCTASK7649659_Amendment Agreement (2)_copy_364.pdf,0.0928,10.3516,0.7251,0.0045
2297,20982 Esec Forte SCTASK7649659_Amendment Agreement (2)_copy_365.pdf,0.0898,10.3594,0.7248,0.0045
2298,20982 Esec Forte SCTASK7649659_Amendment Agreement (2)_copy_366.pdf,0.0855,10.3633,0.7246,0.0045
2299,20982 Esec Forte SCTASK7649659_Amendment Agreement (2)_copy_367.pdf,0.1061,10.3672,0.7243,0.0045
2300,20982 Esec Forte SCTASK7649659_Amendment Agreement (2)_copy_368.pdf,0.0914,10.3711,0.724,0.0045
2301,20982 Esec Forte SCTASK7649659_Amendment Agreement (2)_copy_369.pdf,0.0927,10.3789,0.7237,0.0045
2302,20982 Esec Forte SCTASK7649659_Amendment Agreement (2)_copy_37.pdf,0.0881,10.3828,0.7235,0.0045
2303,20982 Esec Forte SCTASK7649659_Amendment Agreement (2)_copy_370.pdf,0.0871,10.3867,0.7232,0.0045
2304,20982 Esec Forte SCTASK7649659_Amendment Agreement (2)_copy_371.pdf,0.09,10.3906,0.7229,0.0045
2305,20982 Esec Forte SCTASK7649659_Amendment Agreement (2)_copy_372.pdf,0.0889,10.3984,0.7226,0.0045
2306,20982 Esec Forte SCTASK7649659_Amendment Agreement (2)_copy_373.pdf,0.0938,10.4023,0.7224,0.0045
2307,20982 Esec Forte SCTASK7649659_Amendment Agreement (2)_copy_374.pdf,0.0959,10.4062,0.7221,0.0045
2308,20982 Esec Forte SCTASK7649659_Amendment Agreement (2)_copy_375.pdf,0.0981,10.4102,0.7218,0.0045
2309,20982 Esec Forte SCTASK7649659_Amendment Agreement (2)_copy_376.pdf,0.0961,10.4141,0.7215,0.0045
2310,20982 Esec Forte SCTASK7649659_Amendment Agreement (2)_copy_377.pdf,0.0953,10.418,0.7213,0.0045
2311,20982 Esec Forte SCTASK7649659_Amendment Agreement (2)_copy_378.pdf,0.0919,10.4219,0.721,0.0045
2312,20982 Esec Forte SCTASK7649659_Amendment Agreement (2)_copy_379.pdf,0.0877,10.4258,0.7207,0.0045
2313,20982 Esec Forte SCTASK7649659_Amendment Agreement (2)_copy_38.pdf,0.0884,10.4336,0.7205,0.0045
2314,20982 Esec Forte SCTASK7649659_Amendment Agreement (2)_copy_380.pdf,0.0865,10.4375,0.7202,0.0045
2315,20982 Esec Forte SCTASK7649659_Amendment Agreement (2)_copy_381.pdf,0.083,10.4414,0.7199,0.0045
2316,20982 Esec Forte SCTASK7649659_Amendment Agreement (2)_copy_382.pdf,0.0837,10.4453,0.7196,0.0045
2317,20982 Esec Forte SCTASK7649659_Amendment Agreement (2)_copy_383.pdf,0.096,10.4492,0.7194,0.0045
2318,20982 Esec Forte SCTASK7649659_Amendment Agreement (2)_copy_384.pdf,0.0924,10.4531,0.7191,0.0045
2319,20982 Esec Forte SCTASK7649659_Amendment Agreement (2)_copy_385.pdf,0.0941,10.457,0.7188,0.0045
2320,20982 Esec Forte SCTASK7649659_Amendment Agreement (2)_copy_386.pdf,0.0956,10.4609,0.7186,0.0045
2321,20982 Esec Forte SCTASK7649659_Amendment Agreement (2)_copy_387.pdf,0.0939,10.4688,0.7183,0.0045
2322,20982 Esec Forte SCTASK7649659_Amendment Agreement (2)_copy_388.pdf,0.0905,10.4727,0.718,0.0045
2323,20982 Esec Forte SCTASK7649659_Amendment Agreement (2)_copy_389.pdf,0.0891,10.4766,0.7177,0.0045
2324,20982 Esec Forte SCTASK7649659_Amendment Agreement (2)_copy_39.pdf,0.0843,10.4805,0.7175,0.0045
2325,20982 Esec Forte SCTASK7649659_Amendment Agreement (2)_copy_390.pdf,0.0898,10.4844,0.7172,0.0045
2326,20982 Esec Forte SCTASK7649659_Amendment Agreement (2)_copy_391.pdf,0.0873,10.4883,0.7169,0.0045
2327,20982 Esec Forte SCTASK7649659_Amendment Agreement (2)_copy_392.pdf,0.0796,10.4922,0.7167,0.0045
2328,20982 Esec Forte SCTASK7649659_Amendment Agreement (2)_copy_393.pdf,0.1063,10.4961,0.7164,0.0045
2329,20982 Esec Forte SCTASK7649659_Amendment Agreement (2)_copy_394.pdf,0.1055,10.5039,0.7161,0.0045
2330,20982 Esec Forte SCTASK7649659_Amendment Agreement (2)_copy_395.pdf,0.0904,10.5078,0.7159,0.0045
2331,20982 Esec Forte SCTASK7649659_Amendment Agreement (2)_copy_396.pdf,0.0884,10.5117,0.7156,0.0045
2332,20982 Esec Forte SCTASK7649659_Amendment Agreement (2)_copy_397.pdf,0.0987,10.5156,0.7153,0.0045
2333,20982 Esec Forte SCTASK7649659_Amendment Agreement (2)_copy_398.pdf,0.0978,10.5195,0.7151,0.0045
2334,20982 Esec Forte SCTASK7649659_Amendment Agreement (2)_copy_399.pdf,0.0939,10.5234,0.7148,0.0045
2335,20982 Esec Forte SCTASK7649659_Amendment Agreement (2)_copy_4.pdf,0.0987,10.5273,0.7145,0.0045
2336,20982 Esec Forte SCTASK7649659_Amendment Agreement (2)_copy_40.pdf,0.0951,10.5312,0.7143,0.0045
2337,20982 Esec Forte SCTASK7649659_Amendment Agreement (2)_copy_400.pdf,0.0925,10.5391,0.714,0.0045
2338,20982 Esec Forte SCTASK7649659_Amendment Agreement (2)_copy_401.pdf,0.0894,10.543,0.7137,0.0045
2339,20982 Esec Forte SCTASK7649659_Amendment Agreement (2)_copy_402.pdf,0.0889,10.5469,0.7135,0.0045
2340,20982 Esec Forte SCTASK7649659_Amendment Agreement (2)_copy_403.pdf,0.0889,10.5508,0.7132,0.0045
2341,20982 Esec Forte SCTASK7649659_Amendment Agreement (2)_copy_404.pdf,0.084,10.5547,0.7129,0.0045
2342,20982 Esec Forte SCTASK7649659_Amendment Agreement (2)_copy_405.pdf,0.0878,10.5586,0.7127,0.0045
2343,20982 Esec Forte SCTASK7649659_Amendment Agreement (2)_copy_406.pdf,0.0887,10.5625,0.7124,0.0045
2344,20982 Esec Forte SCTASK7649659_Amendment Agreement (2)_copy_407.pdf,0.0861,10.5664,0.7121,0.0045
2345,20982 Esec Forte SCTASK7649659_Amendment Agreement (2)_copy_408.pdf,0.0943,10.5742,0.7119,0.0045
2346,20982 Esec Forte SCTASK7649659_Amendment Agreement (2)_copy_409.pdf,0.1,10.5781,0.7116,0.0045
2347,20982 Esec Forte SCTASK7649659_Amendment Agreement (2)_copy_41.pdf,0.0952,10.582,0.7113,0.0045
2348,20982 Esec Forte SCTASK7649659_Amendment Agreement (2)_copy_410.pdf,0.0959,10.5859,0.7111,0.0045
2349,20982 Esec Forte SCTASK7649659_Amendment Agreement (2)_copy_411.pdf,0.0936,10.5938,0.7108,0.0045
2350,20982 Esec Forte SCTASK7649659_Amendment Agreement (2)_copy_412.pdf,0.0915,10.5977,0.7106,0.0045
2351,20982 Esec Forte SCTASK7649659_Amendment Agreement (2)_copy_413.pdf,0.0935,10.6016,0.7103,0.0045
2352,20982 Esec Forte SCTASK7649659_Amendment Agreement (2)_copy_414.pdf,0.0925,10.6055,0.71,0.0045
2353,20982 Esec Forte SCTASK7649659_Amendment Agreement (2)_copy_415.pdf,0.0922,10.6133,0.7098,0.0045
2354,20982 Esec Forte SCTASK7649659_Amendment Agreement (2)_copy_416.pdf,0.0895,10.6172,0.7095,0.0045
2355,20982 Esec Forte SCTASK7649659_Amendment Agreement (2)_copy_417.pdf,0.0883,10.6211,0.7092,0.0045
2356,20982 Esec Forte SCTASK7649659_Amendment Agreement (2)_copy_418.pdf,0.084,10.625,0.709,0.0045
2357,20982 Esec Forte SCTASK7649659_Amendment Agreement (2)_copy_419.pdf,0.0899,10.6289,0.7087,0.0045
2358,20982 Esec Forte SCTASK7649659_Amendment Agreement (2)_copy_42.pdf,0.0948,10.6328,0.7085,0.0045
2359,20982 Esec Forte SCTASK7649659_Amendment Agreement (2)_copy_420.pdf,0.0993,10.6367,0.7082,0.0045
2360,20982 Esec Forte SCTASK7649659_Amendment Agreement (2)_copy_421.pdf,0.0904,10.6406,0.7079,0.0045
2361,20982 Esec Forte SCTASK7649659_Amendment Agreement (2)_copy_422.pdf,0.0906,10.6484,0.7077,0.0045
2362,20982 Esec Forte SCTASK7649659_Amendment Agreement (2)_copy_423.pdf,0.0908,10.6523,0.7074,0.0045
2363,20982 Esec Forte SCTASK7649659_Amendment Agreement (2)_copy_424.pdf,0.09,10.6562,0.7072,0.0045
2364,20982 Esec Forte SCTASK7649659_Amendment Agreement (2)_copy_425.pdf,0.0861,10.6602,0.7069,0.0045
2365,20982 Esec Forte SCTASK7649659_Amendment Agreement (2)_copy_426.pdf,0.084,10.6641,0.7066,0.0045
2366,20982 Esec Forte SCTASK7649659_Amendment Agreement (2)_copy_427.pdf,0.0853,10.668,0.7064,0.0045
2367,20982 Esec Forte SCTASK7649659_Amendment Agreement (2)_copy_428.pdf,0.0839,10.6719,0.7061,0.0045
2368,20982 Esec Forte SCTASK7649659_Amendment Agreement (2)_copy_429.pdf,0.0846,10.6758,0.7058,0.0045
2369,20982 Esec Forte SCTASK7649659_Amendment Agreement (2)_copy_43.pdf,0.0957,10.6836,0.7056,0.0045
2370,20982 Esec Forte SCTASK7649659_Amendment Agreement (2)_copy_430.pdf,0.0987,10.6875,0.7053,0.0045
2371,20982 Esec Forte SCTASK7649659_Amendment Agreement (2)_copy_431.pdf,0.0915,10.6914,0.7051,0.0045
2372,20982 Esec Forte SCTASK7649659_Amendment Agreement (2)_copy_432.pdf,0.0902,10.6953,0.7048,0.0045
2373,20982 Esec Forte SCTASK7649659_Amendment Agreement (2)_copy_433.pdf,0.0895,10.6992,0.7045,0.0045
2374,20982 Esec Forte SCTASK7649659_Amendment Agreement (2)_copy_434.pdf,0.0933,10.7031,0.7043,0.0045
2375,20982 Esec Forte SCTASK7649659_Amendment Agreement (2)_copy_435.pdf,0.0878,10.707,0.704,0.0045
2376,20982 Esec Forte SCTASK7649659_Amendment Agreement (2)_copy_436.pdf,0.0841,10.7109,0.7038,0.0045
2377,20982 Esec Forte SCTASK7649659_Amendment Agreement (2)_copy_437.pdf,0.0943,10.7188,0.7035,0.0045
2378,20982 Esec Forte SCTASK7649659_Amendment Agreement (2)_copy_438.pdf,0.1011,10.7227,0.7033,0.0045
2379,20982 Esec Forte SCTASK7649659_Amendment Agreement (2)_copy_439.pdf,0.0913,10.7266,0.703,0.0045
2380,20982 Esec Forte SCTASK7649659_Amendment Agreement (2)_copy_44.pdf,0.0987,10.7305,0.7027,0.0045
2381,20982 Esec Forte SCTASK7649659_Amendment Agreement (2)_copy_440.pdf,0.0991,10.7344,0.7025,0.0045
2382,20982 Esec Forte SCTASK7649659_Amendment Agreement (2)_copy_441.pdf,0.0953,10.7383,0.7022,0.0045
2383,20982 Esec Forte SCTASK7649659_Amendment Agreement (2)_copy_442.pdf,0.0927,10.7422,0.702,0.0045
2384,20982 Esec Forte SCTASK7649659_Amendment Agreement (2)_copy_443.pdf,0.0957,10.7461,0.7017,0.0045
2385,20982 Esec Forte SCTASK7649659_Amendment Agreement (2)_copy_444.pdf,0.236,10.7539,0.7015,0.0045
2386,20982 Esec Forte SCTASK7649659_Amendment Agreement (2)_copy_445.pdf,0.1044,10.7578,0.7013,0.0045
2387,20982 Esec Forte SCTASK7649659_Amendment Agreement (2)_copy_446.pdf,0.1076,10.7617,0.701,0.0045
2388,20982 Esec Forte SCTASK7649659_Amendment Agreement (2)_copy_447.pdf,0.1363,10.7656,0.7008,0.0045
2389,20982 Esec Forte SCTASK7649659_Amendment Agreement (2)_copy_448.pdf,0.1263,10.7695,0.7006,0.0045
2390,20982 Esec Forte SCTASK7649659_Amendment Agreement (2)_copy_449.pdf,0.0974,10.7734,0.7003,0.0045
2391,20982 Esec Forte SCTASK7649659_Amendment Agreement (2)_copy_45.pdf,0.0971,10.7773,0.7001,0.0045
2392,20982 Esec Forte SCTASK7649659_Amendment Agreement (2)_copy_450.pdf,0.0927,10.7812,0.6998,0.0045
2393,20982 Esec Forte SCTASK7649659_Amendment Agreement (2)_copy_451.pdf,0.0988,10.7891,0.6996,0.0045
2394,20982 Esec Forte SCTASK7649659_Amendment Agreement (2)_copy_452.pdf,0.0918,10.793,0.6993,0.0045
2395,20982 Esec Forte SCTASK7649659_Amendment Agreement (2)_copy_453.pdf,0.0966,10.7969,0.699,0.0045
2396,20982 Esec Forte SCTASK7649659_Amendment Agreement (2)_copy_454.pdf,0.0938,10.8008,0.6988,0.0045
2397,20982 Esec Forte SCTASK7649659_Amendment Agreement (2)_copy_455.pdf,0.1011,10.8047,0.6985,0.0045
2398,20982 Esec Forte SCTASK7649659_Amendment Agreement (2)_copy_456.pdf,0.0918,10.8125,0.6983,0.0045
2399,20982 Esec Forte SCTASK7649659_Amendment Agreement (2)_copy_457.pdf,0.0938,10.8164,0.698,0.0045
2400,20982 Esec Forte SCTASK7649659_Amendment Agreement (2)_copy_458.pdf,0.0895,10.8203,0.6978,0.0045
2401,20982 Esec Forte SCTASK7649659_Amendment Agreement (2)_copy_459.pdf,0.089,10.8281,0.6975,0.0045
2402,20982 Esec Forte SCTASK7649659_Amendment Agreement (2)_copy_46.pdf,0.091,10.832,0.6973,0.0045
2403,20982 Esec Forte SCTASK7649659_Amendment Agreement (2)_copy_460.pdf,0.1076,10.8359,0.697,0.0045
2404,20982 Esec Forte SCTASK7649659_Amendment Agreement (2)_copy_461.pdf,0.0869,10.8398,0.6968,0.0045
2405,20982 Esec Forte SCTASK7649659_Amendment Agreement (2)_copy_462.pdf,0.0987,10.8438,0.6965,0.0045
2406,20982 Esec Forte SCTASK7649659_Amendment Agreement (2)_copy_463.pdf,0.1025,10.8477,0.6963,0.0045
2407,20982 Esec Forte SCTASK7649659_Amendment Agreement (2)_copy_464.pdf,0.0909,10.8516,0.696,0.0045
2408,20982 Esec Forte SCTASK7649659_Amendment Agreement (2)_copy_465.pdf,0.0914,10.8555,0.6958,0.0045
2409,20982 Esec Forte SCTASK7649659_Amendment Agreement (2)_copy_466.pdf,0.0844,10.8633,0.6955,0.0045
2410,20982 Esec Forte SCTASK7649659_Amendment Agreement (2)_copy_467.pdf,0.086,10.8672,0.6953,0.0045
2411,20982 Esec Forte SCTASK7649659_Amendment Agreement (2)_copy_468.pdf,0.1007,10.8711,0.695,0.0045
2412,20982 Esec Forte SCTASK7649659_Amendment Agreement (2)_copy_469.pdf,0.0984,10.875,0.6948,0.0045
2413,20982 Esec Forte SCTASK7649659_Amendment Agreement (2)_copy_47.pdf,0.0947,10.8789,0.6945,0.0045
2414,20982 Esec Forte SCTASK7649659_Amendment Agreement (2)_copy_470.pdf,0.0923,10.8828,0.6943,0.0045
2415,20982 Esec Forte SCTASK7649659_Amendment Agreement (2)_copy_471.pdf,0.092,10.8867,0.694,0.0045
2416,20982 Esec Forte SCTASK7649659_Amendment Agreement (2)_copy_472.pdf,0.0907,10.8906,0.6938,0.0045
2417,20982 Esec Forte SCTASK7649659_Amendment Agreement (2)_copy_473.pdf,0.0886,10.8984,0.6935,0.0045
2418,20982 Esec Forte SCTASK7649659_Amendment Agreement (2)_copy_474.pdf,0.0839,10.9023,0.6933,0.0045
2419,20982 Esec Forte SCTASK7649659_Amendment Agreement (2)_copy_475.pdf,0.0839,10.9062,0.693,0.0045
2420,20982 Esec Forte SCTASK7649659_Amendment Agreement (2)_copy_476.pdf,0.0788,10.9102,0.6928,0.0045
2421,20982 Esec Forte SCTASK7649659_Amendment Agreement (2)_copy_477.pdf,0.0817,10.9141,0.6925,0.0045
2422,20982 Esec Forte SCTASK7649659_Amendment Agreement (2)_copy_478.pdf,0.1007,10.918,0.6923,0.0045
2423,20982 Esec Forte SCTASK7649659_Amendment Agreement (2)_copy_479.pdf,0.1023,10.9219,0.692,0.0045
2424,20982 Esec Forte SCTASK7649659_Amendment Agreement (2)_copy_48.pdf,0.0923,10.9258,0.6918,0.0045
2425,20982 Esec Forte SCTASK7649659_Amendment Agreement (2)_copy_480.pdf,0.0918,10.9336,0.6915,0.0045
2426,20982 Esec Forte SCTASK7649659_Amendment Agreement (2)_copy_481.pdf,0.0941,10.9375,0.6913,0.0045
2427,20982 Esec Forte SCTASK7649659_Amendment Agreement (2)_copy_482.pdf,0.089,10.9414,0.691,0.0045
2428,20982 Esec Forte SCTASK7649659_Amendment Agreement (2)_copy_483.pdf,0.0889,10.9453,0.6908,0.0045
2429,20982 Esec Forte SCTASK7649659_Amendment Agreement (2)_copy_484.pdf,0.1229,10.9492,0.6906,0.0045
2430,20982 Esec Forte SCTASK7649659_Amendment Agreement (2)_copy_485.pdf,0.1023,10.9531,0.6903,0.0045
2431,20982 Esec Forte SCTASK7649659_Amendment Agreement (2)_copy_486.pdf,0.1147,10.957,0.6901,0.0045
2432,20982 Esec Forte SCTASK7649659_Amendment Agreement (2)_copy_487.pdf,0.1009,10.9609,0.6898,0.0045
2433,20982 Esec Forte SCTASK7649659_Amendment Agreement (2)_copy_488.pdf,0.0996,10.9688,0.6896,0.0045
2434,20982 Esec Forte SCTASK7649659_Amendment Agreement (2)_copy_489.pdf,0.0932,10.9727,0.6894,0.0045
2435,20982 Esec Forte SCTASK7649659_Amendment Agreement (2)_copy_49.pdf,0.0926,10.9766,0.6891,0.0045
2436,20982 Esec Forte SCTASK7649659_Amendment Agreement (2)_copy_490.pdf,0.0909,10.9805,0.6889,0.0045
2437,20982 Esec Forte SCTASK7649659_Amendment Agreement (2)_copy_491.pdf,0.0919,10.9844,0.6886,0.0045
2438,20982 Esec Forte SCTASK7649659_Amendment Agreement (2)_copy_492.pdf,0.0914,10.9883,0.6884,0.0045
2439,20982 Esec Forte SCTASK7649659_Amendment Agreement (2)_copy_493.pdf,0.0863,10.9922,0.6881,0.0045
2440,20982 Esec Forte SCTASK7649659_Amendment Agreement (2)_copy_494.pdf,0.1022,10.9961,0.6879,0.0045
2441,20982 Esec Forte SCTASK7649659_Amendment Agreement (2)_copy_495.pdf,0.0905,11.0039,0.6876,0.0045
2442,20982 Esec Forte SCTASK7649659_Amendment Agreement (2)_copy_496.pdf,0.0929,11.0078,0.6874,0.0045
2443,20982 Esec Forte SCTASK7649659_Amendment Agreement (2)_copy_497.pdf,0.0858,11.0117,0.6872,0.0045
2444,20982 Esec Forte SCTASK7649659_Amendment Agreement (2)_copy_498.pdf,0.0911,11.0156,0.6869,0.0045
2445,20982 Esec Forte SCTASK7649659_Amendment Agreement (2)_copy_499.pdf,0.1028,11.0195,0.6867,0.0045
2446,20982 Esec Forte SCTASK7649659_Amendment Agreement (2)_copy_5.pdf,0.0966,11.0273,0.6864,0.0045
2447,20982 Esec Forte SCTASK7649659_Amendment Agreement (2)_copy_50.pdf,0.0935,11.0312,0.6862,0.0045
2448,20982 Esec Forte SCTASK7649659_Amendment Agreement (2)_copy_500.pdf,0.0913,11.0352,0.6859,0.0045
2449,20982 Esec Forte SCTASK7649659_Amendment Agreement (2)_copy_501.pdf,0.0937,11.043,0.6857,0.0045
2450,20982 Esec Forte SCTASK7649659_Amendment Agreement (2)_copy_502.pdf,0.0976,11.0469,0.6855,0.0045
2451,20982 Esec Forte SCTASK7649659_Amendment Agreement (2)_copy_503.pdf,0.0915,11.0508,0.6852,0.0045
2452,20982 Esec Forte SCTASK7649659_Amendment Agreement (2)_copy_504.pdf,0.0918,11.0547,0.685,0.0045
2453,20982 Esec Forte SCTASK7649659_Amendment Agreement (2)_copy_505.pdf,0.0878,11.0586,0.6847,0.0045
2454,20982 Esec Forte SCTASK7649659_Amendment Agreement (2)_copy_506.pdf,0.0886,11.0625,0.6845,0.0045
2455,20982 Esec Forte SCTASK7649659_Amendment Agreement (2)_copy_507.pdf,0.0904,11.0664,0.6842,0.0045
2456,20982 Esec Forte SCTASK7649659_Amendment Agreement (2)_copy_508.pdf,0.0878,11.0703,0.684,0.0045
2457,20982 Esec Forte SCTASK7649659_Amendment Agreement (2)_copy_509.pdf,0.0852,11.0781,0.6838,0.0045
2458,20982 Esec Forte SCTASK7649659_Amendment Agreement (2)_copy_51.pdf,0.0881,11.082,0.6835,0.0045
2459,20982 Esec Forte SCTASK7649659_Amendment Agreement (2)_copy_510.pdf,0.087,11.0859,0.6833,0.0045
2460,20982 Esec Forte SCTASK7649659_Amendment Agreement (2)_copy_511.pdf,0.0968,11.0898,0.683,0.0045
2461,20982 Esec Forte SCTASK7649659_Amendment Agreement (2)_copy_512.pdf,0.1027,11.0938,0.6828,0.0045
2462,20982 Esec Forte SCTASK7649659_Amendment Agreement (2)_copy_513.pdf,0.0932,11.0977,0.6826,0.0045
2463,20982 Esec Forte SCTASK7649659_Amendment Agreement (2)_copy_514.pdf,0.0951,11.1016,0.6823,0.0045
2464,20982 Esec Forte SCTASK7649659_Amendment Agreement (2)_copy_515.pdf,0.0908,11.1055,0.6821,0.0045
2465,20982 Esec Forte SCTASK7649659_Amendment Agreement (2)_copy_516.pdf,0.0908,11.1133,0.6818,0.0045
2466,20982 Esec Forte SCTASK7649659_Amendment Agreement (2)_copy_517.pdf,0.0866,11.1172,0.6816,0.0045
2467,20982 Esec Forte SCTASK7649659_Amendment Agreement (2)_copy_518.pdf,0.0932,11.1211,0.6814,0.0045
2468,20982 Esec Forte SCTASK7649659_Amendment Agreement (2)_copy_519.pdf,0.0929,11.125,0.6811,0.0045
2469,20982 Esec Forte SCTASK7649659_Amendment Agreement (2)_copy_52.pdf,0.092,11.1289,0.6809,0.0045
2470,20982 Esec Forte SCTASK7649659_Amendment Agreement (2)_copy_520.pdf,0.0904,11.1328,0.6806,0.0045
2471,20982 Esec Forte SCTASK7649659_Amendment Agreement (2)_copy_521.pdf,0.087,11.1367,0.6804,0.0045
2472,20982 Esec Forte SCTASK7649659_Amendment Agreement (2)_copy_522.pdf,0.0867,11.1406,0.6802,0.0045
2473,20982 Esec Forte SCTASK7649659_Amendment Agreement (2)_copy_523.pdf,0.0938,11.1484,0.6799,0.0045
2474,20982 Esec Forte SCTASK7649659_Amendment Agreement (2)_copy_524.pdf,0.0981,11.1523,0.6797,0.0045
2475,20982 Esec Forte SCTASK7649659_Amendment Agreement (2)_copy_525.pdf,0.1013,11.1562,0.6795,0.0045
2476,20982 Esec Forte SCTASK7649659_Amendment Agreement (2)_copy_526.pdf,0.1022,11.1602,0.6792,0.0045
2477,20982 Esec Forte SCTASK7649659_Amendment Agreement (2)_copy_527.pdf,0.1142,11.1641,0.679,0.0045
2478,20982 Esec Forte SCTASK7649659_Amendment Agreement (2)_copy_528.pdf,0.0941,11.168,0.6788,0.0045
2479,20982 Esec Forte SCTASK7649659_Amendment Agreement (2)_copy_529.pdf,0.096,11.1719,0.6785,0.0045
2480,20982 Esec Forte SCTASK7649659_Amendment Agreement (2)_copy_53.pdf,0.0955,11.1758,0.6783,0.0045
2481,20982 Esec Forte SCTASK7649659_Amendment Agreement (2)_copy_530.pdf,0.0935,11.1836,0.6781,0.0045
2482,20982 Esec Forte SCTASK7649659_Amendment Agreement (2)_copy_531.pdf,0.0932,11.1875,0.6778,0.0045
2483,20982 Esec Forte SCTASK7649659_Amendment Agreement (2)_copy_532.pdf,0.0931,11.1914,0.6776,0.0045
2484,20982 Esec Forte SCTASK7649659_Amendment Agreement (2)_copy_533.pdf,0.0947,11.1953,0.6774,0.0045
2485,20982 Esec Forte SCTASK7649659_Amendment Agreement (2)_copy_534.pdf,0.0944,11.1992,0.6771,0.0045
2486,20982 Esec Forte SCTASK7649659_Amendment Agreement (2)_copy_535.pdf,0.091,11.2031,0.6769,0.0045
2487,20982 Esec Forte SCTASK7649659_Amendment Agreement (2)_copy_536.pdf,0.0869,11.207,0.6766,0.0045
2488,20982 Esec Forte SCTASK7649659_Amendment Agreement (2)_copy_537.pdf,0.087,11.2109,0.6764,0.0045
2489,20982 Esec Forte SCTASK7649659_Amendment Agreement (2)_copy_538.pdf,0.0847,11.2188,0.6762,0.0045
2490,20982 Esec Forte SCTASK7649659_Amendment Agreement (2)_copy_539.pdf,0.0819,11.2227,0.6759,0.0045
2491,20982 Esec Forte SCTASK7649659_Amendment Agreement (2)_copy_54.pdf,0.0865,11.2266,0.6757,0.0045
2492,20982 Esec Forte SCTASK7649659_Amendment Agreement (2)_copy_540.pdf,0.0997,11.2305,0.6755,0.0045
2493,20982 Esec Forte SCTASK7649659_Amendment Agreement (2)_copy_541.pdf,0.099,11.2344,0.6752,0.0045
2494,20982 Esec Forte SCTASK7649659_Amendment Agreement (2)_copy_542.pdf,0.0928,11.2422,0.675,0.0045
2495,20982 Esec Forte SCTASK7649659_Amendment Agreement (2)_copy_543.pdf,0.0885,11.2461,0.6748,0.0045
2496,20982 Esec Forte SCTASK7649659_Amendment Agreement (2)_copy_544.pdf,0.0881,11.25,0.6745,0.0045
2497,20982 Esec Forte SCTASK7649659_Amendment Agreement (2)_copy_545.pdf,0.0842,11.2578,0.6743,0.0045
2498,20982 Esec Forte SCTASK7649659_Amendment Agreement (2)_copy_546.pdf,0.0849,11.2617,0.6741,0.0045
2499,20982 Esec Forte SCTASK7649659_Amendment Agreement (2)_copy_547.pdf,0.0812,11.2656,0.6738,0.0045
2500,20982 Esec Forte SCTASK7649659_Amendment Agreement (2)_copy_548.pdf,0.081,11.2695,0.6736,0.0045
2501,20982 Esec Forte SCTASK7649659_Amendment Agreement (2)_copy_549.pdf,0.0972,11.2734,0.6734,0.0045
2502,20982 Esec Forte SCTASK7649659_Amendment Agreement (2)_copy_55.pdf,0.0966,11.2773,0.6731,0.0045
2503,20982 Esec Forte SCTASK7649659_Amendment Agreement (2)_copy_550.pdf,0.1005,11.2812,0.6729,0.0045
2504,20982 Esec Forte SCTASK7649659_Amendment Agreement (2)_copy_551.pdf,0.0942,11.2852,0.6727,0.0045
2505,20982 Esec Forte SCTASK7649659_Amendment Agreement (2)_copy_552.pdf,0.0989,11.293,0.6724,0.0045
2506,20982 Esec Forte SCTASK7649659_Amendment Agreement (2)_copy_553.pdf,0.0956,11.2969,0.6722,0.0045
2507,20982 Esec Forte SCTASK7649659_Amendment Agreement (2)_copy_554.pdf,0.0909,11.3008,0.672,0.0045
2508,20982 Esec Forte SCTASK7649659_Amendment Agreement (2)_copy_555.pdf,0.0936,11.3047,0.6717,0.0045
2509,20982 Esec Forte SCTASK7649659_Amendment Agreement (2)_copy_556.pdf,0.0884,11.3086,0.6715,0.0045
2510,20982 Esec Forte SCTASK7649659_Amendment Agreement (2)_copy_557.pdf,0.0875,11.3125,0.6713,0.0045
2511,20982 Esec Forte SCTASK7649659_Amendment Agreement (2)_copy_558.pdf,0.0866,11.3164,0.671,0.0045
2512,20982 Esec Forte SCTASK7649659_Amendment Agreement (2)_copy_559.pdf,0.0832,11.3203,0.6708,0.0045
2513,20982 Esec Forte SCTASK7649659_Amendment Agreement (2)_copy_56.pdf,0.0793,11.3281,0.6706,0.0045
2514,20982 Esec Forte SCTASK7649659_Amendment Agreement (2)_copy_560.pdf,0.0951,11.332,0.6703,0.0045
2515,20982 Esec Forte SCTASK7649659_Amendment Agreement (2)_copy_561.pdf,0.0966,11.3359,0.6701,0.0045
2516,20982 Esec Forte SCTASK7649659_Amendment Agreement (2)_copy_562.pdf,0.0937,11.3398,0.6699,0.0045
2517,20982 Esec Forte SCTASK7649659_Amendment Agreement (2)_copy_563.pdf,0.0924,11.3438,0.6697,0.0045
2518,20982 Esec Forte SCTASK7649659_Amendment Agreement (2)_copy_564.pdf,0.0881,11.3477,0.6694,0.0045
2519,20982 Esec Forte SCTASK7649659_Amendment Agreement (2)_copy_565.pdf,0.0854,11.3516,0.6692,0.0045
2520,20982 Esec Forte SCTASK7649659_Amendment Agreement (2)_copy_566.pdf,0.0887,11.3555,0.669,0.0045
2521,20982 Esec Forte SCTASK7649659_Amendment Agreement (2)_copy_567.pdf,0.0814,11.3633,0.6687,0.0045
2522,20982 Esec Forte SCTASK7649659_Amendment Agreement (2)_copy_568.pdf,0.0812,11.3672,0.6685,0.0045
2523,20982 Esec Forte SCTASK7649659_Amendment Agreement (2)_copy_569.pdf,0.0875,11.3711,0.6683,0.0045
2524,20982 Esec Forte SCTASK7649659_Amendment Agreement (2)_copy_57.pdf,0.0896,11.375,0.668,0.0045
2525,20982 Esec Forte SCTASK7649659_Amendment Agreement (2)_copy_570.pdf,0.0908,11.3789,0.6678,0.0045
2526,20982 Esec Forte SCTASK7649659_Amendment Agreement (2)_copy_571.pdf,0.0936,11.3828,0.6676,0.0045
2527,20982 Esec Forte SCTASK7649659_Amendment Agreement (2)_copy_572.pdf,0.0902,11.3867,0.6674,0.0045
2528,20982 Esec Forte SCTASK7649659_Amendment Agreement (2)_copy_573.pdf,0.1146,11.3906,0.6671,0.0045
2529,20982 Esec Forte SCTASK7649659_Amendment Agreement (2)_copy_574.pdf,0.1018,11.3984,0.6669,0.0045
2530,20982 Esec Forte SCTASK7649659_Amendment Agreement (2)_copy_575.pdf,0.1055,11.4023,0.6667,0.0045
2531,20982 Esec Forte SCTASK7649659_Amendment Agreement (2)_copy_576.pdf,0.1028,11.4062,0.6665,0.0045
2532,20982 Esec Forte SCTASK7649659_Amendment Agreement (2)_copy_577.pdf,0.099,11.4102,0.6662,0.0045
2533,20982 Esec Forte SCTASK7649659_Amendment Agreement (2)_copy_578.pdf,0.0951,11.4141,0.666,0.0045
2534,20982 Esec Forte SCTASK7649659_Amendment Agreement (2)_copy_579.pdf,0.0907,11.418,0.6658,0.0045
2535,20982 Esec Forte SCTASK7649659_Amendment Agreement (2)_copy_58.pdf,0.091,11.4219,0.6656,0.0045
2536,20982 Esec Forte SCTASK7649659_Amendment Agreement (2)_copy_580.pdf,0.0878,11.4258,0.6653,0.0045
2537,20982 Esec Forte SCTASK7649659_Amendment Agreement (2)_copy_581.pdf,0.096,11.4336,0.6651,0.0045
2538,20982 Esec Forte SCTASK7649659_Amendment Agreement (2)_copy_582.pdf,0.09,11.4375,0.6649,0.0045
2539,20982 Esec Forte SCTASK7649659_Amendment Agreement (2)_copy_583.pdf,0.086,11.4414,0.6647,0.0045
2540,20982 Esec Forte SCTASK7649659_Amendment Agreement (2)_copy_584.pdf,0.0831,11.4453,0.6644,0.0045
2541,20982 Esec Forte SCTASK7649659_Amendment Agreement (2)_copy_585.pdf,0.0827,11.4492,0.6642,0.0045
2542,20982 Esec Forte SCTASK7649659_Amendment Agreement (2)_copy_586.pdf,0.0984,11.457,0.664,0.0045
2543,20982 Esec Forte SCTASK7649659_Amendment Agreement (2)_copy_587.pdf,0.1018,11.4609,0.6638,0.0045
2544,20982 Esec Forte SCTASK7649659_Amendment Agreement (2)_copy_588.pdf,0.0924,11.4648,0.6635,0.0045
2545,20982 Esec Forte SCTASK7649659_Amendment Agreement (2)_copy_589.pdf,0.0932,11.4727,0.6633,0.0045
2546,20982 Esec Forte SCTASK7649659_Amendment Agreement (2)_copy_59.pdf,0.0864,11.4766,0.6631,0.0045
2547,20982 Esec Forte SCTASK7649659_Amendment Agreement (2)_copy_590.pdf,0.088,11.4805,0.6629,0.0045
2548,20982 Esec Forte SCTASK7649659_Amendment Agreement (2)_copy_591.pdf,0.108,11.4844,0.6626,0.0045
2549,20982 Esec Forte SCTASK7649659_Amendment Agreement (2)_copy_592.pdf,0.0927,11.4883,0.6624,0.0045
2550,20982 Esec Forte SCTASK7649659_Amendment Agreement (2)_copy_593.pdf,0.0926,11.4922,0.6622,0.0045
2551,20982 Esec Forte SCTASK7649659_Amendment Agreement (2)_copy_594.pdf,0.085,11.4961,0.662,0.0045
2552,20982 Esec Forte SCTASK7649659_Amendment Agreement (2)_copy_595.pdf,0.0889,11.5,0.6617,0.0045
2553,20982 Esec Forte SCTASK7649659_Amendment Agreement (2)_copy_596.pdf,0.1101,11.5078,0.6615,0.0045
2554,20982 Esec Forte SCTASK7649659_Amendment Agreement (2)_copy_597.pdf,0.0828,11.5117,0.6613,0.0045
2555,20982 Esec Forte SCTASK7649659_Amendment Agreement (2)_copy_598.pdf,0.1005,11.5156,0.6611,0.0045
2556,20982 Esec Forte SCTASK7649659_Amendment Agreement (2)_copy_599.pdf,0.1006,11.5195,0.6609,0.0045
2557,20982 Esec Forte SCTASK7649659_Amendment Agreement (2)_copy_6.pdf,0.093,11.5234,0.6606,0.0045
2558,20982 Esec Forte SCTASK7649659_Amendment Agreement (2)_copy_60.pdf,0.1041,11.5273,0.6604,0.0045
2559,20982 Esec Forte SCTASK7649659_Amendment Agreement (2)_copy_600.pdf,0.1047,11.5312,0.6602,0.0045
2560,20982 Esec Forte SCTASK7649659_Amendment Agreement (2)_copy_601.pdf,0.0991,11.5352,0.66,0.0045
2561,20982 Esec Forte SCTASK7649659_Amendment Agreement (2)_copy_602.pdf,0.101,11.543,0.6598,0.0045
2562,20982 Esec Forte SCTASK7649659_Amendment Agreement (2)_copy_603.pdf,0.1,11.5469,0.6595,0.0045
2563,20982 Esec Forte SCTASK7649659_Amendment Agreement (2)_copy_604.pdf,0.103,11.5508,0.6593,0.0045
2564,20982 Esec Forte SCTASK7649659_Amendment Agreement (2)_copy_605.pdf,0.1454,11.5547,0.6591,0.0045
2565,20982 Esec Forte SCTASK7649659_Amendment Agreement (2)_copy_606.pdf,0.1588,11.5586,0.6589,0.0045
2566,20982 Esec Forte SCTASK7649659_Amendment Agreement (2)_copy_607.pdf,0.1434,11.5625,0.6587,0.0045
2567,20982 Esec Forte SCTASK7649659_Amendment Agreement (2)_copy_608.pdf,0.1627,11.5664,0.6585,0.0045
2568,20982 Esec Forte SCTASK7649659_Amendment Agreement (2)_copy_609.pdf,0.1582,11.5703,0.6583,0.0045
2569,20982 Esec Forte SCTASK7649659_Amendment Agreement (2)_copy_61.pdf,0.1499,11.5781,0.6581,0.0045
2570,20982 Esec Forte SCTASK7649659_Amendment Agreement (2)_copy_610.pdf,0.1663,11.582,0.658,0.0045
2571,20982 Esec Forte SCTASK7649659_Amendment Agreement (2)_copy_611.pdf,0.1809,11.5859,0.6578,0.0045
2572,20982 Esec Forte SCTASK7649659_Amendment Agreement (2)_copy_612.pdf,0.1738,11.5898,0.6576,0.0045
2573,20982 Esec Forte SCTASK7649659_Amendment Agreement (2)_copy_613.pdf,0.1577,11.5938,0.6574,0.0045
2574,20982 Esec Forte SCTASK7649659_Amendment Agreement (2)_copy_614.pdf,0.1626,11.5977,0.6572,0.0045
2575,20982 Esec Forte SCTASK7649659_Amendment Agreement (2)_copy_615.pdf,0.1365,11.6016,0.657,0.0045
2576,20982 Esec Forte SCTASK7649659_Amendment Agreement (2)_copy_616.pdf,0.1297,11.6055,0.6568,0.0045
2577,20982 Esec Forte SCTASK7649659_Amendment Agreement (2)_copy_617.pdf,0.1674,11.6133,0.6566,0.0045
2578,20982 Esec Forte SCTASK7649659_Amendment Agreement (2)_copy_618.pdf,0.1634,11.6172,0.6564,0.0045
2579,20982 Esec Forte SCTASK7649659_Amendment Agreement (2)_copy_619.pdf,0.1481,11.6211,0.6562,0.0045
2580,20982 Esec Forte SCTASK7649659_Amendment Agreement (2)_copy_62.pdf,0.1399,11.625,0.656,0.0045
2581,20982 Esec Forte SCTASK7649659_Amendment Agreement (2)_copy_620.pdf,0.1596,11.6289,0.6558,0.0045
2582,20982 Esec Forte SCTASK7649659_Amendment Agreement (2)_copy_621.pdf,0.1753,11.6328,0.6556,0.0045
2583,20982 Esec Forte SCTASK7649659_Amendment Agreement (2)_copy_622.pdf,0.1646,11.6367,0.6554,0.0045
2584,20982 Esec Forte SCTASK7649659_Amendment Agreement (2)_copy_623.pdf,0.1569,11.6406,0.6552,0.0045
2585,20982 Esec Forte SCTASK7649659_Amendment Agreement (2)_copy_624.pdf,0.1524,11.6484,0.6551,0.0045
2586,20982 Esec Forte SCTASK7649659_Amendment Agreement (2)_copy_625.pdf,0.1437,11.6523,0.6549,0.0045
2587,20982 Esec Forte SCTASK7649659_Amendment Agreement (2)_copy_626.pdf,0.1485,11.6562,0.6547,0.0045
2588,20982 Esec Forte SCTASK7649659_Amendment Agreement (2)_copy_627.pdf,0.1435,11.6602,0.6545,0.0045
2589,20982 Esec Forte SCTASK7649659_Amendment Agreement (2)_copy_628.pdf,0.1137,11.6641,0.6543,0.0045
2590,20982 Esec Forte SCTASK7649659_Amendment Agreement (2)_copy_629.pdf,0.1517,11.6719,0.6541,0.0045
2591,20982 Esec Forte SCTASK7649659_Amendment Agreement (2)_copy_63.pdf,0.1834,11.6758,0.6539,0.0045
2592,20982 Esec Forte SCTASK7649659_Amendment Agreement (2)_copy_630.pdf,0.1961,11.6797,0.6537,0.0045
2593,20982 Esec Forte SCTASK7649659_Amendment Agreement (2)_copy_631.pdf,0.1616,11.6875,0.6535,0.0045
2594,20982 Esec Forte SCTASK7649659_Amendment Agreement (2)_copy_632.pdf,0.1701,11.6914,0.6533,0.0045
2595,20982 Esec Forte SCTASK7649659_Amendment Agreement (2)_copy_633.pdf,0.1584,11.6953,0.6531,0.0045
2596,20982 Esec Forte SCTASK7649659_Amendment Agreement (2)_copy_634.pdf,0.1776,11.6992,0.653,0.0045
2597,20982 Esec Forte SCTASK7649659_Amendment Agreement (2)_copy_635.pdf,0.1862,11.7031,0.6528,0.0045
2598,20982 Esec Forte SCTASK7649659_Amendment Agreement (2)_copy_636.pdf,0.1465,11.707,0.6526,0.0045
2599,20982 Esec Forte SCTASK7649659_Amendment Agreement (2)_copy_637.pdf,0.1161,11.7109,0.6524,0.0045
2600,20982 Esec Forte SCTASK7649659_Amendment Agreement (2)_copy_638.pdf,0.0569,11.7148,0.6521,0.0045
2601,20982 Esec Forte SCTASK7649659_Amendment Agreement (2)_copy_639.pdf,0.0531,11.7227,0.6519,0.0045
2602,20982 Esec Forte SCTASK7649659_Amendment Agreement (2)_copy_64.pdf,0.0535,11.7266,0.6517,0.0045
2603,20982 Esec Forte SCTASK7649659_Amendment Agreement (2)_copy_640.pdf,0.0565,11.7305,0.6515,0.0045
2604,20982 Esec Forte SCTASK7649659_Amendment Agreement (2)_copy_641.pdf,0.0535,11.7344,0.6512,0.0045
2605,20982 Esec Forte SCTASK7649659_Amendment Agreement (2)_copy_642.pdf,0.0566,11.7383,0.651,0.0045
2606,20982 Esec Forte SCTASK7649659_Amendment Agreement (2)_copy_643.pdf,0.0521,11.7422,0.6508,0.0045
2607,20982 Esec Forte SCTASK7649659_Amendment Agreement (2)_copy_644.pdf,0.0551,11.7461,0.6505,0.0045
2608,20982 Esec Forte SCTASK7649659_Amendment Agreement (2)_copy_645.pdf,0.0563,11.75,0.6503,0.0045
2609,20982 Esec Forte SCTASK7649659_Amendment Agreement (2)_copy_646.pdf,0.0519,11.7578,0.6501,0.0045
2610,20982 Esec Forte SCTASK7649659_Amendment Agreement (2)_copy_647.pdf,0.0532,11.7617,0.6498,0.0045
2611,20982 Esec Forte SCTASK7649659_Amendment Agreement (2)_copy_648.pdf,0.0532,11.7656,0.6496,0.0045
2612,20982 Esec Forte SCTASK7649659_Amendment Agreement (2)_copy_649.pdf,0.0525,11.7695,0.6494,0.0045
2613,20982 Esec Forte SCTASK7649659_Amendment Agreement (2)_copy_65.pdf,0.0507,11.7734,0.6492,0.0045
2614,20982 Esec Forte SCTASK7649659_Amendment Agreement (2)_copy_650.pdf,0.0506,11.7773,0.6489,0.0045
2615,20982 Esec Forte SCTASK7649659_Amendment Agreement (2)_copy_651.pdf,0.0583,11.7812,0.6487,0.0045
2616,20982 Esec Forte SCTASK7649659_Amendment Agreement (2)_copy_652.pdf,0.0591,11.7852,0.6485,0.0045
2617,20982 Esec Forte SCTASK7649659_Amendment Agreement (2)_copy_653.pdf,0.0526,11.793,0.6483,0.0045
2618,20982 Esec Forte SCTASK7649659_Amendment Agreement (2)_copy_654.pdf,0.0536,11.7969,0.648,0.0045
2619,20982 Esec Forte SCTASK7649659_Amendment Agreement (2)_copy_655.pdf,0.0504,11.8008,0.6478,0.0045
2620,20982 Esec Forte SCTASK7649659_Amendment Agreement (2)_copy_656.pdf,0.0506,11.8047,0.6476,0.0045
2621,20982 Esec Forte SCTASK7649659_Amendment Agreement (2)_copy_657.pdf,0.0596,11.8086,0.6473,0.0045
2622,20982 Esec Forte SCTASK7649659_Amendment Agreement (2)_copy_658.pdf,0.06,11.8125,0.6471,0.0045
2623,20982 Esec Forte SCTASK7649659_Amendment Agreement (2)_copy_659.pdf,0.0522,11.8164,0.6469,0.0045
2624,20982 Esec Forte SCTASK7649659_Amendment Agreement (2)_copy_66.pdf,0.0561,11.8203,0.6467,0.0045
2625,20982 Esec Forte SCTASK7649659_Amendment Agreement (2)_copy_660.pdf,0.0518,11.8281,0.6464,0.0045
2626,20982 Esec Forte SCTASK7649659_Amendment Agreement (2)_copy_661.pdf,0.0532,11.832,0.6462,0.0045
2627,20982 Esec Forte SCTASK7649659_Amendment Agreement (2)_copy_662.pdf,0.0509,11.8359,0.646,0.0045
2628,20982 Esec Forte SCTASK7649659_Amendment Agreement (2)_copy_663.pdf,0.0498,11.8398,0.6458,0.0045
2629,20982 Esec Forte SCTASK7649659_Amendment Agreement (2)_copy_664.pdf,0.0501,11.8438,0.6455,0.0045
2630,20982 Esec Forte SCTASK7649659_Amendment Agreement (2)_copy_665.pdf,0.0485,11.8477,0.6453,0.0045
2631,20982 Esec Forte SCTASK7649659_Amendment Agreement (2)_copy_666.pdf,0.0498,11.8516,0.6451,0.0045
2632,20982 Esec Forte SCTASK7649659_Amendment Agreement (2)_copy_667.pdf,0.0497,11.8555,0.6449,0.0045
2633,20982 Esec Forte SCTASK7649659_Amendment Agreement (2)_copy_668.pdf,0.0535,11.8633,0.6446,0.0045
2634,20982 Esec Forte SCTASK7649659_Amendment Agreement (2)_copy_669.pdf,0.0535,11.8672,0.6444,0.0045
2635,20982 Esec Forte SCTASK7649659_Amendment Agreement (2)_copy_67.pdf,0.0532,11.8711,0.6442,0.0045
2636,20982 Esec Forte SCTASK7649659_Amendment Agreement (2)_copy_670.pdf,0.0543,11.875,0.644,0.0045
2637,20982 Esec Forte SCTASK7649659_Amendment Agreement (2)_copy_671.pdf,0.0522,11.8789,0.6437,0.0045
2638,20982 Esec Forte SCTASK7649659_Amendment Agreement (2)_copy_672.pdf,0.0545,11.8867,0.6435,0.0045
2639,20982 Esec Forte SCTASK7649659_Amendment Agreement (2)_copy_673.pdf,0.0519,11.8906,0.6433,0.0045
2640,20982 Esec Forte SCTASK7649659_Amendment Agreement (2)_copy_674.pdf,0.0567,11.8945,0.6431,0.0045
2641,20982 Esec Forte SCTASK7649659_Amendment Agreement (2)_copy_675.pdf,0.0556,11.9023,0.6428,0.0045
2642,20982 Esec Forte SCTASK7649659_Amendment Agreement (2)_copy_676.pdf,0.0539,11.9062,0.6426,0.0045
2643,20982 Esec Forte SCTASK7649659_Amendment Agreement (2)_copy_677.pdf,0.0564,11.9102,0.6424,0.0045
2644,20982 Esec Forte SCTASK7649659_Amendment Agreement (2)_copy_678.pdf,0.0584,11.9141,0.6422,0.0045
2645,20982 Esec Forte SCTASK7649659_Amendment Agreement (2)_copy_679.pdf,0.0641,11.918,0.642,0.0045
2646,20982 Esec Forte SCTASK7649659_Amendment Agreement (2)_copy_68.pdf,0.0559,11.9219,0.6417,0.0045
2647,20982 Esec Forte SCTASK7649659_Amendment Agreement (2)_copy_680.pdf,0.0528,11.9258,0.6415,0.0045
2648,20982 Esec Forte SCTASK7649659_Amendment Agreement (2)_copy_681.pdf,0.056,11.9297,0.6413,0.0045
2649,20982 Esec Forte SCTASK7649659_Amendment Agreement (2)_copy_682.pdf,0.0527,11.9375,0.6411,0.0045
2650,20982 Esec Forte SCTASK7649659_Amendment Agreement (2)_copy_683.pdf,0.0657,11.9414,0.6409,0.0045
2651,20982 Esec Forte SCTASK7649659_Amendment Agreement (2)_copy_684.pdf,0.0543,11.9453,0.6406,0.0045
2652,20982 Esec Forte SCTASK7649659_Amendment Agreement (2)_copy_685.pdf,0.0572,11.9492,0.6404,0.0045
2653,20982 Esec Forte SCTASK7649659_Amendment Agreement (2)_copy_686.pdf,0.0582,11.9531,0.6402,0.0045
2654,20982 Esec Forte SCTASK7649659_Amendment Agreement (2)_copy_687.pdf,0.0554,11.957,0.64,0.0045
2655,20982 Esec Forte SCTASK7649659_Amendment Agreement (2)_copy_688.pdf,0.0539,11.9609,0.6398,0.0045
2656,20982 Esec Forte SCTASK7649659_Amendment Agreement (2)_copy_689.pdf,0.0572,11.9648,0.6395,0.0045
2657,20982 Esec Forte SCTASK7649659_Amendment Agreement (2)_copy_69.pdf,0.053,11.9727,0.6393,0.0045
2658,20982 Esec Forte SCTASK7649659_Amendment Agreement (2)_copy_690.pdf,0.0549,11.9766,0.6391,0.0045
2659,20982 Esec Forte SCTASK7649659_Amendment Agreement (2)_copy_691.pdf,0.0569,11.9805,0.6389,0.0045
2660,20982 Esec Forte SCTASK7649659_Amendment Agreement (2)_copy_692.pdf,0.0552,11.9844,0.6387,0.0045
2661,20982 Esec Forte SCTASK7649659_Amendment Agreement (2)_copy_693.pdf,0.0565,11.9883,0.6384,0.0045
2662,20982 Esec Forte SCTASK7649659_Amendment Agreement (2)_copy_694.pdf,0.055,11.9922,0.6382,0.0045
2663,20982 Esec Forte SCTASK7649659_Amendment Agreement (2)_copy_695.pdf,0.0586,11.9961,0.638,0.0045
2664,20982 Esec Forte SCTASK7649659_Amendment Agreement (2)_copy_696.pdf,0.0544,12.0,0.6378,0.0045
2665,20982 Esec Forte SCTASK7649659_Amendment Agreement (2)_copy_697.pdf,0.0543,12.0078,0.6376,0.0045
2666,20982 Esec Forte SCTASK7649659_Amendment Agreement (2)_copy_698.pdf,0.0563,12.0117,0.6373,0.0045
2667,20982 Esec Forte SCTASK7649659_Amendment Agreement (2)_copy_699.pdf,0.0567,12.0156,0.6371,0.0045
2668,20982 Esec Forte SCTASK7649659_Amendment Agreement (2)_copy_7.pdf,0.0546,12.0195,0.6369,0.0045
2669,20982 Esec Forte SCTASK7649659_Amendment Agreement (2)_copy_70.pdf,0.0569,12.0234,0.6367,0.0045
2670,20982 Esec Forte SCTASK7649659_Amendment Agreement (2)_copy_700.pdf,0.069,12.0273,0.6365,0.0045
2671,20982 Esec Forte SCTASK7649659_Amendment Agreement (2)_copy_701.pdf,0.0637,12.0312,0.6363,0.0045
2672,20982 Esec Forte SCTASK7649659_Amendment Agreement (2)_copy_702.pdf,0.0574,12.0352,0.636,0.0045
2673,20982 Esec Forte SCTASK7649659_Amendment Agreement (2)_copy_703.pdf,0.0597,12.043,0.6358,0.0045
2674,20982 Esec Forte SCTASK7649659_Amendment Agreement (2)_copy_704.pdf,0.0547,12.0469,0.6356,0.0045
2675,20982 Esec Forte SCTASK7649659_Amendment Agreement (2)_copy_705.pdf,0.0549,12.0508,0.6354,0.0045
2676,20982 Esec Forte SCTASK7649659_Amendment Agreement (2)_copy_706.pdf,0.0551,12.0547,0.6352,0.0045
2677,20982 Esec Forte SCTASK7649659_Amendment Agreement (2)_copy_707.pdf,0.0725,12.0586,0.635,0.0045
2678,20982 Esec Forte SCTASK7649659_Amendment Agreement (2)_copy_708.pdf,0.0607,12.0625,0.6348,0.0045
2679,20982 Esec Forte SCTASK7649659_Amendment Agreement (2)_copy_709.pdf,0.0645,12.0664,0.6345,0.0045
2680,20982 Esec Forte SCTASK7649659_Amendment Agreement (2)_copy_71.pdf,0.062,12.0703,0.6343,0.0045
2681,20982 Esec Forte SCTASK7649659_Amendment Agreement (2)_copy_710.pdf,0.0606,12.0781,0.6341,0.0045
2682,20982 Esec Forte SCTASK7649659_Amendment Agreement (2)_copy_711.pdf,0.0581,12.082,0.6339,0.0045
2683,20982 Esec Forte SCTASK7649659_Amendment Agreement (2)_copy_712.pdf,0.0569,12.0859,0.6337,0.0045
2684,20982 Esec Forte SCTASK7649659_Amendment Agreement (2)_copy_713.pdf,0.0601,12.0898,0.6335,0.0045
2685,20982 Esec Forte SCTASK7649659_Amendment Agreement (2)_copy_714.pdf,0.0564,12.0938,0.6333,0.0045
2686,20982 Esec Forte SCTASK7649659_Amendment Agreement (2)_copy_715.pdf,0.0561,12.1016,0.633,0.0045
2687,20982 Esec Forte SCTASK7649659_Amendment Agreement (2)_copy_716.pdf,0.0578,12.1055,0.6328,0.0045
2688,20982 Esec Forte SCTASK7649659_Amendment Agreement (2)_copy_717.pdf,0.0552,12.1094,0.6326,0.0045
2689,20982 Esec Forte SCTASK7649659_Amendment Agreement (2)_copy_718.pdf,0.0595,12.1172,0.6324,0.0045
2690,20982 Esec Forte SCTASK7649659_Amendment Agreement (2)_copy_719.pdf,0.0587,12.1211,0.6322,0.0045
2691,20982 Esec Forte SCTASK7649659_Amendment Agreement (2)_copy_72.pdf,0.0685,12.125,0.632,0.0045
2692,20982 Esec Forte SCTASK7649659_Amendment Agreement (2)_copy_720.pdf,0.0589,12.1289,0.6318,0.0045
2693,20982 Esec Forte SCTASK7649659_Amendment Agreement (2)_copy_721.pdf,0.055,12.1328,0.6316,0.0045
2694,20982 Esec Forte SCTASK7649659_Amendment Agreement (2)_copy_722.pdf,0.0553,12.1367,0.6313,0.0045
2695,20982 Esec Forte SCTASK7649659_Amendment Agreement (2)_copy_723.pdf,0.0559,12.1406,0.6311,0.0045
2696,20982 Esec Forte SCTASK7649659_Amendment Agreement (2)_copy_724.pdf,0.059,12.1445,0.6309,0.0045
2697,20982 Esec Forte SCTASK7649659_Amendment Agreement (2)_copy_725.pdf,0.0586,12.1523,0.6307,0.0045
2698,20982 Esec Forte SCTASK7649659_Amendment Agreement (2)_copy_726.pdf,0.0575,12.1562,0.6305,0.0045
2699,20982 Esec Forte SCTASK7649659_Amendment Agreement (2)_copy_727.pdf,0.059,12.1602,0.6303,0.0045
2700,20982 Esec Forte SCTASK7649659_Amendment Agreement (2)_copy_728.pdf,0.056,12.1641,0.6301,0.0045
2701,20982 Esec Forte SCTASK7649659_Amendment Agreement (2)_copy_729.pdf,0.0557,12.168,0.6298,0.0045
2702,20982 Esec Forte SCTASK7649659_Amendment Agreement (2)_copy_73.pdf,0.0554,12.1719,0.6296,0.0045
2703,20982 Esec Forte SCTASK7649659_Amendment Agreement (2)_copy_730.pdf,0.0557,12.1758,0.6294,0.0045
2704,20982 Esec Forte SCTASK7649659_Amendment Agreement (2)_copy_731.pdf,0.0553,12.1797,0.6292,0.0045
2705,20982 Esec Forte SCTASK7649659_Amendment Agreement (2)_copy_732.pdf,0.0587,12.1875,0.629,0.0045
2706,20982 Esec Forte SCTASK7649659_Amendment Agreement (2)_copy_733.pdf,0.0621,12.1914,0.6288,0.0045
2707,20982 Esec Forte SCTASK7649659_Amendment Agreement (2)_copy_734.pdf,0.0721,12.1953,0.6286,0.0045
2708,20982 Esec Forte SCTASK7649659_Amendment Agreement (2)_copy_735.pdf,0.058,12.1992,0.6284,0.0045
2709,20982 Esec Forte SCTASK7649659_Amendment Agreement (2)_copy_736.pdf,0.0568,12.2031,0.6282,0.0045
2710,20982 Esec Forte SCTASK7649659_Amendment Agreement (2)_copy_737.pdf,0.0556,12.207,0.628,0.0045
2711,20982 Esec Forte SCTASK7649659_Amendment Agreement (2)_copy_738.pdf,0.0564,12.2109,0.6277,0.0045
2712,20982 Esec Forte SCTASK7649659_Amendment Agreement (2)_copy_739.pdf,0.0578,12.2148,0.6275,0.0045
2713,20982 Esec Forte SCTASK7649659_Amendment Agreement (2)_copy_74.pdf,0.0577,12.2227,0.6273,0.0045
2714,20982 Esec Forte SCTASK7649659_Amendment Agreement (2)_copy_740.pdf,0.0595,12.2266,0.6271,0.0045
2715,20982 Esec Forte SCTASK7649659_Amendment Agreement (2)_copy_741.pdf,0.0592,12.2305,0.6269,0.0045
2716,20982 Esec Forte SCTASK7649659_Amendment Agreement (2)_copy_742.pdf,0.058,12.2344,0.6267,0.0045
2717,20982 Esec Forte SCTASK7649659_Amendment Agreement (2)_copy_743.pdf,0.0645,12.2383,0.6265,0.0045
2718,20982 Esec Forte SCTASK7649659_Amendment Agreement (2)_copy_744.pdf,0.058,12.2422,0.6263,0.0045
2719,20982 Esec Forte SCTASK7649659_Amendment Agreement (2)_copy_745.pdf,0.0583,12.2461,0.6261,0.0045
2720,20982 Esec Forte SCTASK7649659_Amendment Agreement (2)_copy_746.pdf,0.0562,12.25,0.6259,0.0045
2721,20982 Esec Forte SCTASK7649659_Amendment Agreement (2)_copy_747.pdf,0.0601,12.2578,0.6257,0.0045
2722,20982 Esec Forte SCTASK7649659_Amendment Agreement (2)_copy_748.pdf,0.0583,12.2617,0.6254,0.0045
2723,20982 Esec Forte SCTASK7649659_Amendment Agreement (2)_copy_749.pdf,0.0583,12.2656,0.6252,0.0045
2724,20982 Esec Forte SCTASK7649659_Amendment Agreement (2)_copy_75.pdf,0.0574,12.2695,0.625,0.0045
2725,20982 Esec Forte SCTASK7649659_Amendment Agreement (2)_copy_750.pdf,0.0597,12.2734,0.6248,0.0045
2726,20982 Esec Forte SCTASK7649659_Amendment Agreement (2)_copy_751.pdf,0.055,12.2773,0.6246,0.0045
2727,20982 Esec Forte SCTASK7649659_Amendment Agreement (2)_copy_752.pdf,0.0556,12.2812,0.6244,0.0045
2728,20982 Esec Forte SCTASK7649659_Amendment Agreement (2)_copy_753.pdf,0.0577,12.2852,0.6242,0.0045
2729,20982 Esec Forte SCTASK7649659_Amendment Agreement (2)_copy_754.pdf,0.0556,12.293,0.624,0.0045
2730,20982 Esec Forte SCTASK7649659_Amendment Agreement (2)_copy_755.pdf,0.0626,12.2969,0.6238,0.0045
2731,20982 Esec Forte SCTASK7649659_Amendment Agreement (2)_copy_756.pdf,0.0593,12.3008,0.6236,0.0045
2732,20982 Esec Forte SCTASK7649659_Amendment Agreement (2)_copy_757.pdf,0.0567,12.3047,0.6234,0.0045
2733,20982 Esec Forte SCTASK7649659_Amendment Agreement (2)_copy_758.pdf,0.0582,12.3086,0.6232,0.0045
2734,20982 Esec Forte SCTASK7649659_Amendment Agreement (2)_copy_759.pdf,0.0586,12.3164,0.623,0.0045
2735,20982 Esec Forte SCTASK7649659_Amendment Agreement (2)_copy_76.pdf,0.0904,12.3203,0.6228,0.0045
2736,20982 Esec Forte SCTASK7649659_Amendment Agreement (2)_copy_760.pdf,0.059,12.3242,0.6226,0.0045
2737,20982 Esec Forte SCTASK7649659_Amendment Agreement (2)_copy_761.pdf,0.0612,12.332,0.6223,0.0045
2738,20982 Esec Forte SCTASK7649659_Amendment Agreement (2)_copy_762.pdf,0.0608,12.3359,0.6221,0.0045
2739,20982 Esec Forte SCTASK7649659_Amendment Agreement (2)_copy_763.pdf,0.0604,12.3398,0.6219,0.0045
2740,20982 Esec Forte SCTASK7649659_Amendment Agreement (2)_copy_764.pdf,0.0566,12.3438,0.6217,0.0045
2741,20982 Esec Forte SCTASK7649659_Amendment Agreement (2)_copy_765.pdf,0.0576,12.3477,0.6215,0.0045
2742,20982 Esec Forte SCTASK7649659_Amendment Agreement (2)_copy_766.pdf,0.0586,12.3516,0.6213,0.0045
2743,20982 Esec Forte SCTASK7649659_Amendment Agreement (2)_copy_767.pdf,0.0583,12.3555,0.6211,0.0045
2744,20982 Esec Forte SCTASK7649659_Amendment Agreement (2)_copy_768.pdf,0.0602,12.3594,0.6209,0.0045
2745,20982 Esec Forte SCTASK7649659_Amendment Agreement (2)_copy_769.pdf,0.0588,12.3672,0.6207,0.0045
2746,20982 Esec Forte SCTASK7649659_Amendment Agreement (2)_copy_77.pdf,0.0615,12.3711,0.6205,0.0045
2747,20982 Esec Forte SCTASK7649659_Amendment Agreement (2)_copy_770.pdf,0.0599,12.375,0.6203,0.0045
2748,20982 Esec Forte SCTASK7649659_Amendment Agreement (2)_copy_771.pdf,0.0601,12.3789,0.6201,0.0045
2749,20982 Esec Forte SCTASK7649659_Amendment Agreement (2)_copy_772.pdf,0.0704,12.3828,0.6199,0.0045
2750,20982 Esec Forte SCTASK7649659_Amendment Agreement (2)_copy_773.pdf,0.0703,12.3867,0.6197,0.0045
2751,20982 Esec Forte SCTASK7649659_Amendment Agreement (2)_copy_774.pdf,0.0701,12.3906,0.6195,0.0045
2752,20982 Esec Forte SCTASK7649659_Amendment Agreement (2)_copy_775.pdf,0.0883,12.3945,0.6193,0.0045
2753,20982 Esec Forte SCTASK7649659_Amendment Agreement (2)_copy_776.pdf,0.0812,12.4023,0.6191,0.0045
2754,20982 Esec Forte SCTASK7649659_Amendment Agreement (2)_copy_777.pdf,0.082,12.4062,0.6189,0.0045
2755,20982 Esec Forte SCTASK7649659_Amendment Agreement (2)_copy_778.pdf,0.0838,12.4102,0.6187,0.0045
2756,20982 Esec Forte SCTASK7649659_Amendment Agreement (2)_copy_779.pdf,0.1018,12.4141,0.6185,0.0045
2757,20982 Esec Forte SCTASK7649659_Amendment Agreement (2)_copy_78.pdf,0.1066,12.418,0.6183,0.0045
2758,20982 Esec Forte SCTASK7649659_Amendment Agreement (2)_copy_780.pdf,0.0963,12.4219,0.6182,0.0045
2759,20982 Esec Forte SCTASK7649659_Amendment Agreement (2)_copy_781.pdf,0.1067,12.4258,0.618,0.0045
2760,20982 Esec Forte SCTASK7649659_Amendment Agreement (2)_copy_782.pdf,0.0996,12.4297,0.6178,0.0045
2761,20982 Esec Forte SCTASK7649659_Amendment Agreement (2)_copy_783.pdf,0.098,12.4375,0.6176,0.0045
2762,20982 Esec Forte SCTASK7649659_Amendment Agreement (2)_copy_784.pdf,0.0943,12.4414,0.6174,0.0045
2763,20982 Esec Forte SCTASK7649659_Amendment Agreement (2)_copy_785.pdf,0.0948,12.4453,0.6172,0.0045
2764,20982 Esec Forte SCTASK7649659_Amendment Agreement (2)_copy_786.pdf,0.0947,12.4492,0.617,0.0045
2765,20982 Esec Forte SCTASK7649659_Amendment Agreement (2)_copy_787.pdf,0.0943,12.4531,0.6168,0.0045
2766,20982 Esec Forte SCTASK7649659_Amendment Agreement (2)_copy_788.pdf,0.0946,12.457,0.6166,0.0045
2767,20982 Esec Forte SCTASK7649659_Amendment Agreement (2)_copy_789.pdf,0.0908,12.4609,0.6165,0.0045
2768,20982 Esec Forte SCTASK7649659_Amendment Agreement (2)_copy_79.pdf,0.0915,12.4648,0.6163,0.0045
2769,20982 Esec Forte SCTASK7649659_Amendment Agreement (2)_copy_790.pdf,0.0864,12.4727,0.6161,0.0045
2770,20982 Esec Forte SCTASK7649659_Amendment Agreement (2)_copy_791.pdf,0.088,12.4766,0.6159,0.0045
2771,20982 Esec Forte SCTASK7649659_Amendment Agreement (2)_copy_792.pdf,0.0854,12.4805,0.6157,0.0045
2772,20982 Esec Forte SCTASK7649659_Amendment Agreement (2)_copy_793.pdf,0.0914,12.4844,0.6155,0.0045
2773,20982 Esec Forte SCTASK7649659_Amendment Agreement (2)_copy_794.pdf,0.1101,12.4883,0.6153,0.0045
2774,20982 Esec Forte SCTASK7649659_Amendment Agreement (2)_copy_795.pdf,0.1063,12.4922,0.6151,0.0045
2775,20982 Esec Forte SCTASK7649659_Amendment Agreement (2)_copy_796.pdf,0.1042,12.4961,0.615,0.0045
2776,20982 Esec Forte SCTASK7649659_Amendment Agreement (2)_copy_797.pdf,0.0996,12.5,0.6148,0.0045
2777,20982 Esec Forte SCTASK7649659_Amendment Agreement (2)_copy_798.pdf,0.1049,12.5078,0.6146,0.0045
2778,20982 Esec Forte SCTASK7649659_Amendment Agreement (2)_copy_799.pdf,0.1001,12.5117,0.6144,0.0045
2779,20982 Esec Forte SCTASK7649659_Amendment Agreement (2)_copy_8.pdf,0.1024,12.5156,0.6142,0.0045
2780,20982 Esec Forte SCTASK7649659_Amendment Agreement (2)_copy_80.pdf,0.0985,12.5195,0.614,0.0045
2781,20982 Esec Forte SCTASK7649659_Amendment Agreement (2)_copy_800.pdf,0.1023,12.5234,0.6138,0.0045
2782,20982 Esec Forte SCTASK7649659_Amendment Agreement (2)_copy_801.pdf,0.0972,12.5312,0.6137,0.0045
2783,20982 Esec Forte SCTASK7649659_Amendment Agreement (2)_copy_802.pdf,0.0985,12.5352,0.6135,0.0045
2784,20982 Esec Forte SCTASK7649659_Amendment Agreement (2)_copy_803.pdf,0.0993,12.5391,0.6133,0.0045
2785,20982 Esec Forte SCTASK7649659_Amendment Agreement (2)_copy_804.pdf,0.0942,12.5469,0.6131,0.0045
2786,20982 Esec Forte SCTASK7649659_Amendment Agreement (2)_copy_805.pdf,0.0969,12.5508,0.6129,0.0045
2787,20982 Esec Forte SCTASK7649659_Amendment Agreement (2)_copy_806.pdf,0.0935,12.5547,0.6127,0.0045
2788,20982 Esec Forte SCTASK7649659_Amendment Agreement (2)_copy_807.pdf,0.0925,12.5586,0.6125,0.0045
2789,20982 Esec Forte SCTASK7649659_Amendment Agreement (2)_copy_808.pdf,0.0939,12.5625,0.6124,0.0045
2790,20982 Esec Forte SCTASK7649659_Amendment Agreement (2)_copy_809.pdf,0.09,12.5664,0.6122,0.0045
2791,20982 Esec Forte SCTASK7649659_Amendment Agreement (2)_copy_81.pdf,0.1007,12.5703,0.612,0.0045
2792,20982 Esec Forte SCTASK7649659_Amendment Agreement (2)_copy_810.pdf,0.1024,12.5742,0.6118,0.0045
2793,20982 Esec Forte SCTASK7649659_Amendment Agreement (2)_copy_811.pdf,0.1075,12.582,0.6116,0.0045
2794,20982 Esec Forte SCTASK7649659_Amendment Agreement (2)_copy_812.pdf,0.0924,12.5859,0.6114,0.0045
2795,20982 Esec Forte SCTASK7649659_Amendment Agreement (2)_copy_813.pdf,0.0987,12.5898,0.6113,0.0045
2796,20982 Esec Forte SCTASK7649659_Amendment Agreement (2)_copy_814.pdf,0.1016,12.5938,0.6111,0.0045
2797,20982 Esec Forte SCTASK7649659_Amendment Agreement (2)_copy_815.pdf,0.0971,12.5977,0.6109,0.0045
2798,20982 Esec Forte SCTASK7649659_Amendment Agreement (2)_copy_816.pdf,0.0928,12.6016,0.6107,0.0045
2799,20982 Esec Forte SCTASK7649659_Amendment Agreement (2)_copy_817.pdf,0.1017,12.6055,0.6105,0.0045
2800,20982 Esec Forte SCTASK7649659_Amendment Agreement (2)_copy_818.pdf,0.0989,12.6094,0.6103,0.0045
2801,20982 Esec Forte SCTASK7649659_Amendment Agreement (2)_copy_819.pdf,0.0956,12.6172,0.6102,0.0045
2802,20982 Esec Forte SCTASK7649659_Amendment Agreement (2)_copy_82.pdf,0.0931,12.6211,0.61,0.0045
2803,20982 Esec Forte SCTASK7649659_Amendment Agreement (2)_copy_820.pdf,0.0975,12.625,0.6098,0.0045
2804,20982 Esec Forte SCTASK7649659_Amendment Agreement (2)_copy_821.pdf,0.0992,12.6289,0.6096,0.0045
2805,20982 Esec Forte SCTASK7649659_Amendment Agreement (2)_copy_822.pdf,0.0956,12.6328,0.6094,0.0045
2806,20982 Esec Forte SCTASK7649659_Amendment Agreement (2)_copy_823.pdf,0.0923,12.6367,0.6092,0.0045
2807,20982 Esec Forte SCTASK7649659_Amendment Agreement (2)_copy_824.pdf,0.0983,12.6406,0.6091,0.0045
2808,20982 Esec Forte SCTASK7649659_Amendment Agreement (2)_copy_825.pdf,0.0992,12.6445,0.6089,0.0045
2809,20982 Esec Forte SCTASK7649659_Amendment Agreement (2)_copy_826.pdf,0.1037,12.6523,0.6087,0.0045
2810,20982 Esec Forte SCTASK7649659_Amendment Agreement (2)_copy_827.pdf,0.0966,12.6562,0.6085,0.0045
2811,20982 Esec Forte SCTASK7649659_Amendment Agreement (2)_copy_828.pdf,0.0971,12.6602,0.6083,0.0045
2812,20982 Esec Forte SCTASK7649659_Amendment Agreement (2)_copy_829.pdf,0.101,12.6641,0.6082,0.0045
2813,20982 Esec Forte SCTASK7649659_Amendment Agreement (2)_copy_83.pdf,0.1004,12.668,0.608,0.0045
2814,20982 Esec Forte SCTASK7649659_Amendment Agreement (2)_copy_830.pdf,0.0989,12.6719,0.6078,0.0045
2815,20982 Esec Forte SCTASK7649659_Amendment Agreement (2)_copy_831.pdf,0.1006,12.6758,0.6076,0.0045
2816,20982 Esec Forte SCTASK7649659_Amendment Agreement (2)_copy_832.pdf,0.0985,12.6797,0.6074,0.0045
2817,20982 Esec Forte SCTASK7649659_Amendment Agreement (2)_copy_833.pdf,0.0988,12.6875,0.6072,0.0045
2818,20982 Esec Forte SCTASK7649659_Amendment Agreement (2)_copy_834.pdf,0.1007,12.6914,0.6071,0.0045
2819,20982 Esec Forte SCTASK7649659_Amendment Agreement (2)_copy_835.pdf,0.098,12.6953,0.6069,0.0045
2820,20982 Esec Forte SCTASK7649659_Amendment Agreement (2)_copy_836.pdf,0.0994,12.6992,0.6067,0.0045
2821,20982 Esec Forte SCTASK7649659_Amendment Agreement (2)_copy_837.pdf,0.0966,12.7031,0.6065,0.0045
2822,20982 Esec Forte SCTASK7649659_Amendment Agreement (2)_copy_838.pdf,0.0987,12.707,0.6063,0.0045
2823,20982 Esec Forte SCTASK7649659_Amendment Agreement (2)_copy_839.pdf,0.0986,12.7109,0.6062,0.0045
2824,20982 Esec Forte SCTASK7649659_Amendment Agreement (2)_copy_84.pdf,0.1007,12.7148,0.606,0.0045
2825,20982 Esec Forte SCTASK7649659_Amendment Agreement (2)_copy_840.pdf,0.1001,12.7227,0.6058,0.0045
2826,20982 Esec Forte SCTASK7649659_Amendment Agreement (2)_copy_841.pdf,0.1018,12.7266,0.6056,0.0045
2827,20982 Esec Forte SCTASK7649659_Amendment Agreement (2)_copy_842.pdf,0.0988,12.7305,0.6055,0.0045
2828,20982 Esec Forte SCTASK7649659_Amendment Agreement (2)_copy_843.pdf,0.097,12.7344,0.6053,0.0045
2829,20982 Esec Forte SCTASK7649659_Amendment Agreement (2)_copy_844.pdf,0.1023,12.7383,0.6051,0.0045
2830,20982 Esec Forte SCTASK7649659_Amendment Agreement (2)_copy_845.pdf,0.0975,12.7461,0.6049,0.0045
2831,20982 Esec Forte SCTASK7649659_Amendment Agreement (2)_copy_846.pdf,0.0978,12.75,0.6047,0.0045
2832,20982 Esec Forte SCTASK7649659_Amendment Agreement (2)_copy_847.pdf,0.0985,12.7539,0.6046,0.0045
2833,20982 Esec Forte SCTASK7649659_Amendment Agreement (2)_copy_848.pdf,0.0957,12.7617,0.6044,0.0045
2834,20982 Esec Forte SCTASK7649659_Amendment Agreement (2)_copy_849.pdf,0.0948,12.7656,0.6042,0.0045
2835,20982 Esec Forte SCTASK7649659_Amendment Agreement (2)_copy_85.pdf,0.0937,12.7695,0.604,0.0045
2836,20982 Esec Forte SCTASK7649659_Amendment Agreement (2)_copy_850.pdf,0.0923,12.7734,0.6038,0.0045
2837,20982 Esec Forte SCTASK7649659_Amendment Agreement (2)_copy_851.pdf,0.13,12.7773,0.6037,0.0045
2838,20982 Esec Forte SCTASK7649659_Amendment Agreement (2)_copy_852.pdf,0.1113,12.7812,0.6035,0.0045
2839,20982 Esec Forte SCTASK7649659_Amendment Agreement (2)_copy_853.pdf,0.0909,12.7852,0.6033,0.0045
2840,20982 Esec Forte SCTASK7649659_Amendment Agreement (2)_copy_854.pdf,0.093,12.7891,0.6031,0.0045
2841,20982 Esec Forte SCTASK7649659_Amendment Agreement (2)_copy_855.pdf,0.0976,12.7969,0.603,0.0045
2842,20982 Esec Forte SCTASK7649659_Amendment Agreement (2)_copy_856.pdf,0.0988,12.8008,0.6028,0.0045
2843,20982 Esec Forte SCTASK7649659_Amendment Agreement (2)_copy_857.pdf,0.0985,12.8047,0.6026,0.0045
2844,20982 Esec Forte SCTASK7649659_Amendment Agreement (2)_copy_858.pdf,0.0983,12.8086,0.6024,0.0045
2845,20982 Esec Forte SCTASK7649659_Amendment Agreement (2)_copy_859.pdf,0.0991,12.8125,0.6023,0.0045
2846,20982 Esec Forte SCTASK7649659_Amendment Agreement (2)_copy_86.pdf,0.0949,12.8164,0.6021,0.0045
2847,20982 Esec Forte SCTASK7649659_Amendment Agreement (2)_copy_860.pdf,0.1001,12.8203,0.6019,0.0045
2848,20982 Esec Forte SCTASK7649659_Amendment Agreement (2)_copy_861.pdf,0.0956,12.8242,0.6017,0.0045
2849,20982 Esec Forte SCTASK7649659_Amendment Agreement (2)_copy_862.pdf,0.121,12.832,0.6015,0.0045
2850,20982 Esec Forte SCTASK7649659_Amendment Agreement (2)_copy_863.pdf,0.1007,12.8359,0.6014,0.0045
2851,20982 Esec Forte SCTASK7649659_Amendment Agreement (2)_copy_864.pdf,0.0957,12.8398,0.6012,0.0045
2852,20982 Esec Forte SCTASK7649659_Amendment Agreement (2)_copy_865.pdf,0.0977,12.8438,0.601,0.0045
2853,20982 Esec Forte SCTASK7649659_Amendment Agreement (2)_copy_866.pdf,0.0975,12.8477,0.6008,0.0045
2854,20982 Esec Forte SCTASK7649659_Amendment Agreement (2)_copy_867.pdf,0.1083,12.8516,0.6007,0.0045
2855,20982 Esec Forte SCTASK7649659_Amendment Agreement (2)_copy_868.pdf,0.0968,12.8555,0.6005,0.0045
2856,20982 Esec Forte SCTASK7649659_Amendment Agreement (2)_copy_869.pdf,0.0956,12.8594,0.6003,0.0045
2857,20982 Esec Forte SCTASK7649659_Amendment Agreement (2)_copy_87.pdf,0.1013,12.8672,0.6001,0.0045
2858,20982 Esec Forte SCTASK7649659_Amendment Agreement (2)_copy_870.pdf,0.1035,12.8711,0.6,0.0045
2859,20982 Esec Forte SCTASK7649659_Amendment Agreement (2)_copy_871.pdf,0.0989,12.875,0.5998,0.0045
2860,20982 Esec Forte SCTASK7649659_Amendment Agreement (2)_copy_872.pdf,0.0952,12.8789,0.5996,0.0045
2861,20982 Esec Forte SCTASK7649659_Amendment Agreement (2)_copy_873.pdf,0.0983,12.8828,0.5994,0.0045
2862,20982 Esec Forte SCTASK7649659_Amendment Agreement (2)_copy_874.pdf,0.0978,12.8867,0.5993,0.0045
2863,20982 Esec Forte SCTASK7649659_Amendment Agreement (2)_copy_875.pdf,0.0983,12.8906,0.5991,0.0045
2864,20982 Esec Forte SCTASK7649659_Amendment Agreement (2)_copy_876.pdf,0.0977,12.8945,0.5989,0.0045
2865,20982 Esec Forte SCTASK7649659_Amendment Agreement (2)_copy_877.pdf,0.1005,12.9023,0.5987,0.0045
2866,20982 Esec Forte SCTASK7649659_Amendment Agreement (2)_copy_878.pdf,0.1064,12.9062,0.5986,0.0045
2867,20982 Esec Forte SCTASK7649659_Amendment Agreement (2)_copy_879.pdf,0.1002,12.9102,0.5984,0.0045
2868,20982 Esec Forte SCTASK7649659_Amendment Agreement (2)_copy_88.pdf,0.1008,12.9141,0.5982,0.0045
2869,20982 Esec Forte SCTASK7649659_Amendment Agreement (2)_copy_880.pdf,0.0926,12.918,0.598,0.0045
2870,20982 Esec Forte SCTASK7649659_Amendment Agreement (2)_copy_881.pdf,0.0981,12.9219,0.5979,0.0045
2871,20982 Esec Forte SCTASK7649659_Amendment Agreement (2)_copy_882.pdf,0.1089,12.9258,0.5977,0.0045
2872,20982 Esec Forte SCTASK7649659_Amendment Agreement (2)_copy_883.pdf,0.1005,12.9297,0.5975,0.0045
2873,20982 Esec Forte SCTASK7649659_Amendment Agreement (2)_copy_884.pdf,0.0987,12.9375,0.5974,0.0045
2874,20982 Esec Forte SCTASK7649659_Amendment Agreement (2)_copy_885.pdf,0.0975,12.9414,0.5972,0.0045
2875,20982 Esec Forte SCTASK7649659_Amendment Agreement (2)_copy_886.pdf,0.0979,12.9453,0.597,0.0045
2876,20982 Esec Forte SCTASK7649659_Amendment Agreement (2)_copy_887.pdf,0.0985,12.9492,0.5968,0.0045
2877,20982 Esec Forte SCTASK7649659_Amendment Agreement (2)_copy_888.pdf,0.0946,12.9531,0.5967,0.0045
2878,20982 Esec Forte SCTASK7649659_Amendment Agreement (2)_copy_889.pdf,0.1018,12.9609,0.5965,0.0045
2879,20982 Esec Forte SCTASK7649659_Amendment Agreement (2)_copy_89.pdf,0.1084,12.9648,0.5963,0.0045
2880,20982 Esec Forte SCTASK7649659_Amendment Agreement (2)_copy_890.pdf,0.0962,12.9688,0.5961,0.0045
2881,20982 Esec Forte SCTASK7649659_Amendment Agreement (2)_copy_891.pdf,0.0964,12.9766,0.596,0.0045
2882,20982 Esec Forte SCTASK7649659_Amendment Agreement (2)_copy_892.pdf,0.0962,12.9805,0.5958,0.0045
2883,20982 Esec Forte SCTASK7649659_Amendment Agreement (2)_copy_893.pdf,0.0989,12.9844,0.5956,0.0045
2884,20982 Esec Forte SCTASK7649659_Amendment Agreement (2)_copy_894.pdf,0.101,12.9883,0.5955,0.0045
2885,20982 Esec Forte SCTASK7649659_Amendment Agreement (2)_copy_895.pdf,0.0995,12.9922,0.5953,0.0045
2886,20982 Esec Forte SCTASK7649659_Amendment Agreement (2)_copy_896.pdf,0.0989,12.9961,0.5951,0.0045
2887,20982 Esec Forte SCTASK7649659_Amendment Agreement (2)_copy_897.pdf,0.1074,13.0,0.5949,0.0045
2888,20982 Esec Forte SCTASK7649659_Amendment Agreement (2)_copy_898.pdf,0.1102,13.0039,0.5948,0.0045
2889,20982 Esec Forte SCTASK7649659_Amendment Agreement (2)_copy_899.pdf,0.099,13.0117,0.5946,0.0045
2890,20982 Esec Forte SCTASK7649659_Amendment Agreement (2)_copy_9.pdf,0.0957,13.0156,0.5944,0.0045
2891,20982 Esec Forte SCTASK7649659_Amendment Agreement (2)_copy_90.pdf,0.0988,13.0195,0.5943,0.0045
2892,20982 Esec Forte SCTASK7649659_Amendment Agreement (2)_copy_900.pdf,0.0995,13.0234,0.5941,0.0045
2893,20982 Esec Forte SCTASK7649659_Amendment Agreement (2)_copy_901.pdf,0.0961,13.0273,0.5939,0.0045
2894,20982 Esec Forte SCTASK7649659_Amendment Agreement (2)_copy_902.pdf,0.0969,13.0312,0.5937,0.0045
2895,20982 Esec Forte SCTASK7649659_Amendment Agreement (2)_copy_903.pdf,0.0989,13.0352,0.5936,0.0045
2896,20982 Esec Forte SCTASK7649659_Amendment Agreement (2)_copy_904.pdf,0.0991,13.0391,0.5934,0.0045
2897,20982 Esec Forte SCTASK7649659_Amendment Agreement (2)_copy_905.pdf,0.1091,13.0469,0.5932,0.0045
2898,20982 Esec Forte SCTASK7649659_Amendment Agreement (2)_copy_906.pdf,0.0969,13.0508,0.5931,0.0045
2899,20982 Esec Forte SCTASK7649659_Amendment Agreement (2)_copy_907.pdf,0.1224,13.0547,0.5929,0.0045
2900,20982 Esec Forte SCTASK7649659_Amendment Agreement (2)_copy_908.pdf,0.103,13.0586,0.5927,0.0045
2901,20982 Esec Forte SCTASK7649659_Amendment Agreement (2)_copy_909.pdf,0.1108,13.0625,0.5926,0.0045
2902,20982 Esec Forte SCTASK7649659_Amendment Agreement (2)_copy_91.pdf,0.1076,13.0664,0.5924,0.0045
2903,20982 Esec Forte SCTASK7649659_Amendment Agreement (2)_copy_910.pdf,0.1048,13.0703,0.5922,0.0045
2904,20982 Esec Forte SCTASK7649659_Amendment Agreement (2)_copy_911.pdf,0.1002,13.0742,0.5921,0.0045
2905,20982 Esec Forte SCTASK7649659_Amendment Agreement (2)_copy_912.pdf,0.098,13.082,0.5919,0.0045
2906,20982 Esec Forte SCTASK7649659_Amendment Agreement (2)_copy_913.pdf,0.0977,13.0859,0.5917,0.0045
2907,20982 Esec Forte SCTASK7649659_Amendment Agreement (2)_copy_914.pdf,0.0953,13.0898,0.5916,0.0045
2908,20982 Esec Forte SCTASK7649659_Amendment Agreement (2)_copy_915.pdf,0.0952,13.0938,0.5914,0.0045
2909,20982 Esec Forte SCTASK7649659_Amendment Agreement (2)_copy_916.pdf,0.0942,13.0977,0.5912,0.0045
2910,20982 Esec Forte SCTASK7649659_Amendment Agreement (2)_copy_917.pdf,0.0926,13.1016,0.591,0.0045
2911,20982 Esec Forte SCTASK7649659_Amendment Agreement (2)_copy_918.pdf,0.0902,13.1055,0.5909,0.0045
2912,20982 Esec Forte SCTASK7649659_Amendment Agreement (2)_copy_919.pdf,0.0871,13.1094,0.5907,0.0045
2913,20982 Esec Forte SCTASK7649659_Amendment Agreement (2)_copy_92.pdf,0.0874,13.1172,0.5905,0.0045
2914,20982 Esec Forte SCTASK7649659_Amendment Agreement (2)_copy_920.pdf,0.0872,13.1211,0.5903,0.0045
2915,20982 Esec Forte SCTASK7649659_Amendment Agreement (2)_copy_921.pdf,0.1057,13.125,0.5902,0.0045
2916,20982 Esec Forte SCTASK7649659_Amendment Agreement (2)_copy_922.pdf,0.1039,13.1289,0.59,0.0045
2917,20982 Esec Forte SCTASK7649659_Amendment Agreement (2)_copy_923.pdf,0.0911,13.1328,0.5898,0.0045
2918,20982 Esec Forte SCTASK7649659_Amendment Agreement (2)_copy_924.pdf,0.093,13.1367,0.5897,0.0045
2919,20982 Esec Forte SCTASK7649659_Amendment Agreement (2)_copy_925.pdf,0.0967,13.1406,0.5895,0.0045
2920,20982 Esec Forte SCTASK7649659_Amendment Agreement (2)_copy_926.pdf,0.0987,13.1445,0.5893,0.0045
2921,20982 Esec Forte SCTASK7649659_Amendment Agreement (2)_copy_927.pdf,0.0957,13.1523,0.5892,0.0045
2922,20982 Esec Forte SCTASK7649659_Amendment Agreement (2)_copy_928.pdf,0.092,13.1562,0.589,0.0045
2923,20982 Esec Forte SCTASK7649659_Amendment Agreement (2)_copy_929.pdf,0.0916,13.1602,0.5888,0.0045
2924,20982 Esec Forte SCTASK7649659_Amendment Agreement (2)_copy_93.pdf,0.0917,13.1641,0.5887,0.0045
2925,20982 Esec Forte SCTASK7649659_Amendment Agreement (2)_copy_930.pdf,0.0885,13.168,0.5885,0.0045
2926,20982 Esec Forte SCTASK7649659_Amendment Agreement (2)_copy_931.pdf,0.0871,13.1758,0.5883,0.0045
2927,20982 Esec Forte SCTASK7649659_Amendment Agreement (2)_copy_932.pdf,0.085,13.1797,0.5881,0.0045
2928,20982 Esec Forte SCTASK7649659_Amendment Agreement (2)_copy_933.pdf,0.0822,13.1836,0.588,0.0045
2929,20982 Esec Forte SCTASK7649659_Amendment Agreement (2)_copy_934.pdf,0.0833,13.1914,0.5878,0.0045
2930,20982 Esec Forte SCTASK7649659_Amendment Agreement (2)_copy_935.pdf,0.0947,13.1953,0.5876,0.0045
2931,20982 Esec Forte SCTASK7649659_Amendment Agreement (2)_copy_936.pdf,0.0971,13.1992,0.5875,0.0045
2932,20982 Esec Forte SCTASK7649659_Amendment Agreement (2)_copy_937.pdf,0.0951,13.2031,0.5873,0.0045
2933,20982 Esec Forte SCTASK7649659_Amendment Agreement (2)_copy_938.pdf,0.0947,13.207,0.5871,0.0045
2934,20982 Esec Forte SCTASK7649659_Amendment Agreement (2)_copy_939.pdf,0.0923,13.2109,0.587,0.0045
2935,20982 Esec Forte SCTASK7649659_Amendment Agreement (2)_copy_94.pdf,0.0884,13.2148,0.5868,0.0045
2936,20982 Esec Forte SCTASK7649659_Amendment Agreement (2)_copy_940.pdf,0.0879,13.2188,0.5866,0.0045
2937,20982 Esec Forte SCTASK7649659_Amendment Agreement (2)_copy_941.pdf,0.0837,13.2266,0.5864,0.0045
2938,20982 Esec Forte SCTASK7649659_Amendment Agreement (2)_copy_942.pdf,0.0826,13.2305,0.5863,0.0045
2939,20982 Esec Forte SCTASK7649659_Amendment Agreement (2)_copy_943.pdf,0.0829,13.2344,0.5861,0.0045
2940,20982 Esec Forte SCTASK7649659_Amendment Agreement (2)_copy_944.pdf,0.0833,13.2383,0.5859,0.0045
2941,20982 Esec Forte SCTASK7649659_Amendment Agreement (2)_copy_945.pdf,0.0963,13.2422,0.5858,0.0045
2942,20982 Esec Forte SCTASK7649659_Amendment Agreement (2)_copy_946.pdf,0.1024,13.2461,0.5856,0.0045
2943,20982 Esec Forte SCTASK7649659_Amendment Agreement (2)_copy_947.pdf,0.0982,13.25,0.5854,0.0045
2944,20982 Esec Forte SCTASK7649659_Amendment Agreement (2)_copy_948.pdf,0.0953,13.2539,0.5853,0.0045
2945,20982 Esec Forte SCTASK7649659_Amendment Agreement (2)_copy_949.pdf,0.094,13.2617,0.5851,0.0045
2946,20982 Esec Forte SCTASK7649659_Amendment Agreement (2)_copy_95.pdf,0.1205,13.2656,0.5849,0.0045
2947,20982 Esec Forte SCTASK7649659_Amendment Agreement (2)_copy_950.pdf,0.1002,13.2695,0.5848,0.0045
2948,20982 Esec Forte SCTASK7649659_Amendment Agreement (2)_copy_951.pdf,0.1,13.2734,0.5846,0.0045
2949,20982 Esec Forte SCTASK7649659_Amendment Agreement (2)_copy_952.pdf,0.0921,13.2773,0.5844,0.0045
2950,20982 Esec Forte SCTASK7649659_Amendment Agreement (2)_copy_953.pdf,0.0906,13.2812,0.5843,0.0045
2951,20982 Esec Forte SCTASK7649659_Amendment Agreement (2)_copy_954.pdf,0.0969,13.2852,0.5841,0.0045
2952,20982 Esec Forte SCTASK7649659_Amendment Agreement (2)_copy_955.pdf,0.0957,13.2891,0.584,0.0045
2953,20982 Esec Forte SCTASK7649659_Amendment Agreement (2)_copy_956.pdf,0.0944,13.2969,0.5838,0.0045
2954,20982 Esec Forte SCTASK7649659_Amendment Agreement (2)_copy_957.pdf,0.0903,13.3008,0.5836,0.0045
2955,20982 Esec Forte SCTASK7649659_Amendment Agreement (2)_copy_958.pdf,0.0882,13.3047,0.5835,0.0045
2956,20982 Esec Forte SCTASK7649659_Amendment Agreement (2)_copy_959.pdf,0.0848,13.3086,0.5833,0.0045
2957,20982 Esec Forte SCTASK7649659_Amendment Agreement (2)_copy_96.pdf,0.0847,13.3125,0.5831,0.0045
2958,20982 Esec Forte SCTASK7649659_Amendment Agreement (2)_copy_960.pdf,0.0812,13.3164,0.5829,0.0045
2959,20982 Esec Forte SCTASK7649659_Amendment Agreement (2)_copy_961.pdf,0.0798,13.3203,0.5828,0.0045
2960,20982 Esec Forte SCTASK7649659_Amendment Agreement (2)_copy_962.pdf,0.0923,13.3242,0.5826,0.0045
2961,20982 Esec Forte SCTASK7649659_Amendment Agreement (2)_copy_963.pdf,0.1002,13.332,0.5824,0.0045
2962,20982 Esec Forte SCTASK7649659_Amendment Agreement (2)_copy_964.pdf,0.0962,13.3359,0.5823,0.0045
2963,20982 Esec Forte SCTASK7649659_Amendment Agreement (2)_copy_965.pdf,0.0965,13.3398,0.5821,0.0045
2964,20982 Esec Forte SCTASK7649659_Amendment Agreement (2)_copy_966.pdf,0.0933,13.3438,0.582,0.0045
2965,20982 Esec Forte SCTASK7649659_Amendment Agreement (2)_copy_967.pdf,0.089,13.3477,0.5818,0.0045
2966,20982 Esec Forte SCTASK7649659_Amendment Agreement (2)_copy_968.pdf,0.0907,13.3516,0.5816,0.0045
2967,20982 Esec Forte SCTASK7649659_Amendment Agreement (2)_copy_969.pdf,0.0886,13.3555,0.5815,0.0045
2968,20982 Esec Forte SCTASK7649659_Amendment Agreement (2)_copy_97.pdf,0.0852,13.3594,0.5813,0.0045
2969,20982 Esec Forte SCTASK7649659_Amendment Agreement (2)_copy_970.pdf,0.0836,13.3672,0.5811,0.0045
2970,20982 Esec Forte SCTASK7649659_Amendment Agreement (2)_copy_971.pdf,0.083,13.3711,0.581,0.0045
2971,20982 Esec Forte SCTASK7649659_Amendment Agreement (2)_copy_972.pdf,0.102,13.375,0.5808,0.0045
2972,20982 Esec Forte SCTASK7649659_Amendment Agreement (2)_copy_973.pdf,0.1026,13.3789,0.5806,0.0045
2973,20982 Esec Forte SCTASK7649659_Amendment Agreement (2)_copy_974.pdf,0.0952,13.3828,0.5805,0.0045
2974,20982 Esec Forte SCTASK7649659_Amendment Agreement (2)_copy_975.pdf,0.0925,13.3906,0.5803,0.0045
2975,20982 Esec Forte SCTASK7649659_Amendment Agreement (2)_copy_976.pdf,0.097,13.3945,0.5801,0.0045
2976,20982 Esec Forte SCTASK7649659_Amendment Agreement (2)_copy_977.pdf,0.0957,13.3984,0.58,0.0045
2977,20982 Esec Forte SCTASK7649659_Amendment Agreement (2)_copy_978.pdf,0.0899,13.4062,0.5798,0.0045
2978,20982 Esec Forte SCTASK7649659_Amendment Agreement (2)_copy_979.pdf,0.0889,13.4102,0.5796,0.0045
2979,20982 Esec Forte SCTASK7649659_Amendment Agreement (2)_copy_98.pdf,0.0908,13.4141,0.5795,0.0045
2980,20982 Esec Forte SCTASK7649659_Amendment Agreement (2)_copy_980.pdf,0.0871,13.418,0.5793,0.0045
2981,20982 Esec Forte SCTASK7649659_Amendment Agreement (2)_copy_981.pdf,0.0862,13.4219,0.5792,0.0045
2982,20982 Esec Forte SCTASK7649659_Amendment Agreement (2)_copy_982.pdf,0.0833,13.4258,0.579,0.0045
2983,20982 Esec Forte SCTASK7649659_Amendment Agreement (2)_copy_983.pdf,0.0846,13.4297,0.5788,0.0045
2984,20982 Esec Forte SCTASK7649659_Amendment Agreement (2)_copy_984.pdf,0.0983,13.4336,0.5787,0.0045
2985,20982 Esec Forte SCTASK7649659_Amendment Agreement (2)_copy_985.pdf,0.1025,13.4414,0.5785,0.0045
2986,20982 Esec Forte SCTASK7649659_Amendment Agreement (2)_copy_986.pdf,0.095,13.4453,0.5783,0.0045
2987,20982 Esec Forte SCTASK7649659_Amendment Agreement (2)_copy_987.pdf,0.0898,13.4492,0.5782,0.0045
2988,20982 Esec Forte SCTASK7649659_Amendment Agreement (2)_copy_988.pdf,0.0997,13.4531,0.578,0.0045
2989,20982 Esec Forte SCTASK7649659_Amendment Agreement (2)_copy_989.pdf,0.0953,13.457,0.5779,0.0045
2990,20982 Esec Forte SCTASK7649659_Amendment Agreement (2)_copy_99.pdf,0.095,13.4609,0.5777,0.0045
2991,20982 Esec Forte SCTASK7649659_Amendment Agreement (2)_copy_990.pdf,0.0952,13.4648,0.5775,0.0045
2992,20982 Esec Forte SCTASK7649659_Amendment Agreement (2)_copy_991.pdf,0.0901,13.4688,0.5774,0.0045
2993,20982 Esec Forte SCTASK7649659_Amendment Agreement (2)_copy_992.pdf,0.0893,13.4766,0.5772,0.0045
2994,20982 Esec Forte SCTASK7649659_Amendment Agreement (2)_copy_993.pdf,0.0849,13.4805,0.577,0.0045
2995,20982 Esec Forte SCTASK7649659_Amendment Agreement (2)_copy_994.pdf,0.0831,13.4844,0.5769,0.0045
2996,20982 Esec Forte SCTASK7649659_Amendment Agreement (2)_copy_995.pdf,0.0837,13.4883,0.5767,0.0045
2997,20982 Esec Forte SCTASK7649659_Amendment Agreement (2)_copy_996.pdf,0.0943,13.4922,0.5765,0.0045
2998,20982 Esec Forte SCTASK7649659_Amendment Agreement (2)_copy_997.pdf,0.0925,13.4961,0.5764,0.0045
2999,20982 Esec Forte SCTASK7649659_Amendment Agreement (2)_copy_998.pdf,0.0914,13.5,0.5762,0.0045
3000,20982 Esec Forte SCTASK7649659_Amendment Agreement (2)_copy_999.pdf,0.0964,13.5039,0.5761,0.0045
6001,AUTODATA SOLUTIONS INC_SOW (2)_copy_1.pdf,1.884,13.5117,0.2883,0.0023
6002,AUTODATA SOLUTIONS INC_SOW (2)_copy_10.pdf,1.5741,13.5156,0.2885,0.0023
6003,AUTODATA SOLUTIONS INC_SOW (2)_copy_100.pdf,1.5935,13.5195,0.2887,0.0023
6004,AUTODATA SOLUTIONS INC_SOW (2)_copy_1000.pdf,1.5959,13.5234,0.2889,0.0023
6005,AUTODATA SOLUTIONS INC_SOW (2)_copy_101.pdf,1.5975,13.5273,0.2892,0.0023
6006,AUTODATA SOLUTIONS INC_SOW (2)_copy_102.pdf,1.6048,13.5312,0.2894,0.0023
6007,AUTODATA SOLUTIONS INC_SOW (2)_copy_103.pdf,1.5951,13.5352,0.2896,0.0023
6008,AUTODATA SOLUTIONS INC_SOW (2)_copy_104.pdf,1.6046,13.5391,0.2898,0.0023
6009,AUTODATA SOLUTIONS INC_SOW (2)_copy_105.pdf,1.6009,13.5469,0.29,0.0023
6010,AUTODATA SOLUTIONS INC_SOW (2)_copy_106.pdf,1.5987,13.5508,0.2903,0.0023
6011,AUTODATA SOLUTIONS INC_SOW (2)_copy_107.pdf,1.6163,13.5547,0.2905,0.0023
6012,AUTODATA SOLUTIONS INC_SOW (2)_copy_108.pdf,1.6459,13.5586,0.2907,0.0023
6013,AUTODATA SOLUTIONS INC_SOW (2)_copy_109.pdf,1.6004,13.5625,0.2909,0.0023
6014,AUTODATA SOLUTIONS INC_SOW (2)_copy_11.pdf,1.5962,13.5664,0.2911,0.0023
6015,AUTODATA SOLUTIONS INC_SOW (2)_copy_110.pdf,1.5964,13.5703,0.2914,0.0023
6016,AUTODATA SOLUTIONS INC_SOW (2)_copy_111.pdf,1.5997,13.5742,0.2916,0.0023
6017,AUTODATA SOLUTIONS INC_SOW (2)_copy_112.pdf,1.5954,13.582,0.2918,0.0023
6018,AUTODATA SOLUTIONS INC_SOW (2)_copy_113.pdf,1.6018,13.5859,0.292,0.0023
6019,AUTODATA SOLUTIONS INC_SOW (2)_copy_114.pdf,1.5974,13.5898,0.2922,0.0023
6020,AUTODATA SOLUTIONS INC_SOW (2)_copy_115.pdf,1.5962,13.5938,0.2924,0.0023
6021,AUTODATA SOLUTIONS INC_SOW (2)_copy_116.pdf,1.5976,13.5977,0.2927,0.0023
6022,AUTODATA SOLUTIONS INC_SOW (2)_copy_117.pdf,1.6038,13.6016,0.2929,0.0023
6023,AUTODATA SOLUTIONS INC_SOW (2)_copy_118.pdf,1.5982,13.6055,0.2931,0.0023
6024,AUTODATA SOLUTIONS INC_SOW (2)_copy_119.pdf,1.5967,13.6094,0.2933,0.0023
6025,AUTODATA SOLUTIONS INC_SOW (2)_copy_12.pdf,1.5992,13.6172,0.2935,0.0023
6026,AUTODATA SOLUTIONS INC_SOW (2)_copy_120.pdf,1.602,13.6211,0.2937,0.0023
6027,AUTODATA SOLUTIONS INC_SOW (2)_copy_121.pdf,1.5969,13.625,0.294,0.0023
6028,AUTODATA SOLUTIONS INC_SOW (2)_copy_122.pdf,1.6437,13.6289,0.2942,0.0023
6029,AUTODATA SOLUTIONS INC_SOW (2)_copy_123.pdf,1.6295,13.6328,0.2944,0.0023
6030,AUTODATA SOLUTIONS INC_SOW (2)_copy_124.pdf,1.6306,13.6367,0.2946,0.0023
6031,AUTODATA SOLUTIONS INC_SOW (2)_copy_125.pdf,1.6248,13.6406,0.2948,0.0023
6032,AUTODATA SOLUTIONS INC_SOW (2)_copy_126.pdf,1.598,13.6445,0.2951,0.0023
6033,AUTODATA SOLUTIONS INC_SOW (2)_copy_127.pdf,1.5974,13.6562,0.2953,0.0023
6034,AUTODATA SOLUTIONS INC_SOW (2)_copy_128.pdf,1.5987,13.6602,0.2955,0.0023
6035,AUTODATA SOLUTIONS INC_SOW (2)_copy_129.pdf,1.5981,13.6641,0.2957,0.0023
6036,AUTODATA SOLUTIONS INC_SOW (2)_copy_13.pdf,1.6077,13.668,0.2959,0.0023
6037,AUTODATA SOLUTIONS INC_SOW (2)_copy_130.pdf,1.6539,13.6719,0.2962,0.0023
6038,AUTODATA SOLUTIONS INC_SOW (2)_copy_131.pdf,1.5975,13.6758,0.2964,0.0023
6039,AUTODATA SOLUTIONS INC_SOW (2)_copy_132.pdf,1.5981,13.6797,0.2966,0.0023
6040,AUTODATA SOLUTIONS INC_SOW (2)_copy_133.pdf,1.6007,13.6836,0.2968,0.0023
6041,AUTODATA SOLUTIONS INC_SOW (2)_copy_134.pdf,1.6,13.6914,0.297,0.0023
6042,AUTODATA SOLUTIONS INC_SOW (2)_copy_135.pdf,1.5961,13.6953,0.2972,0.0023
6043,AUTODATA SOLUTIONS INC_SOW (2)_copy_136.pdf,1.5946,13.6992,0.2974,0.0023
6044,AUTODATA SOLUTIONS INC_SOW (2)_copy_137.pdf,1.6037,13.7031,0.2977,0.0023
6045,AUTODATA SOLUTIONS INC_SOW (2)_copy_138.pdf,1.5969,13.707,0.2979,0.0023
6046,AUTODATA SOLUTIONS INC_SOW (2)_copy_139.pdf,1.5993,13.7109,0.2981,0.0023
6047,AUTODATA SOLUTIONS INC_SOW (2)_copy_14.pdf,1.5993,13.7148,0.2983,0.0023
6048,AUTODATA SOLUTIONS INC_SOW (2)_copy_140.pdf,1.5993,13.7188,0.2985,0.0023
6049,AUTODATA SOLUTIONS INC_SOW (2)_copy_141.pdf,1.5979,13.7266,0.2987,0.0023
6050,AUTODATA SOLUTIONS INC_SOW (2)_copy_142.pdf,1.635,13.7305,0.299,0.0023
6051,AUTODATA SOLUTIONS INC_SOW (2)_copy_143.pdf,1.6278,13.7344,0.2992,0.0023
6052,AUTODATA SOLUTIONS INC_SOW (2)_copy_144.pdf,1.6022,13.7383,0.2994,0.0023
6053,AUTODATA SOLUTIONS INC_SOW (2)_copy_145.pdf,1.5986,13.7422,0.2996,0.0023
6054,AUTODATA SOLUTIONS INC_SOW (2)_copy_146.pdf,1.598,13.7461,0.2998,0.0023
6055,AUTODATA SOLUTIONS INC_SOW (2)_copy_147.pdf,1.5982,13.75,0.3,0.0023
6056,AUTODATA SOLUTIONS INC_SOW (2)_copy_148.pdf,1.6048,13.7539,0.3003,0.0023
6057,AUTODATA SOLUTIONS INC_SOW (2)_copy_149.pdf,1.5899,13.7617,0.3005,0.0023
6058,AUTODATA SOLUTIONS INC_SOW (2)_copy_15.pdf,1.5992,13.7656,0.3007,0.0023
6059,AUTODATA SOLUTIONS INC_SOW (2)_copy_150.pdf,1.5987,13.7695,0.3009,0.0023
6060,AUTODATA SOLUTIONS INC_SOW (2)_copy_151.pdf,1.5991,13.7734,0.3011,0.0023
6061,AUTODATA SOLUTIONS INC_SOW (2)_copy_152.pdf,1.5968,13.7773,0.3013,0.0023
6062,AUTODATA SOLUTIONS INC_SOW (2)_copy_153.pdf,1.6012,13.7812,0.3015,0.0023
6063,AUTODATA SOLUTIONS INC_SOW (2)_copy_154.pdf,1.6068,13.7852,0.3017,0.0023
6064,AUTODATA SOLUTIONS INC_SOW (2)_copy_155.pdf,1.595,13.7891,0.302,0.0023
6065,AUTODATA SOLUTIONS INC_SOW (2)_copy_156.pdf,1.6007,13.7969,0.3022,0.0023
6066,AUTODATA SOLUTIONS INC_SOW (2)_copy_157.pdf,1.5911,13.8008,0.3024,0.0023
6067,AUTODATA SOLUTIONS INC_SOW (2)_copy_158.pdf,1.5998,13.8047,0.3026,0.0023
6068,AUTODATA SOLUTIONS INC_SOW (2)_copy_159.pdf,1.6047,13.8086,0.3028,0.0023
6069,AUTODATA SOLUTIONS INC_SOW (2)_copy_16.pdf,1.6009,13.8125,0.303,0.0023
6070,AUTODATA SOLUTIONS INC_SOW (2)_copy_160.pdf,1.5912,13.8164,0.3032,0.0023
6071,AUTODATA SOLUTIONS INC_SOW (2)_copy_161.pdf,1.6019,13.8203,0.3035,0.0023
6072,AUTODATA SOLUTIONS INC_SOW (2)_copy_162.pdf,1.5947,13.8242,0.3037,0.0023
6073,AUTODATA SOLUTIONS INC_SOW (2)_copy_163.pdf,1.6007,13.832,0.3039,0.0023
6074,AUTODATA SOLUTIONS INC_SOW (2)_copy_164.pdf,1.5963,13.8359,0.3041,0.0023
6075,AUTODATA SOLUTIONS INC_SOW (2)_copy_165.pdf,1.5997,13.8398,0.3043,0.0023
6076,AUTODATA SOLUTIONS INC_SOW (2)_copy_166.pdf,1.6008,13.8438,0.3045,0.0023
6077,AUTODATA SOLUTIONS INC_SOW (2)_copy_167.pdf,1.5998,13.8477,0.3047,0.0023
6078,AUTODATA SOLUTIONS INC_SOW (2)_copy_168.pdf,1.5964,13.8516,0.3049,0.0023
6079,AUTODATA SOLUTIONS INC_SOW (2)_copy_169.pdf,1.6054,13.8555,0.3052,0.0023
6080,AUTODATA SOLUTIONS INC_SOW (2)_copy_17.pdf,1.5914,13.8594,0.3054,0.0023
6081,AUTODATA SOLUTIONS INC_SOW (2)_copy_170.pdf,1.5966,13.8672,0.3056,0.0023
6082,AUTODATA SOLUTIONS INC_SOW (2)_copy_171.pdf,1.6033,13.8711,0.3058,0.0023
6083,AUTODATA SOLUTIONS INC_SOW (2)_copy_172.pdf,1.5989,13.875,0.306,0.0023
6084,AUTODATA SOLUTIONS INC_SOW (2)_copy_173.pdf,1.6005,13.8789,0.3062,0.0023
6085,AUTODATA SOLUTIONS INC_SOW (2)_copy_174.pdf,1.6014,13.8828,0.3064,0.0023
6086,AUTODATA SOLUTIONS INC_SOW (2)_copy_175.pdf,1.5935,13.8867,0.3067,0.0023
6087,AUTODATA SOLUTIONS INC_SOW (2)_copy_176.pdf,1.5967,13.8906,0.3069,0.0023
6088,AUTODATA SOLUTIONS INC_SOW (2)_copy_177.pdf,1.6062,13.8945,0.3071,0.0023
6089,AUTODATA SOLUTIONS INC_SOW (2)_copy_178.pdf,1.5874,13.9023,0.3073,0.0023
6090,AUTODATA SOLUTIONS INC_SOW (2)_copy_179.pdf,1.5946,13.9062,0.3075,0.0023
6091,AUTODATA SOLUTIONS INC_SOW (2)_copy_18.pdf,1.6006,13.9102,0.3077,0.0023
6092,AUTODATA SOLUTIONS INC_SOW (2)_copy_180.pdf,1.6127,13.9141,0.3079,0.0023
6093,AUTODATA SOLUTIONS INC_SOW (2)_copy_181.pdf,1.5869,13.918,0.3081,0.0023
6094,AUTODATA SOLUTIONS INC_SOW (2)_copy_182.pdf,1.5966,13.9219,0.3083,0.0023
6095,AUTODATA SOLUTIONS INC_SOW (2)_copy_183.pdf,1.5987,13.9258,0.3086,0.0023
6096,AUTODATA SOLUTIONS INC_SOW (2)_copy_184.pdf,1.5989,13.9297,0.3088,0.0023
6097,AUTODATA SOLUTIONS INC_SOW (2)_copy_185.pdf,1.5999,13.9375,0.309,0.0023
6098,AUTODATA SOLUTIONS INC_SOW (2)_copy_186.pdf,1.615,13.9414,0.3092,0.0023
6099,AUTODATA SOLUTIONS INC_SOW (2)_copy_187.pdf,1.6494,13.9453,0.3094,0.0023
6100,AUTODATA SOLUTIONS INC_SOW (2)_copy_188.pdf,1.6023,13.9492,0.3096,0.0023
6101,AUTODATA SOLUTIONS INC_SOW (2)_copy_189.pdf,1.598,13.9531,0.3098,0.0023
6102,AUTODATA SOLUTIONS INC_SOW (2)_copy_19.pdf,1.6032,13.957,0.31,0.0023
6103,AUTODATA SOLUTIONS INC_SOW (2)_copy_190.pdf,1.5975,13.9609,0.3103,0.0023
6104,AUTODATA SOLUTIONS INC_SOW (2)_copy_191.pdf,1.597,13.9648,0.3105,0.0023
6105,AUTODATA SOLUTIONS INC_SOW (2)_copy_192.pdf,1.5932,13.9766,0.3107,0.0023
6106,AUTODATA SOLUTIONS INC_SOW (2)_copy_193.pdf,1.6069,13.9805,0.3109,0.0023
6107,AUTODATA SOLUTIONS INC_SOW (2)_copy_194.pdf,1.5972,13.9844,0.3111,0.0023
6108,AUTODATA SOLUTIONS INC_SOW (2)_copy_195.pdf,1.5959,13.9883,0.3113,0.0023
6109,AUTODATA SOLUTIONS INC_SOW (2)_copy_196.pdf,1.6048,13.9922,0.3115,0.0023
6110,AUTODATA SOLUTIONS INC_SOW (2)_copy_197.pdf,1.5975,13.9961,0.3117,0.0023
6111,AUTODATA SOLUTIONS INC_SOW (2)_copy_198.pdf,1.6006,14.0,0.3119,0.0023
6112,AUTODATA SOLUTIONS INC_SOW (2)_copy_199.pdf,1.6109,14.0039,0.3122,0.0023
6113,AUTODATA SOLUTIONS INC_SOW (2)_copy_2.pdf,1.651,14.0117,0.3124,0.0023
6114,AUTODATA SOLUTIONS INC_SOW (2)_copy_20.pdf,1.5971,14.0156,0.3126,0.0023
6115,AUTODATA SOLUTIONS INC_SOW (2)_copy_200.pdf,1.5961,14.0195,0.3128,0.0023
6116,AUTODATA SOLUTIONS INC_SOW (2)_copy_201.pdf,1.602,14.0234,0.313,0.0023
6117,AUTODATA SOLUTIONS INC_SOW (2)_copy_202.pdf,1.5965,14.0273,0.3132,0.0023
6118,AUTODATA SOLUTIONS INC_SOW (2)_copy_203.pdf,1.5986,14.0312,0.3134,0.0023
6119,AUTODATA SOLUTIONS INC_SOW (2)_copy_204.pdf,1.6051,14.0352,0.3136,0.0023
6120,AUTODATA SOLUTIONS INC_SOW (2)_copy_205.pdf,1.6551,14.0391,0.3139,0.0023
6121,AUTODATA SOLUTIONS INC_SOW (2)_copy_206.pdf,1.6028,14.0469,0.3141,0.0023
6122,AUTODATA SOLUTIONS INC_SOW (2)_copy_207.pdf,1.6029,14.0508,0.3143,0.0023
6123,AUTODATA SOLUTIONS INC_SOW (2)_copy_208.pdf,1.6007,14.0547,0.3145,0.0023
6124,AUTODATA SOLUTIONS INC_SOW (2)_copy_209.pdf,1.5937,14.0586,0.3147,0.0023
6125,AUTODATA SOLUTIONS INC_SOW (2)_copy_21.pdf,1.6027,14.0625,0.3149,0.0023
6126,AUTODATA SOLUTIONS INC_SOW (2)_copy_210.pdf,1.6037,14.0664,0.3151,0.0023
6127,AUTODATA SOLUTIONS INC_SOW (2)_copy_211.pdf,1.5985,14.0703,0.3153,0.0023
6128,AUTODATA SOLUTIONS INC_SOW (2)_copy_212.pdf,1.5944,14.0742,0.3155,0.0023
6129,AUTODATA SOLUTIONS INC_SOW (2)_copy_213.pdf,1.5934,14.082,0.3157,0.0023
6130,AUTODATA SOLUTIONS INC_SOW (2)_copy_214.pdf,1.6082,14.0859,0.316,0.0023
6131,AUTODATA SOLUTIONS INC_SOW (2)_copy_215.pdf,1.5926,14.0898,0.3162,0.0023
6132,AUTODATA SOLUTIONS INC_SOW (2)_copy_216.pdf,1.6031,14.0938,0.3164,0.0023
6133,AUTODATA SOLUTIONS INC_SOW (2)_copy_217.pdf,1.6031,14.0977,0.3166,0.0023
6134,AUTODATA SOLUTIONS INC_SOW (2)_copy_218.pdf,1.5924,14.1016,0.3168,0.0023
6135,AUTODATA SOLUTIONS INC_SOW (2)_copy_219.pdf,1.602,14.1055,0.317,0.0023
6136,AUTODATA SOLUTIONS INC_SOW (2)_copy_22.pdf,1.5911,14.1094,0.3172,0.0023
6137,AUTODATA SOLUTIONS INC_SOW (2)_copy_220.pdf,1.6108,14.1172,0.3174,0.0023
6138,AUTODATA SOLUTIONS INC_SOW (2)_copy_221.pdf,1.6089,14.1211,0.3176,0.0023
6139,AUTODATA SOLUTIONS INC_SOW (2)_copy_222.pdf,1.6403,14.125,0.3178,0.0023
6140,AUTODATA SOLUTIONS INC_SOW (2)_copy_223.pdf,1.6071,14.1289,0.3181,0.0023
6141,AUTODATA SOLUTIONS INC_SOW (2)_copy_224.pdf,1.6472,14.1328,0.3183,0.0023
6142,AUTODATA SOLUTIONS INC_SOW (2)_copy_225.pdf,1.6114,14.1367,0.3185,0.0023
6143,AUTODATA SOLUTIONS INC_SOW (2)_copy_226.pdf,1.6,14.1406,0.3187,0.0023
6144,AUTODATA SOLUTIONS INC_SOW (2)_copy_227.pdf,1.5991,14.1445,0.3189,0.0023
6145,AUTODATA SOLUTIONS INC_SOW (2)_copy_228.pdf,1.5976,14.1523,0.3191,0.0023
6146,AUTODATA SOLUTIONS INC_SOW (2)_copy_229.pdf,1.6163,14.1562,0.3193,0.0023
6147,AUTODATA SOLUTIONS INC_SOW (2)_copy_23.pdf,1.5844,14.1602,0.3195,0.0023
6148,AUTODATA SOLUTIONS INC_SOW (2)_copy_230.pdf,1.5981,14.1641,0.3197,0.0023
6149,AUTODATA SOLUTIONS INC_SOW (2)_copy_231.pdf,1.5926,14.168,0.3199,0.0023
6150,AUTODATA SOLUTIONS INC_SOW (2)_copy_232.pdf,1.6023,14.1719,0.3202,0.0023
6151,AUTODATA SOLUTIONS INC_SOW (2)_copy_233.pdf,1.5961,14.1758,0.3204,0.0023
6152,AUTODATA SOLUTIONS INC_SOW (2)_copy_234.pdf,1.6027,14.1797,0.3206,0.0023
6153,AUTODATA SOLUTIONS INC_SOW (2)_copy_235.pdf,1.6012,14.1875,0.3208,0.0023
6154,AUTODATA SOLUTIONS INC_SOW (2)_copy_236.pdf,1.5929,14.1914,0.321,0.0023
6155,AUTODATA SOLUTIONS INC_SOW (2)_copy_237.pdf,1.6041,14.1953,0.3212,0.0023
6156,AUTODATA SOLUTIONS INC_SOW (2)_copy_238.pdf,1.6358,14.1992,0.3214,0.0023
6157,AUTODATA SOLUTIONS INC_SOW (2)_copy_239.pdf,1.6264,14.2031,0.3216,0.0023
6158,AUTODATA SOLUTIONS INC_SOW (2)_copy_24.pdf,1.6119,14.207,0.3218,0.0023
6159,AUTODATA SOLUTIONS INC_SOW (2)_copy_240.pdf,1.5924,14.2109,0.322,0.0023
6160,AUTODATA SOLUTIONS INC_SOW (2)_copy_241.pdf,1.5961,14.2148,0.3222,0.0023
6161,AUTODATA SOLUTIONS INC_SOW (2)_copy_242.pdf,1.5996,14.2227,0.3224,0.0023
6162,AUTODATA SOLUTIONS INC_SOW (2)_copy_243.pdf,1.6027,14.2266,0.3227,0.0023
6163,AUTODATA SOLUTIONS INC_SOW (2)_copy_244.pdf,1.5875,14.2305,0.3229,0.0023
6164,AUTODATA SOLUTIONS INC_SOW (2)_copy_245.pdf,1.6018,14.2344,0.3231,0.0023
6165,AUTODATA SOLUTIONS INC_SOW (2)_copy_246.pdf,1.6081,14.2383,0.3233,0.0023
6166,AUTODATA SOLUTIONS INC_SOW (2)_copy_247.pdf,1.5895,14.2422,0.3235,0.0023
6167,AUTODATA SOLUTIONS INC_SOW (2)_copy_248.pdf,1.6521,14.2461,0.3237,0.0023
6168,AUTODATA SOLUTIONS INC_SOW (2)_copy_249.pdf,1.6796,14.25,0.3239,0.0023
6169,AUTODATA SOLUTIONS INC_SOW (2)_copy_25.pdf,1.5938,14.2578,0.3241,0.0023
6170,AUTODATA SOLUTIONS INC_SOW (2)_copy_250.pdf,1.6014,14.2617,0.3243,0.0023
6171,AUTODATA SOLUTIONS INC_SOW (2)_copy_251.pdf,1.6,14.2656,0.3245,0.0023
6172,AUTODATA SOLUTIONS INC_SOW (2)_copy_252.pdf,1.6008,14.2695,0.3247,0.0023
6173,AUTODATA SOLUTIONS INC_SOW (2)_copy_253.pdf,1.6146,14.2734,0.3249,0.0023
6174,AUTODATA SOLUTIONS INC_SOW (2)_copy_254.pdf,1.5888,14.2773,0.3252,0.0023
6175,AUTODATA SOLUTIONS INC_SOW (2)_copy_255.pdf,1.5953,14.2812,0.3254,0.0023
6176,AUTODATA SOLUTIONS INC_SOW (2)_copy_256.pdf,1.5874,14.2852,0.3256,0.0023
6177,AUTODATA SOLUTIONS INC_SOW (2)_copy_257.pdf,1.6042,14.2969,0.3258,0.0023
6178,AUTODATA SOLUTIONS INC_SOW (2)_copy_258.pdf,1.5976,14.3008,0.326,0.0023
6179,AUTODATA SOLUTIONS INC_SOW (2)_copy_259.pdf,1.5991,14.3047,0.3262,0.0023
6180,AUTODATA SOLUTIONS INC_SOW (2)_copy_26.pdf,1.5931,14.3086,0.3264,0.0023
6181,AUTODATA SOLUTIONS INC_SOW (2)_copy_260.pdf,1.6026,14.3125,0.3266,0.0023
6182,AUTODATA SOLUTIONS INC_SOW (2)_copy_261.pdf,1.5998,14.3164,0.3268,0.0023
6183,AUTODATA SOLUTIONS INC_SOW (2)_copy_262.pdf,1.5953,14.3203,0.327,0.0023
6184,AUTODATA SOLUTIONS INC_SOW (2)_copy_263.pdf,1.5963,14.3242,0.3272,0.0023
6185,AUTODATA SOLUTIONS INC_SOW (2)_copy_264.pdf,1.5987,14.332,0.3274,0.0023
6186,AUTODATA SOLUTIONS INC_SOW (2)_copy_265.pdf,1.6059,14.3359,0.3276,0.0023
6187,AUTODATA SOLUTIONS INC_SOW (2)_copy_266.pdf,1.6154,14.3398,0.3278,0.0023
6188,AUTODATA SOLUTIONS INC_SOW (2)_copy_267.pdf,1.6197,14.3438,0.328,0.0023
6189,AUTODATA SOLUTIONS INC_SOW (2)_copy_268.pdf,1.6238,14.3477,0.3282,0.0023
6190,AUTODATA SOLUTIONS INC_SOW (2)_copy_269.pdf,1.6034,14.3516,0.3285,0.0023
6191,AUTODATA SOLUTIONS INC_SOW (2)_copy_27.pdf,1.599,14.3555,0.3287,0.0023
6192,AUTODATA SOLUTIONS INC_SOW (2)_copy_270.pdf,1.6065,14.3594,0.3289,0.0023
6193,AUTODATA SOLUTIONS INC_SOW (2)_copy_271.pdf,1.593,14.3672,0.3291,0.0023
6194,AUTODATA SOLUTIONS INC_SOW (2)_copy_272.pdf,1.5982,14.3711,0.3293,0.0023
6195,AUTODATA SOLUTIONS INC_SOW (2)_copy_273.pdf,1.6062,14.375,0.3295,0.0023
6196,AUTODATA SOLUTIONS INC_SOW (2)_copy_274.pdf,1.6004,14.3789,0.3297,0.0023
6197,AUTODATA SOLUTIONS INC_SOW (2)_copy_275.pdf,1.6174,14.3828,0.3299,0.0023
6198,AUTODATA SOLUTIONS INC_SOW (2)_copy_276.pdf,1.6327,14.3867,0.3301,0.0023
6199,AUTODATA SOLUTIONS INC_SOW (2)_copy_277.pdf,1.6023,14.3906,0.3303,0.0023
6200,AUTODATA SOLUTIONS INC_SOW (2)_copy_278.pdf,1.6001,14.3945,0.3305,0.0023
6201,AUTODATA SOLUTIONS INC_SOW (2)_copy_279.pdf,1.595,14.4023,0.3307,0.0023
6202,AUTODATA SOLUTIONS INC_SOW (2)_copy_28.pdf,1.601,14.4062,0.3309,0.0023
6203,AUTODATA SOLUTIONS INC_SOW (2)_copy_280.pdf,1.5961,14.4102,0.3311,0.0023
6204,AUTODATA SOLUTIONS INC_SOW (2)_copy_281.pdf,1.6054,14.4141,0.3313,0.0023
6205,AUTODATA SOLUTIONS INC_SOW (2)_copy_282.pdf,1.5982,14.418,0.3315,0.0023
6206,AUTODATA SOLUTIONS INC_SOW (2)_copy_283.pdf,1.5958,14.4219,0.3317,0.0023
6207,AUTODATA SOLUTIONS INC_SOW (2)_copy_284.pdf,1.6059,14.4258,0.3319,0.0023
6208,AUTODATA SOLUTIONS INC_SOW (2)_copy_285.pdf,1.5998,14.4297,0.3322,0.0023
6209,AUTODATA SOLUTIONS INC_SOW (2)_copy_286.pdf,1.6342,14.4375,0.3324,0.0023
6210,AUTODATA SOLUTIONS INC_SOW (2)_copy_287.pdf,1.6183,14.4414,0.3326,0.0023
6211,AUTODATA SOLUTIONS INC_SOW (2)_copy_288.pdf,1.6008,14.4453,0.3328,0.0023
6212,AUTODATA SOLUTIONS INC_SOW (2)_copy_289.pdf,1.5973,14.4492,0.333,0.0023
6213,AUTODATA SOLUTIONS INC_SOW (2)_copy_29.pdf,1.5962,14.4531,0.3332,0.0023
6214,AUTODATA SOLUTIONS INC_SOW (2)_copy_290.pdf,1.6044,14.457,0.3334,0.0023
6215,AUTODATA SOLUTIONS INC_SOW (2)_copy_291.pdf,1.5979,14.4609,0.3336,0.0023
6216,AUTODATA SOLUTIONS INC_SOW (2)_copy_292.pdf,1.6022,14.4648,0.3338,0.0023
6217,AUTODATA SOLUTIONS INC_SOW (2)_copy_293.pdf,1.5993,14.4727,0.334,0.0023
6218,AUTODATA SOLUTIONS INC_SOW (2)_copy_294.pdf,1.5963,14.4766,0.3342,0.0023
6219,AUTODATA SOLUTIONS INC_SOW (2)_copy_295.pdf,1.5983,14.4805,0.3344,0.0023
6220,AUTODATA SOLUTIONS INC_SOW (2)_copy_296.pdf,1.5992,14.4844,0.3346,0.0023
6221,AUTODATA SOLUTIONS INC_SOW (2)_copy_297.pdf,1.5967,14.4883,0.3348,0.0023
6222,AUTODATA SOLUTIONS INC_SOW (2)_copy_298.pdf,1.6076,14.4922,0.335,0.0023
6223,AUTODATA SOLUTIONS INC_SOW (2)_copy_299.pdf,1.6108,14.4961,0.3352,0.0023
6224,AUTODATA SOLUTIONS INC_SOW (2)_copy_3.pdf,1.6,14.5,0.3354,0.0023
6225,AUTODATA SOLUTIONS INC_SOW (2)_copy_30.pdf,1.6521,14.5078,0.3356,0.0023
6226,AUTODATA SOLUTIONS INC_SOW (2)_copy_300.pdf,1.5947,14.5117,0.3358,0.0023
6227,AUTODATA SOLUTIONS INC_SOW (2)_copy_301.pdf,1.6038,14.5156,0.336,0.0023
6228,AUTODATA SOLUTIONS INC_SOW (2)_copy_302.pdf,1.6032,14.5195,0.3362,0.0023
6229,AUTODATA SOLUTIONS INC_SOW (2)_copy_303.pdf,1.6291,14.5234,0.3364,0.0023
6230,AUTODATA SOLUTIONS INC_SOW (2)_copy_304.pdf,1.6218,14.5273,0.3367,0.0023
6231,AUTODATA SOLUTIONS INC_SOW (2)_copy_305.pdf,1.6034,14.5312,0.3369,0.0023
6232,AUTODATA SOLUTIONS INC_SOW (2)_copy_306.pdf,1.5967,14.5352,0.3371,0.0023
6233,AUTODATA SOLUTIONS INC_SOW (2)_copy_307.pdf,1.602,14.543,0.3373,0.0023
6234,AUTODATA SOLUTIONS INC_SOW (2)_copy_308.pdf,1.6099,14.5469,0.3375,0.0023
6235,AUTODATA SOLUTIONS INC_SOW (2)_copy_309.pdf,1.6515,14.5508,0.3377,0.0023
6236,AUTODATA SOLUTIONS INC_SOW (2)_copy_31.pdf,1.6041,14.5547,0.3379,0.0023
6237,AUTODATA SOLUTIONS INC_SOW (2)_copy_310.pdf,1.6294,14.5586,0.3381,0.0023
6238,AUTODATA SOLUTIONS INC_SOW (2)_copy_311.pdf,1.6323,14.5625,0.3383,0.0023
6239,AUTODATA SOLUTIONS INC_SOW (2)_copy_312.pdf,1.6002,14.5664,0.3385,0.0023
6240,AUTODATA SOLUTIONS INC_SOW (2)_copy_313.pdf,1.6071,14.5703,0.3387,0.0023
6241,AUTODATA SOLUTIONS INC_SOW (2)_copy_314.pdf,1.6612,14.5781,0.3389,0.0023
6242,AUTODATA SOLUTIONS INC_SOW (2)_copy_315.pdf,1.6603,14.582,0.3391,0.0023
6243,AUTODATA SOLUTIONS INC_SOW (2)_copy_316.pdf,1.6682,14.5859,0.3393,0.0023
6244,AUTODATA SOLUTIONS INC_SOW (2)_copy_317.pdf,1.6596,14.5898,0.3395,0.0023
6245,AUTODATA SOLUTIONS INC_SOW (2)_copy_318.pdf,1.6647,14.5938,0.3398,0.0023
6246,AUTODATA SOLUTIONS INC_SOW (2)_copy_319.pdf,1.6643,14.5977,0.34,0.0023
6247,AUTODATA SOLUTIONS INC_SOW (2)_copy_32.pdf,1.7051,14.6016,0.3402,0.0023
6248,AUTODATA SOLUTIONS INC_SOW (2)_copy_320.pdf,1.6252,14.6055,0.3404,0.0023
6249,AUTODATA SOLUTIONS INC_SOW (2)_copy_321.pdf,1.5995,14.6172,0.3406,0.0023
6250,AUTODATA SOLUTIONS INC_SOW (2)_copy_322.pdf,1.5983,14.6211,0.3408,0.0023
6251,AUTODATA SOLUTIONS INC_SOW (2)_copy_323.pdf,1.5994,14.625,0.341,0.0023
6252,AUTODATA SOLUTIONS INC_SOW (2)_copy_324.pdf,1.5939,14.6289,0.3412,0.0023
6253,AUTODATA SOLUTIONS INC_SOW (2)_copy_325.pdf,1.6004,14.6328,0.3414,0.0023
6254,AUTODATA SOLUTIONS INC_SOW (2)_copy_326.pdf,1.6182,14.6367,0.3416,0.0023
6255,AUTODATA SOLUTIONS INC_SOW (2)_copy_327.pdf,1.5897,14.6406,0.3418,0.0023
6256,AUTODATA SOLUTIONS INC_SOW (2)_copy_328.pdf,1.5951,14.6445,0.342,0.0023
6257,AUTODATA SOLUTIONS INC_SOW (2)_copy_329.pdf,1.635,14.6523,0.3422,0.0023
6258,AUTODATA SOLUTIONS INC_SOW (2)_copy_33.pdf,1.6037,14.6562,0.3424,0.0023
6259,AUTODATA SOLUTIONS INC_SOW (2)_copy_330.pdf,1.6217,14.6602,0.3426,0.0023
6260,AUTODATA SOLUTIONS INC_SOW (2)_copy_331.pdf,1.6038,14.6641,0.3428,0.0023
6261,AUTODATA SOLUTIONS INC_SOW (2)_copy_332.pdf,1.6003,14.668,0.343,0.0023
6262,AUTODATA SOLUTIONS INC_SOW (2)_copy_333.pdf,1.5921,14.6719,0.3432,0.0023
6263,AUTODATA SOLUTIONS INC_SOW (2)_copy_334.pdf,1.6006,14.6758,0.3434,0.0023
6264,AUTODATA SOLUTIONS INC_SOW (2)_copy_335.pdf,1.6,14.6797,0.3436,0.0023
6265,AUTODATA SOLUTIONS INC_SOW (2)_copy_336.pdf,1.6024,14.6875,0.3438,0.0023
6266,AUTODATA SOLUTIONS INC_SOW (2)_copy_337.pdf,1.5938,14.6914,0.344,0.0023
6267,AUTODATA SOLUTIONS INC_SOW (2)_copy_338.pdf,1.6068,14.6953,0.3442,0.0023
6268,AUTODATA SOLUTIONS INC_SOW (2)_copy_339.pdf,1.6119,14.6992,0.3444,0.0023
6269,AUTODATA SOLUTIONS INC_SOW (2)_copy_34.pdf,1.637,14.7031,0.3446,0.0023
6270,AUTODATA SOLUTIONS INC_SOW (2)_copy_340.pdf,1.6084,14.707,0.3448,0.0023
6271,AUTODATA SOLUTIONS INC_SOW (2)_copy_341.pdf,1.5981,14.7109,0.345,0.0023
6272,AUTODATA SOLUTIONS INC_SOW (2)_copy_342.pdf,1.6077,14.7148,0.3452,0.0023
6273,AUTODATA SOLUTIONS INC_SOW (2)_copy_343.pdf,1.6338,14.7227,0.3454,0.0023
6274,AUTODATA SOLUTIONS INC_SOW (2)_copy_344.pdf,1.6167,14.7266,0.3456,0.0023
6275,AUTODATA SOLUTIONS INC_SOW (2)_copy_345.pdf,1.6202,14.7305,0.3458,0.0023
6276,AUTODATA SOLUTIONS INC_SOW (2)_copy_346.pdf,1.6452,14.7344,0.3461,0.0023
6277,AUTODATA SOLUTIONS INC_SOW (2)_copy_347.pdf,1.6003,14.7383,0.3463,0.0023
6278,AUTODATA SOLUTIONS INC_SOW (2)_copy_348.pdf,1.6085,14.7422,0.3465,0.0023
6279,AUTODATA SOLUTIONS INC_SOW (2)_copy_349.pdf,1.6032,14.7461,0.3467,0.0023
6280,AUTODATA SOLUTIONS INC_SOW (2)_copy_35.pdf,1.5893,14.75,0.3469,0.0023
6281,AUTODATA SOLUTIONS INC_SOW (2)_copy_350.pdf,1.5953,14.7578,0.3471,0.0023
6282,AUTODATA SOLUTIONS INC_SOW (2)_copy_351.pdf,1.5947,14.7617,0.3473,0.0023
6283,AUTODATA SOLUTIONS INC_SOW (2)_copy_352.pdf,1.5993,14.7656,0.3475,0.0024
6284,AUTODATA SOLUTIONS INC_SOW (2)_copy_353.pdf,1.6097,14.7695,0.3477,0.0024
6285,AUTODATA SOLUTIONS INC_SOW (2)_copy_354.pdf,1.591,14.7734,0.3478,0.0024
6286,AUTODATA SOLUTIONS INC_SOW (2)_copy_355.pdf,1.608,14.7773,0.348,0.0024
6287,AUTODATA SOLUTIONS INC_SOW (2)_copy_356.pdf,1.6007,14.7812,0.3482,0.0024
6288,AUTODATA SOLUTIONS INC_SOW (2)_copy_357.pdf,1.6057,14.7852,0.3484,0.0024
6289,AUTODATA SOLUTIONS INC_SOW (2)_copy_358.pdf,1.6465,14.793,0.3487,0.0024
6290,AUTODATA SOLUTIONS INC_SOW (2)_copy_359.pdf,1.6077,14.7969,0.3489,0.0024
6291,AUTODATA SOLUTIONS INC_SOW (2)_copy_36.pdf,1.5962,14.8008,0.3491,0.0024
6292,AUTODATA SOLUTIONS INC_SOW (2)_copy_360.pdf,1.6012,14.8047,0.3493,0.0024
6293,AUTODATA SOLUTIONS INC_SOW (2)_copy_361.pdf,1.5974,14.8086,0.3495,0.0024
6294,AUTODATA SOLUTIONS INC_SOW (2)_copy_362.pdf,1.5963,14.8125,0.3496,0.0024
6295,AUTODATA SOLUTIONS INC_SOW (2)_copy_363.pdf,1.5979,14.8164,0.3498,0.0024
6296,AUTODATA SOLUTIONS INC_SOW (2)_copy_364.pdf,1.5976,14.8203,0.35,0.0024
6297,AUTODATA SOLUTIONS INC_SOW (2)_copy_365.pdf,1.5962,14.8281,0.3502,0.0024
6298,AUTODATA SOLUTIONS INC_SOW (2)_copy_366.pdf,1.6053,14.832,0.3504,0.0024
6299,AUTODATA SOLUTIONS INC_SOW (2)_copy_367.pdf,1.5989,14.8359,0.3506,0.0024
6300,AUTODATA SOLUTIONS INC_SOW (2)_copy_368.pdf,1.6158,14.8398,0.3508,0.0024
6301,AUTODATA SOLUTIONS INC_SOW (2)_copy_369.pdf,1.6429,14.8438,0.351,0.0024
6302,AUTODATA SOLUTIONS INC_SOW (2)_copy_37.pdf,1.6014,14.8477,0.3512,0.0024
6303,AUTODATA SOLUTIONS INC_SOW (2)_copy_370.pdf,1.5999,14.8516,0.3514,0.0024
6304,AUTODATA SOLUTIONS INC_SOW (2)_copy_371.pdf,1.5999,14.8555,0.3516,0.0024
6305,AUTODATA SOLUTIONS INC_SOW (2)_copy_372.pdf,1.6569,14.8633,0.3518,0.0024
6306,AUTODATA SOLUTIONS INC_SOW (2)_copy_373.pdf,1.626,14.8672,0.3521,0.0024
6307,AUTODATA SOLUTIONS INC_SOW (2)_copy_374.pdf,1.644,14.8711,0.3523,0.0024
6308,AUTODATA SOLUTIONS INC_SOW (2)_copy_375.pdf,1.602,14.875,0.3525,0.0024
6309,AUTODATA SOLUTIONS INC_SOW (2)_copy_376.pdf,1.6194,14.8789,0.3527,0.0024
6310,AUTODATA SOLUTIONS INC_SOW (2)_copy_377.pdf,1.6355,14.8828,0.3529,0.0024
6311,AUTODATA SOLUTIONS INC_SOW (2)_copy_378.pdf,1.6038,14.8867,0.3531,0.0024
6312,AUTODATA SOLUTIONS INC_SOW (2)_copy_379.pdf,1.5981,14.8906,0.3533,0.0024
6313,AUTODATA SOLUTIONS INC_SOW (2)_copy_38.pdf,1.6003,14.8984,0.3535,0.0024
6314,AUTODATA SOLUTIONS INC_SOW (2)_copy_380.pdf,1.5994,14.9023,0.3536,0.0024
6315,AUTODATA SOLUTIONS INC_SOW (2)_copy_381.pdf,1.6095,14.9062,0.3538,0.0024
6316,AUTODATA SOLUTIONS INC_SOW (2)_copy_382.pdf,1.5894,14.9102,0.354,0.0024
6317,AUTODATA SOLUTIONS INC_SOW (2)_copy_383.pdf,1.5919,14.9141,0.3542,0.0024
6318,AUTODATA SOLUTIONS INC_SOW (2)_copy_384.pdf,1.6027,14.918,0.3544,0.0024
6319,AUTODATA SOLUTIONS INC_SOW (2)_copy_385.pdf,1.6021,14.9219,0.3546,0.0024
6320,AUTODATA SOLUTIONS INC_SOW (2)_copy_386.pdf,1.6244,14.9258,0.3548,0.0024
6321,AUTODATA SOLUTIONS INC_SOW (2)_copy_387.pdf,1.6368,14.9375,0.355,0.0024
6322,AUTODATA SOLUTIONS INC_SOW (2)_copy_388.pdf,1.6006,14.9414,0.3552,0.0024
6323,AUTODATA SOLUTIONS INC_SOW (2)_copy_389.pdf,1.5982,14.9453,0.3554,0.0024
6324,AUTODATA SOLUTIONS INC_SOW (2)_copy_39.pdf,1.6007,14.9492,0.3556,0.0024
6325,AUTODATA SOLUTIONS INC_SOW (2)_copy_390.pdf,1.5979,14.9531,0.3558,0.0024
6326,AUTODATA SOLUTIONS INC_SOW (2)_copy_391.pdf,1.6,14.957,0.356,0.0024
6327,AUTODATA SOLUTIONS INC_SOW (2)_copy_392.pdf,1.6011,14.9609,0.3562,0.0024
6328,AUTODATA SOLUTIONS INC_SOW (2)_copy_393.pdf,1.5975,14.9648,0.3564,0.0024
6329,AUTODATA SOLUTIONS INC_SOW (2)_copy_394.pdf,1.5994,14.9727,0.3566,0.0024
6330,AUTODATA SOLUTIONS INC_SOW (2)_copy_395.pdf,1.6105,14.9766,0.3568,0.0024
6331,AUTODATA SOLUTIONS INC_SOW (2)_copy_396.pdf,1.6438,14.9805,0.357,0.0024
6332,AUTODATA SOLUTIONS INC_SOW (2)_copy_397.pdf,1.6181,14.9844,0.3572,0.0024
6333,AUTODATA SOLUTIONS INC_SOW (2)_copy_398.pdf,1.6495,14.9883,0.3574,0.0024
6334,AUTODATA SOLUTIONS INC_SOW (2)_copy_399.pdf,1.6017,14.9922,0.3576,0.0024
6335,AUTODATA SOLUTIONS INC_SOW (2)_copy_4.pdf,1.6,14.9961,0.3578,0.0024
6336,AUTODATA SOLUTIONS INC_SOW (2)_copy_40.pdf,1.5965,15.0,0.358,0.0024
6337,AUTODATA SOLUTIONS INC_SOW (2)_copy_400.pdf,1.5993,15.0078,0.3582,0.0024
6338,AUTODATA SOLUTIONS INC_SOW (2)_copy_401.pdf,1.6255,15.0117,0.3584,0.0024
6339,AUTODATA SOLUTIONS INC_SOW (2)_copy_402.pdf,1.6199,15.0156,0.3586,0.0024
6340,AUTODATA SOLUTIONS INC_SOW (2)_copy_403.pdf,1.6289,15.0195,0.3588,0.0024
6341,AUTODATA SOLUTIONS INC_SOW (2)_copy_404.pdf,1.5997,15.0234,0.359,0.0024
6342,AUTODATA SOLUTIONS INC_SOW (2)_copy_405.pdf,1.6542,15.0273,0.3592,0.0024
6343,AUTODATA SOLUTIONS INC_SOW (2)_copy_406.pdf,1.6021,15.0312,0.3594,0.0024
6344,AUTODATA SOLUTIONS INC_SOW (2)_copy_407.pdf,1.5947,15.0352,0.3596,0.0024
6345,AUTODATA SOLUTIONS INC_SOW (2)_copy_408.pdf,1.5987,15.043,0.3598,0.0024
6346,AUTODATA SOLUTIONS INC_SOW (2)_copy_409.pdf,1.6016,15.0469,0.36,0.0024
6347,AUTODATA SOLUTIONS INC_SOW (2)_copy_41.pdf,1.6029,15.0508,0.3602,0.0024
6348,AUTODATA SOLUTIONS INC_SOW (2)_copy_410.pdf,1.6089,15.0547,0.3604,0.0024
6349,AUTODATA SOLUTIONS INC_SOW (2)_copy_411.pdf,1.6482,15.0586,0.3606,0.0024
6350,AUTODATA SOLUTIONS INC_SOW (2)_copy_412.pdf,1.598,15.0625,0.3608,0.0024
6351,AUTODATA SOLUTIONS INC_SOW (2)_copy_413.pdf,1.5994,15.0664,0.361,0.0024
6352,AUTODATA SOLUTIONS INC_SOW (2)_copy_414.pdf,1.6006,15.0703,0.3612,0.0024
6353,AUTODATA SOLUTIONS INC_SOW (2)_copy_415.pdf,1.5979,15.0781,0.3614,0.0024
6354,AUTODATA SOLUTIONS INC_SOW (2)_copy_416.pdf,1.6013,15.082,0.3615,0.0024
6355,AUTODATA SOLUTIONS INC_SOW (2)_copy_417.pdf,1.5929,15.0859,0.3617,0.0024
6356,AUTODATA SOLUTIONS INC_SOW (2)_copy_418.pdf,1.6036,15.0898,0.3619,0.0024
6357,AUTODATA SOLUTIONS INC_SOW (2)_copy_419.pdf,1.5953,15.0938,0.3621,0.0024
6358,AUTODATA SOLUTIONS INC_SOW (2)_copy_42.pdf,1.5987,15.0977,0.3623,0.0024
6359,AUTODATA SOLUTIONS INC_SOW (2)_copy_420.pdf,1.5995,15.1016,0.3625,0.0024
6360,AUTODATA SOLUTIONS INC_SOW (2)_copy_421.pdf,1.6031,15.1055,0.3627,0.0024
6361,AUTODATA SOLUTIONS INC_SOW (2)_copy_422.pdf,1.6166,15.1133,0.3629,0.0024
6362,AUTODATA SOLUTIONS INC_SOW (2)_copy_423.pdf,1.6131,15.1172,0.3631,0.0024
6363,AUTODATA SOLUTIONS INC_SOW (2)_copy_424.pdf,1.6297,15.1211,0.3633,0.0024
6364,AUTODATA SOLUTIONS INC_SOW (2)_copy_425.pdf,1.6065,15.125,0.3635,0.0024
6365,AUTODATA SOLUTIONS INC_SOW (2)_copy_426.pdf,1.6012,15.1289,0.3637,0.0024
6366,AUTODATA SOLUTIONS INC_SOW (2)_copy_427.pdf,1.5992,15.1328,0.3639,0.0024
6367,AUTODATA SOLUTIONS INC_SOW (2)_copy_428.pdf,1.5996,15.1367,0.3641,0.0024
6368,AUTODATA SOLUTIONS INC_SOW (2)_copy_429.pdf,1.6011,15.1406,0.3643,0.0024
6369,AUTODATA SOLUTIONS INC_SOW (2)_copy_43.pdf,1.6155,15.1484,0.3645,0.0024
6370,AUTODATA SOLUTIONS INC_SOW (2)_copy_430.pdf,1.637,15.1523,0.3647,0.0024
6371,AUTODATA SOLUTIONS INC_SOW (2)_copy_431.pdf,1.6038,15.1562,0.3649,0.0024
6372,AUTODATA SOLUTIONS INC_SOW (2)_copy_432.pdf,1.623,15.1602,0.3651,0.0024
6373,AUTODATA SOLUTIONS INC_SOW (2)_copy_433.pdf,1.633,15.1641,0.3653,0.0024
6374,AUTODATA SOLUTIONS INC_SOW (2)_copy_434.pdf,1.6003,15.168,0.3655,0.0024
6375,AUTODATA SOLUTIONS INC_SOW (2)_copy_435.pdf,1.5976,15.1719,0.3657,0.0024
6376,AUTODATA SOLUTIONS INC_SOW (2)_copy_436.pdf,1.6002,15.1758,0.3658,0.0024
6377,AUTODATA SOLUTIONS INC_SOW (2)_copy_437.pdf,1.5991,15.1836,0.366,0.0024
6378,AUTODATA SOLUTIONS INC_SOW (2)_copy_438.pdf,1.5984,15.1875,0.3662,0.0024
6379,AUTODATA SOLUTIONS INC_SOW (2)_copy_439.pdf,1.656,15.1914,0.3664,0.0024
6380,AUTODATA SOLUTIONS INC_SOW (2)_copy_44.pdf,1.6381,15.1953,0.3666,0.0024
6381,AUTODATA SOLUTIONS INC_SOW (2)_copy_440.pdf,1.6367,15.1992,0.3668,0.0024
6382,AUTODATA SOLUTIONS INC_SOW (2)_copy_441.pdf,1.601,15.2031,0.367,0.0024
6383,AUTODATA SOLUTIONS INC_SOW (2)_copy_442.pdf,1.5998,15.207,0.3672,0.0024
6384,AUTODATA SOLUTIONS INC_SOW (2)_copy_443.pdf,1.5985,15.2109,0.3674,0.0024
6385,AUTODATA SOLUTIONS INC_SOW (2)_copy_444.pdf,1.6284,15.2188,0.3676,0.0024
6386,AUTODATA SOLUTIONS INC_SOW (2)_copy_445.pdf,1.6041,15.2227,0.3678,0.0024
6387,AUTODATA SOLUTIONS INC_SOW (2)_copy_446.pdf,1.6251,15.2266,0.368,0.0024
6388,AUTODATA SOLUTIONS INC_SOW (2)_copy_447.pdf,1.5967,15.2305,0.3682,0.0024
